year,grant,sub,num,id,subject,title,author,school,money,dueration
2008,国际(地区)合作与交流项目,A01,1,10811130560,A050305,超重核的结构与合成机制的研究,左维,中国科学院近代物理研究所,1.0,2009-01至2009-12
2008,国际(地区)合作与交流项目,A01,2,10811130077,A0503,超重核的结构与合成机制的研究,左维,中国科学院近代物理研究所,0.9,2008-05至2008-12
2008,国际(地区)合作与交流项目,A01,3,50820135101,E010502,多场耦合环境下强取向铁磁形状记忆合金的制备与表征,左良,东北大学,100.0,2009-01至2012-12
2008,国际(地区)合作与交流项目,A01,4,20811140087,B020106,半导体光催化材料高效太阳能制氢和环境净化的研究,邹志刚,南京大学,23.1,2008-04至2010-12
2008,国际(地区)合作与交流项目,A01,5,10811140325,A040408,基于三能级和二能级系统四波混频技术的光脉冲存储,卓仲畅,吉林大学,4.6,2008-06至2010-05
2008,国际(地区)合作与交流项目,A01,6,10810301067,A050306,国际奇异夸克物质大会2008,庄鹏飞,清华大学,6.0,2008-10至2009-03
2008,国际(地区)合作与交流项目,A01,7,60820106004,F04,半导体光电子集成器件设计、研制与封装,祝宁华,中国科学院半导体研究所,100.0,2009-01至2012-12
2008,国际(地区)合作与交流项目,A01,8,70810107023,G0305,可持续的农地非农化治理结构研究——中德比较,诸培新,南京农业大学,4.0,2008-09至2010-07
2008,国际(地区)合作与交流项目,A01,9,30801220251,H0215,"NSFC-CIHR""中加健康合作研究计划""项目联合评审会",朱毅,北京大学,1.3,2008-06至2008-12
2008,国际(地区)合作与交流项目,A01,10,30810103909,C170106,仔猪肠道健康营养调控的微生物组学研究,朱伟云,南京农业大学,100.0,2009-01至2012-12
2008,国际(地区)合作与交流项目,A01,11,70810107002,G0209,绿色供应链管理动力模型研究,朱庆华,大连理工大学,2.8,2008-05至2008-12
2008,国际(地区)合作与交流项目,A01,12,40811130194,D020104,后生动物生态系统的起源,朱茂炎,中国科学院南京地质古生物研究所,4.5,2008-04至2008-08
2008,国际(地区)合作与交流项目,A01,13,50831160521,E01,纳米材料的输运性质的表面依赖性,朱静,清华大学,30.0,2009-01至2011-12
2008,国际(地区)合作与交流项目,A01,14,30881240372,C0606,2008东北亚肿瘤表观学会议,朱景德,上海市肿瘤研究所,6.6,2008-11至2008-12
2008,国际(地区)合作与交流项目,A01,15,30810303019,C06,第二届上海发育和疾病表观遗传学/亚洲表观遗传组学联盟的第三次年会,朱景德,上海市肿瘤研究所,4.0,2008-05至2008-10
2008,国际(地区)合作与交流项目,A01,16,60881220294,F050902,中美前沿科学研讨会,朱劲松,国家纳米科学中心,40.0,2008-07至2008-12
2008,国际(地区)合作与交流项目,A01,17,30810303071,H0214,“高血压研究未来展望”国际研讨会,朱鼎良,上海交通大学,3.0,2008-09至2009-02
2008,国际(地区)合作与交流项目,A01,18,10810301058,A0108,“2008年Boltzmann方程及其相关领域前沿问题”国际学术会议,朱长江,华中师范大学,2.0,2008-10至2009-04
2008,国际(地区)合作与交流项目,A01,19,30831160518,H0713,脂肪酸结合蛋白作为诊断与治疗糖尿病血管并发症靶分子的价值及机制研究,周智广,中南大学,31.0,2009-01至2011-12
2008,国际(地区)合作与交流项目,A01,20,70810307026,G0305,纪念改革开放30周年：“农村改革与发展：面对21世纪新挑战”国际学术研讨会,周应恒,南京农业大学,3.0,2008-10至2008-12
2008,国际(地区)合作与交流项目,A01,21,30811120423,H1206,视皮层中边界分割感知的神经机制,周逸峰,中国科学技术大学,45.0,2009-01至2011-12
2008,国际(地区)合作与交流项目,A01,22,40881320499,D0708,湖泊富营养化过程的机制与修复策略(NSFC-RFBR双边研讨会),周易勇,中国科学院水生生物研究所,9.6,2009-01至2009-12
2008,国际(地区)合作与交流项目,A01,23,10810301025,A0302,2008年东亚青年天文学者会议,周旭,中国科学院国家天文台,5.0,2008-07至2008-12
2008,国际(地区)合作与交流项目,A01,24,20810302010,B08,第十二届亚太化工联盟会议,周兴贵,华东理工大学,3.0,2008-01至2008-12
2008,国际(地区)合作与交流项目,A01,25,10810301027,A0403,量子操控光子与原子国际研讨会,周小计,北京大学,5.0,2008-10至2009-04
2008,国际(地区)合作与交流项目,A01,26,30881220455,H0107,哮喘及COPD患者黏液纤毛功能障碍的发生机制(NSFC-RFBR双边研讨会),周向东,重庆医科大学,3.41,2009-01至2009-12
2008,国际(地区)合作与交流项目,A01,27,20810302032,B01,ISCOC-10 & ISCIC-7,周锡庚,复旦大学,12.0,2008-07至2008-12
2008,国际(地区)合作与交流项目,A01,28,30811260174,H1211,两岸四地眼科青年学者先锋论坛,周薇,上海交通大学,1.0,2008-06至2008-12
2008,国际(地区)合作与交流项目,A01,29,40881230062,D0508,中英气候变化学术研讨会,周天军,中国科学院大气物理研究所,1.0,2008-02至2008-08
2008,国际(地区)合作与交流项目,A01,30,10811130561,A050305,超重核结构与合成机制的研究,周善贵,中国科学院理论物理研究所,4.4,2009-01至2010-12
2008,国际(地区)合作与交流项目,A01,31,50881220268,E020801,中美材料科学双边学术研讨会,周仁贤,浙江大学,1.1,2008-06至2008-12
2008,国际(地区)合作与交流项目,A01,32,30810303006,C06,国际临床级干细胞库研讨会,周琪,中国科学院动物研究所,4.0,2008-04至2008-04
2008,国际(地区)合作与交流项目,A01,33,60810306044,F0104,第四届计算机游戏开发软件研究国际会议,周明全,北京师范大学,4.0,2008-12至2009-06
2008,国际(地区)合作与交流项目,A01,34,40811140535,D0608,中印赤潮对比研究,周名江,中国科学院海洋研究所,8.0,2009-01至2011-12
2008,国际(地区)合作与交流项目,A01,35,40810304023,D0305,第12届国际释光和电子自旋共振年代测定大会,周力平,北京大学,5.0,2008-07至2008-12
2008,国际(地区)合作与交流项目,A01,36,50811140341,E0910,深海输油管线的损伤机理和健康监测研究,周晶,大连理工大学,7.0,2008-06至2010-05
2008,国际(地区)合作与交流项目,A01,37,30811120026,C05,Est3蛋白在酵母端粒复制中的作用,周金秋,中国科学院上海生命科学研究院,8.0,2008-01至2009-12
2008,国际(地区)合作与交流项目,A01,38,60811120021,F050602,光子晶体中荧光的高效与定向发射控制研究,周建英,中山大学,9.0,2008-01至2009-12
2008,国际(地区)合作与交流项目,A01,39,50811120049,E0207,嵌埋纳米功能结构的光子带隙的制备与光局域研究,周济,清华大学,9.0,2008-01至2010-12
2008,国际(地区)合作与交流项目,A01,40,10810301037,A0108,偏微分方程及其相关问题国际会议,周焕松,中国科学院武汉物理与数学研究所,3.0,2008-10至2008-12
2008,国际(地区)合作与交流项目,A01,41,10810301007,A040215,第二届亚太统计物理及其交叉学科应用国际讲学班,周海军,中国科学院理论物理研究所,5.0,2008-03至2008-03
2008,国际(地区)合作与交流项目,A01,42,30811120424,H0913,基于同步EEG/fMRI技术研究典型及非典型性失神发作的癫痫神经环路特征,周东,四川大学,45.0,2009-01至2011-12
2008,国际(地区)合作与交流项目,A01,43,10811130244,A0503,理论和计算高能物理,周代梅,华中师范大学,1.1,2008-04至2009-08
2008,国际(地区)合作与交流项目,A01,44,60810306027,F0106,2008中日微波会议,钟顺时,上海大学,2.0,2008-07至2008-12
2008,国际(地区)合作与交流项目,A01,45,70810107024,G0305,农业保险与中国农业可持续发展,钟甫宁,南京农业大学,2.5,2008-09至2009-09
2008,国际(地区)合作与交流项目,A01,46,50810305070,E090105,江河治理与开发国际学术研讨会,钟登华,天津大学,3.0,2009-01至2009-10
2008,国际(地区)合作与交流项目,A01,47,70810107006,G03,国际贸易、FDI对环境的影响：浙江案例,钟昌标,宁波大学,2.0,2008-01至2008-12
2008,国际(地区)合作与交流项目,A01,48,10811240161,A01,数学算法和证明暑期班,支丽红,中国科学院数学与系统科学研究院,1.2,2008-08至2008-08
2008,国际(地区)合作与交流项目,A01,49,30811130217,C0204,LEA蛋白在高等生物细胞中的耐脱水机制——蛋白质稳定功能,郑易之,深圳大学,8.14,2008-01至2009-12
2008,国际(地区)合作与交流项目,A01,50,30811120205,C0915,Akt-FOXO传导通路在精神病中的作用,郑文华,中山大学,4.0,2008-01至2008-12
2008,国际(地区)合作与交流项目,A01,51,10811360173,A040214,第六届海峡两岸生物学启发的理论问题研讨会,郑伟谋,中国科学院理论物理研究所,4.0,2008-06至2008-12
2008,国际(地区)合作与交流项目,A01,52,40810104012,D0201,根据化石保存研究贵州凯里生物群沉积特征,赵元龙,贵州大学,1.5,2008-06至2008-12
2008,国际(地区)合作与交流项目,A01,53,10810301017,A050301,上海原子核结构国际会议,赵玉民,上海交通大学,4.0,2008-03至2008-12
2008,国际(地区)合作与交流项目,A01,54,50810305038,E05,2008产品开发与可靠性进展国际学术会议,赵永翔,西南交通大学,5.0,2008-08至2009-05
2008,国际(地区)合作与交流项目,A01,55,70810107019,G03,中国健康与养老追踪调查试调查培训,赵耀辉,北京大学,3.0,2008-11至2008-12
2008,国际(地区)合作与交流项目,A01,56,50810105045,E0502,一种不可展曲纹环面蜗杆传动修形原理及制造技术研究,赵亚平,武汉科技大学,2.0,2008-11至2009-10
2008,国际(地区)合作与交流项目,A01,57,20811260310,B070603,2008化学生物学学术研讨会,赵新生,北京大学,1.0,2008-10至2008-12
2008,国际(地区)合作与交流项目,A01,58,20811340320,B0807,中韩生物能源前沿研讨会,赵心清,大连理工大学,8.0,2008-10至2008-12
2008,国际(地区)合作与交流项目,A01,59,60810306006,F02,第11届可满足性问题的理论与应用国际会议,赵希顺,中山大学,4.0,2008-05至2008-05
2008,国际(地区)合作与交流项目,A01,60,30811120425,H1005,衣原体生殖道感染的宿主天然免疫反应:NKT细胞的功能研究,赵蔚明,山东大学,45.0,2009-01至2011-12
2008,国际(地区)合作与交流项目,A01,61,50810305042,E0501,2008中国机构与机器科学国际会议(第16届中国机构学会议)暨海峡两岸第4届机构学研讨会(CCMMS 2008),赵铁石,燕山大学,3.0,2008-07至2009-05
2008,国际(地区)合作与交流项目,A01,62,70810307005,G02,第六届企业跨国经营国际研讨会——转型经济中的企业管理,赵曙明,南京大学,2.5,2008-06至2008-12
2008,国际(地区)合作与交流项目,A01,63,50811140156,E030901,作为有机半导体材料的盘状液晶的分子设计、合成及性能研究,赵可清,四川师范大学,8.4,2008-01至2010-12
2008,国际(地区)合作与交流项目,A01,64,40881220144,D0407,2008年度中美地震科技合作双边研讨会,赵俊猛,中国科学院青藏高原研究所,1.1,2008-04至2008-12
2008,国际(地区)合作与交流项目,A01,65,10881230378,A0402,中英纳米自旋电子学研讨会,赵建华,中国科学院半导体研究所,2.6,2008-09至2008-12
2008,国际(地区)合作与交流项目,A01,66,10811130226,A0307,共轨限制性三体问题在近地天体动力学中的应用,赵海斌,中国科学院紫金山天文台,3.95,2008-06至2008-12
2008,国际(地区)合作与交流项目,A01,67,40810304027,D0404,组织承办“第十九届国际地球电磁感应学术讨论会”,赵国泽,中国地震局地质研究所,7.0,2008-07至2008-12
2008,国际(地区)合作与交流项目,A01,68,10881240300,A0303,中韩精确视向速度天文学研讨会,赵刚,中国科学院国家天文台,5.0,2008-06至2008-12
2008,国际(地区)合作与交流项目,A01,69,10811260001,A0303,太空中的有机物质,赵刚,中国科学院国家天文台,2.1,2008-02至2008-12
2008,国际(地区)合作与交流项目,A01,70,10811140091,A03,太阳系外行星搜寻的研究,赵刚,中国科学院国家天文台,25.7,2008-04至2010-12
2008,国际(地区)合作与交流项目,A01,71,20810302006,B0304,中法超临界流体技术应用研讨会,赵凤玉,中国科学院长春应用化学研究所,2.0,2008-06至2008-06
2008,国际(地区)合作与交流项目,A01,72,10811130076,A050305,超重核的结构与合成机制的研究,赵恩广,中国科学院理论物理研究所,2.64,2008-05至2009-07
2008,国际(地区)合作与交流项目,A01,73,10811120555,A050305,超重核结构与合成动力学研究,赵恩广,中国科学院理论物理研究所,9.0,2009-01至2010-12
2008,国际(地区)合作与交流项目,A01,74,20821140537,B03,新结构介孔材料的合成、功能化及其应用,赵东元,复旦大学,150.0,2008-10至2010-09
2008,国际(地区)合作与交流项目,A01,75,10810301034,A0112,第二届最优化与系统生物学国际研讨会,章祥荪,中国科学院数学与系统科学研究院,3.0,2008-10至2008-12
2008,国际(地区)合作与交流项目,A01,76,70881230082,G030703,NSFC-RSE爱丁堡双边会议,张宗益,重庆大学,1.1,2008-03至2008-08
2008,国际(地区)合作与交流项目,A01,77,30810103037,H3008,肿瘤基因治疗及RNA药物作用靶点的筛选,张振中,郑州大学,1.2,2008-07至2008-12
2008,国际(地区)合作与交流项目,A01,78,10811240166,A040306,材料与原子阱中的强关联研讨会,张云波,山西大学,1.3,2008-08至2008-12
2008,国际(地区)合作与交流项目,A01,79,30810303088,H0608,第5届亚洲线粒体研究与医学学会年会暨中国线粒体2008国际学术会议,张勇,天津体育学院,6.0,2008-11至2009-04
2008,国际(地区)合作与交流项目,A01,80,30810303070,C0901,中英双边神经变性病模式生物研究研讨会,张永清,中国科学院遗传与发育生物学研究所,4.0,2008-09至2009-02
2008,国际(地区)合作与交流项目,A01,81,30810103042,H2610,不同亚型脑卒中基线炎症标志物水平、易感基因及其与预后的关系,张永红,苏州大学,4.8,2008-07至2008-12
2008,国际(地区)合作与交流项目,A01,82,10811110530,A01,IIASA会费,张英兰,国家自然科学基金委员会,355.4928,2008-07至2008-12
2008,国际(地区)合作与交流项目,A01,83,30810303039,C0607,第七届亚太生物信息学大会(APBC2009),张学工,清华大学,4.0,2009-01至2009-06
2008,国际(地区)合作与交流项目,A01,84,30801220250,C0604,2008年度中加健康研究合作计划联合评审会/工作会议,张学,中国医学科学院,1.3,2008-06至2008-12
2008,国际(地区)合作与交流项目,A01,85,10810301030,A050207,第四届TeV粒子天体物理国际研讨会,张新民,中国科学院高能物理研究所,4.0,2008-09至2008-12
2008,国际(地区)合作与交流项目,A01,86,10810401065,A030302,盱馀施密特望远镜暂现源监测,张孝斌,中国科学院国家天文台,1.0,2008-07至2009-03
2008,国际(地区)合作与交流项目,A01,87,30831160512,C190101,弧菌毒力因子对鱼类细胞保护和细胞调亡的作用研究,张晓华,中国海洋大学,31.5,2009-01至2011-12
2008,国际(地区)合作与交流项目,A01,88,30810103911,C130406,利用叶绿体转化生产高强度抗虫棉及其育种应用,张献龙,华中农业大学,80.0,2009-01至2011-12
2008,国际(地区)合作与交流项目,A01,89,20881330067,B0106,多级自组装的结构与功能,张希,清华大学,19.0,2008-03至2008-08
2008,国际(地区)合作与交流项目,A01,90,20821130471,B020302,多层次的分子组装体：结构、动态与功能,张希,清华大学,600.0,2009-01至2012-12
2008,国际(地区)合作与交流项目,A01,91,10811240162,A010303,Hitchin-Kobayashi对应的推广,张希,浙江大学,1.2,2008-06至2009-12
2008,国际(地区)合作与交流项目,A01,92,30811120096,C1804,隐孢子虫病毒介导的转染和表达系统的建立,张西臣,吉林大学,6.0,2008-01至2009-12
2008,国际(地区)合作与交流项目,A01,93,40881240315,D0409,第9届三维地震波激发模拟、传播和反演研讨会,张文生,中国科学院数学与系统科学研究院,1.3,2008-09至2008-12
2008,国际(地区)合作与交流项目,A01,94,50820145203,E0204,高性能纳米复合热电材料,张文清,中国科学院上海硅酸盐研究所,120.0,2009-01至2012-12
2008,国际(地区)合作与交流项目,A01,95,10810301056,A0105,国际全纯函数空间理论学术研讨会)暨第二届全国全纯函数空间理论学术会议,张文俊,深圳大学,2.0,2008-11至2009-03
2008,国际(地区)合作与交流项目,A01,96,30810103004,H2603,SePP1 GPX3基因敲除小鼠甲状腺病理及甲状腺相关激素水平变化的研究,张万起,天津医科大学,1.6,2008-03至2009-03
2008,国际(地区)合作与交流项目,A01,97,50810305017,E010301,第六届国际块体非晶合金会议,张涛,北京航空航天大学,4.0,2008-07至2009-04
2008,国际(地区)合作与交流项目,A01,98,50881230532,E060702,中丹可再生能源研讨会,张锁江,中国科学院过程工程研究所,1.0,2008-10至2008-12
2008,国际(地区)合作与交流项目,A01,99,20810302045,B08,第一届亚太离子液体与绿色过程会议,张锁江,中国科学院过程工程研究所,4.0,2008-11至2008-12
2008,国际(地区)合作与交流项目,A01,100,30810103063,C130404,大豆疫霉根腐病抗耐性种质资源筛选及抗病基因定位,张淑珍,东北农业大学,2.0,2008-10至2009-10
2008,国际(地区)合作与交流项目,A01,101,30810303034,C040301,第十届国际生物技术、金属络合物和催化学术研讨会,张守涛,郑州大学,4.0,2008-05至2008-10
2008,国际(地区)合作与交流项目,A01,102,30881240309,C1002,第六届中韩生物材料与纳米生物技术研讨会,张胜民,华中科技大学,7.0,2008-10至2008-12
2008,国际(地区)合作与交流项目,A01,103,10811120281,A011702,各向异性复杂流体的建模、分析和计算及其应用,张胜,南开大学,8.0,2008-01至2009-12
2008,国际(地区)合作与交流项目,A01,104,60810306050,F020808,2008年IEEE服务运作、物流与信息年会,张润彤,北京交通大学,4.0,2008-12至2009-06
2008,国际(地区)合作与交流项目,A01,105,60820106003,F0401,室温稀释磁性半导体材料和性质研究,张荣,南京大学,80.0,2009-01至2012-12
2008,国际(地区)合作与交流项目,A01,106,10810301005,A020316,基于MEMS的光学读出红外成像研究,张青川,中国科学技术大学,4.0,2008-02至2008-07
2008,国际(地区)合作与交流项目,A01,107,40810104013,D0711,中美西风带石笋同位素记录在MIS5与11期间的对比研究,张平中,兰州大学,3.0,2008-06至2008-12
2008,国际(地区)合作与交流项目,A01,108,10881330464,A011701,量子系统和半导体器件：分析，模拟和应用,张平文,北京大学,12.0,2009-01至2009-06
2008,国际(地区)合作与交流项目,A01,109,30811260199,H1211,2008全球眼科大会——两岸四地眼科研讨工作坊,张美霞,四川大学,1.0,2008-06至2008-12
2008,国际(地区)合作与交流项目,A01,110,60810306013,F010106,2008年世界通信大会,张林,清华大学,6.0,2008-05至2008-12
2008,国际(地区)合作与交流项目,A01,111,50881240128,E060704,中泰可再生能源技术进展联合研讨会,张亮,哈尔滨工程大学,0.6,2008-01至2008-08
2008,国际(地区)合作与交流项目,A01,112,30811130224,C010501,陆地生态系统中硝化菌的生物多样性与生态功能相互关系研究,张丽梅,中国科学院生态环境研究中心,6.02,2008-01至2009-12
2008,国际(地区)合作与交流项目,A01,113,70810307009,G0115,保险公司的投资组合问题的研究,张丽宏,清华大学,2.4,2008-07至2008-12
2008,国际(地区)合作与交流项目,A01,114,20831160506,B0702,钙信号传导调控酶CD38拮抗剂的化学合成与功能研究,张礼和,北京大学,32.0,2009-01至2011-12
2008,国际(地区)合作与交流项目,A01,115,20811260198,B0702,2008化学生物学学术研讨会,张礼和,北京大学,1.0,2008-10至2008-11
2008,国际(地区)合作与交流项目,A01,116,20811120043,B03,氮气氛溅射石墨法沉积DLC-C2N薄膜的结构、电学及摩擦学特性研究,张俊彦,中国科学院兰州化学物理研究所,9.0,2008-01至2009-12
2008,国际(地区)合作与交流项目,A01,117,10881340296,A030401,第二届中印太阳物理合作会议,张军,中国科学院国家天文台,7.0,2008-08至2008-12
2008,国际(地区)合作与交流项目,A01,118,10810101047,A020203,动力学理论与应用研究,张景瑞,北京理工大学,1.2,2008-07至2008-12
2008,国际(地区)合作与交流项目,A01,119,10810301044,A0404,第三届超强激光科学和应用国际会议,张杰,上海交通大学,7.5,2008-10至2008-12
2008,国际(地区)合作与交流项目,A01,120,50810305014,E08,土木与建筑工程计算机技术,张建平,清华大学,4.0,2008-10至2008-10
2008,国际(地区)合作与交流项目,A01,121,30881240299,C05,第12届中韩区域生物工程研讨会,张嘉宁,大连医科大学,7.0,2008-08至2008-12
2008,国际(地区)合作与交流项目,A01,122,30810103007,C060101,番木瓜芥子酶基因的克隆表达和酶学特性研究,张家明,中国热带农业科学院,1.8,2008-03至2008-12
2008,国际(地区)合作与交流项目,A01,123,10811120019,A0503,深垒下核反应研究,张焕乔,中国原子能科学研究院,9.0,2008-01至2009-12
2008,国际(地区)合作与交流项目,A01,124,40881220006,D0201,中美古生物学和地质学合作讨论会,张华,中国科学院南京地质古生物研究所,1.0,2007-11至2007-11
2008,国际(地区)合作与交流项目,A01,125,10810301015,A050408,第一届深圳核技术应用国际研讨会,张鸿,深圳大学,2.0,2008-05至2008-11
2008,国际(地区)合作与交流项目,A01,126,10810101001,A020317,基于模拟的工程科学研究,张洪武,大连理工大学,2.5,2007-12至2007-12
2008,国际(地区)合作与交流项目,A01,127,10810301063,A030405,2008年日全食国际研讨会—中国空间太阳望远镜科学讨论会,张洪起,中国科学院国家天文台,6.0,2008-07至2009-04
2008,国际(地区)合作与交流项目,A01,128,10811240303,A05,参加国际理论物理中心smr1954活动,张宏浩,中山大学,1.3,2008-07至2008-12
2008,国际(地区)合作与交流项目,A01,129,30811260242,H1625,眼发育调控基因Pax6在促进视网膜母细胞瘤发生发展中的意义及其分子机理的研究,张浩,北京市眼科研究所,1.0,2008-08至2008-12
2008,国际(地区)合作与交流项目,A01,130,60810306023,F040507,2008年宽禁带半导体暑期学校,张国义,北京大学,9.0,2008-07至2008-12
2008,国际(地区)合作与交流项目,A01,131,30811120114,C130402,中国和澳大利亚大麦基因型在耐酸(铝)毒上的基因互作,张国平,浙江大学,9.0,2008-01至2010-12
2008,国际(地区)合作与交流项目,A01,132,20881340122,B070102,中泰天然产物化学与药物研究研讨会,张国林,中国科学院成都生物研究所,16.0,2008-05至2008-08
2008,国际(地区)合作与交流项目,A01,133,20810102049,B0705,干扰素样活性小分子的筛选、分离与结构鉴定,张国林,中国科学院成都生物研究所,7.0,2008-12至2009-11
2008,国际(地区)合作与交流项目,A01,134,10811120014,A050301,中子与原子核相互作用机制研究,张国辉,北京大学,9.0,2008-01至2009-12
2008,国际(地区)合作与交流项目,A01,135,10811240168,A040212,材料和原子阱中强关联的讨论会,张国锋,中国科学院半导体研究所,1.3,2008-08至2008-12
2008,国际(地区)合作与交流项目,A01,136,30881340297,C1402,中-韩昆虫生物技术研讨会,张国安,华中农业大学,8.0,2008-08至2008-12
2008,国际(地区)合作与交流项目,A01,137,50811120106,E0108,发展下一代微电机械系统用新型纳米晶和非晶薄膜材料,张广平,中国科学院金属研究所,9.0,2008-01至2010-12
2008,国际(地区)合作与交流项目,A01,138,40811120029,D070101,石灰化水稻土和黑钙土中次生碳酸盐积累过程的比较研究,张甘霖,中国科学院南京土壤研究所,9.0,2008-01至2009-12
2008,国际(地区)合作与交流项目,A01,139,40811120035,D0709,持久性有机污染物的长距离迁移与区域循环,张干,中国科学院广州地球化学研究所,9.0,2008-01至2009-12
2008,国际(地区)合作与交流项目,A01,140,50881240129,E0712,新型风力发电机及其控制系统,张凤阁,沈阳工业大学,0.6,2008-01至2008-12
2008,国际(地区)合作与交流项目,A01,141,20811140133,B01,含有糖单元共轭分子的合成、自组装和在生物传感作用,张德清,中国科学院化学研究所,7.6,2008-04至2011-04
2008,国际(地区)合作与交流项目,A01,142,20810302033,B03,第二届中德化学前沿学术讨论会,张德清,中国科学院化学研究所,12.0,2008-10至2008-10
2008,国际(地区)合作与交流项目,A01,143,60881240371,F040104,ICTP-KFAS太阳能转换纳米科学联合会议(SMR1938),张道礼,华中科技大学,1.3,2008-10至2008-12
2008,国际(地区)合作与交流项目,A01,144,30810303057,C0305,群落生态学与中性理论国际研讨会,张大勇,北京师范大学,4.0,2008-07至2008-12
2008,国际(地区)合作与交流项目,A01,145,10811240165,A050106,规范引力理论研讨班,张承民,中国科学院国家天文台,1.2,2008-05至2008-08
2008,国际(地区)合作与交流项目,A01,146,40881240094,D041002,基于中山站极光和昭和站高频雷达探测的极区电离层－磁层耦合研究,张北辰,中国极地研究中心,8.4,2008-11至2008-11
2008,国际(地区)合作与交流项目,A01,147,30810303075,C05,肿瘤研究前沿论坛（CAMS-MRL分子肿瘤学研讨会议）,詹启敏,中国医学科学院,4.0,2008-09至2009-02
2008,国际(地区)合作与交流项目,A01,148,30801220356,C0703,"NSFC-CIHR""中加健康合作研究计划""项目联合评审会",詹启敏,中国医学科学院,1.3,2008-09至2008-12
2008,国际(地区)合作与交流项目,A01,149,40810304017,D02,第十三届冈瓦纳国际学术大会,翟明国,中国科学院地质与地球物理研究所,4.0,2008-03至2008-10
2008,国际(地区)合作与交流项目,A01,150,60811140346,F020701,量子保密通信系统中的编码技术研究,曾贵华,上海交通大学,7.0,2008-06至2010-05
2008,国际(地区)合作与交流项目,A01,151,20811130392,B0101,MTO-Schiff化合物合成及在烯烃环氧化中催化应用研究,臧树良,辽宁石油化工大学,2.25,2008-11至2009-12
2008,国际(地区)合作与交流项目,A01,152,10811240305,A05,材料和囚禁原子系统中的强关联,袁晓忠,上海交通大学,1.3,2008-08至2008-12
2008,国际(地区)合作与交流项目,A01,153,20881320004,B0807,第三届中美化学工程学科合作论坛,元英进,天津大学,11.0,2008-01至2008-12
2008,国际(地区)合作与交流项目,A01,154,60881320134,F0502,第三届先进半导体材料与器件中俄双边会议,俞育德,中国科学院半导体研究所,4.0,2008-01至2008-12
2008,国际(地区)合作与交流项目,A01,155,60881220448,F0502,第四届先进半导体材料和器件联合研讨会,俞育德,中国科学院半导体研究所,8.0,2009-01至2009-12
2008,国际(地区)合作与交流项目,A01,156,60810306010,F04,第三届先进半导体材料与器件中俄双边会议,俞育德,中国科学院半导体研究所,4.0,2008-04至2008-05
2008,国际(地区)合作与交流项目,A01,157,40881320442,D05,2008年北京奥运会及类似重大体育事件的临近天气预报和水文气象问题研讨会,俞小鼎,中国气象局气象干部培训学院,6.0,2009-01至2009-12
2008,国际(地区)合作与交流项目,A01,158,40810304015,D0101,第八届海湾环境管理学会国际大会：流域和河口和谐发展,俞立中,华东师范大学,4.0,2008-06至2008-12
2008,国际(地区)合作与交流项目,A01,159,20811260361,B0702,2008化学生物学学术研讨会,俞飚,中国科学院上海有机化学研究所,1.0,2008-10至2008-12
2008,国际(地区)合作与交流项目,A01,160,50810305024,E051102,第四届国际机械工程精密测量学术研讨会,余晓芬,合肥工业大学,4.0,2008-08至2009-05
2008,国际(地区)合作与交流项目,A01,161,50881230475,E0209,纳米光催化材料,余家国,武汉理工大学,1.3,2008-10至2008-12
2008,国际(地区)合作与交流项目,A01,162,50881220275,E0209,中美材料科学双边学术研讨会,余家国,武汉理工大学,1.1,2008-06至2008-12
2008,国际(地区)合作与交流项目,A01,163,30810303078,H0422,2008年新生儿感染研究国际学术研讨会,余加林,重庆医科大学,3.0,2008-10至2009-03
2008,国际(地区)合作与交流项目,A01,164,40810104037,D0210,扬子和华夏新元古代沉积岩物质组成的对比研究,于津海,南京大学,2.0,2008-07至2008-12
2008,国际(地区)合作与交流项目,A01,165,30810303072,C030801,生物能源及其对全球环境变化的影响,于贵瑞,中国科学院地理科学与资源研究所,4.0,2008-09至2009-02
2008,国际(地区)合作与交流项目,A01,166,40881320355,D0707,中-美地质微生物学双边学术研讨会,于炳松,中国地质大学（北京）,13.0,2008-08至2008-12
2008,国际(地区)合作与交流项目,A01,167,30811120426,H1602,FOXO转录因子调控DNA复制及其在肿瘤发生中的机理研究,尤涵,厦门大学,45.0,2009-01至2011-12
2008,国际(地区)合作与交流项目,A01,168,60810306049,F020501,形状造型国际会议,雍俊海,清华大学,4.0,2008-12至2009-06
2008,国际(地区)合作与交流项目,A01,169,30811140335,C130104,基于生物传感器的农产品安全信息的快速检测机理研究,应义斌,浙江大学,8.0,2008-06至2010-05
2008,国际(地区)合作与交流项目,A01,170,60811130083,F020106,连续状态空间上的谓词转换器语义,应明生,清华大学,2.17,2008-05至2008-08
2008,国际(地区)合作与交流项目,A01,171,50811120105,E050903,微光学元器件的纳米制造技术研究,尹韶辉,湖南大学,9.0,2008-01至2010-12
2008,国际(地区)合作与交流项目,A01,172,20810302003,B081005,第十六届大连化物所科学论坛-燃料电池,衣宝廉,中国科学院大连化学物理研究所,2.0,2008-05至2008-05
2008,国际(地区)合作与交流项目,A01,173,10821140159,A050506,CMS升级计划部分端部RPC的研制,叶沿林,北京大学,230.0,2008-01至2011-12
2008,国际(地区)合作与交流项目,A01,174,20811260200,B0702,2008化学生物学学术研讨会,叶新山,北京大学,1.0,2008-10至2008-11
2008,国际(地区)合作与交流项目,A01,175,20810302023,B0702,寡糖化合物的合成研究：方法及应用,叶新山,北京大学,4.0,2008-04至2008-12
2008,国际(地区)合作与交流项目,A01,176,70810107022,G0110,中美互联网用户行为模式比较及用户细分研究,叶强,哈尔滨工业大学,2.0,2008-02至2009-01
2008,国际(地区)合作与交流项目,A01,177,20881260493,B0702,2008年化学生物学学术研讨会(香港),姚祝军,中国科学院上海有机化学研究所,1.0,2008-10至2008-12
2008,国际(地区)合作与交流项目,A01,178,20811340317,B01,第三届亚洲国际有机化学前沿学术研讨会,姚祝军,中国科学院上海有机化学研究所,8.0,2008-10至2008-12
2008,国际(地区)合作与交流项目,A01,179,30810303032,C0703,细胞动力学与化学生物学国际研讨会,姚雪彪,中国科学技术大学,6.0,2008-07至2008-12
2008,国际(地区)合作与交流项目,A01,180,30831160510,H2803,基于化学代谢观点研究淫羊藿黄酮降低激素性骨坏死风险的作用机制,姚新生,暨南大学,36.0,2009-01至2011-12
2008,国际(地区)合作与交流项目,A01,181,50811120050,E021101,高温超导材料微结构控制和应用性能提高的研究,姚忻,上海交通大学,9.0,2008-01至2009-12
2008,国际(地区)合作与交流项目,A01,182,30810103002,C170106,动物肠道中大豆素降解菌的分子描述,姚文,南京农业大学,1.0,2008-01至2008-02
2008,国际(地区)合作与交流项目,A01,183,40810019001,D010104,青藏高原南部冰川与冰川补给湖泊变化的集成研究,姚檀栋,中国科学院青藏高原研究所,110.0,2009-01至2011-12
2008,国际(地区)合作与交流项目,A01,184,60810306047,F020101,中国理论计算机科学人才培养研讨会,姚期智,清华大学,4.0,2008-12至2009-06
2008,国际(地区)合作与交流项目,A01,185,60810306051,F030108,分布参数系统控制论国际会议,姚鹏飞,中国科学院数学与系统科学研究院,4.0,2008-12至2009-06
2008,国际(地区)合作与交流项目,A01,186,40810304043,D0708,人类干扰与生态修复——生态系统研究中的新方法国际会议,姚俊,中国地质大学（武汉）,4.0,2008-11至2008-12
2008,国际(地区)合作与交流项目,A01,187,20810102038,B0308,ADME/T预测方法研究,姚建华,中国科学院上海有机化学研究所,5.0,2009-01至2009-12
2008,国际(地区)合作与交流项目,A01,188,30811130223,C150705,中国和苏格兰酸性土壤系统中的硝化微生物研究,姚槐应,浙江大学,7.3,2008-01至2009-12
2008,国际(地区)合作与交流项目,A01,189,60810306031,F0303,APCCM'2008第八届亚太地区控制与测量国际会议,杨忠,南京航空航天大学,3.0,2008-07至2008-12
2008,国际(地区)合作与交流项目,A01,190,10810301070,A0501,International Conference on Frontiers of Degenerate Quantum Gases,杨振宁,清华大学,8.0,2008-10至2009-03
2008,国际(地区)合作与交流项目,A01,191,10811120558,A0108,调和分析及偏微分方程:最佳几何不等式非线性方程及应用,杨云雁,中国人民大学,4.7,2008-01至2009-12
2008,国际(地区)合作与交流项目,A01,192,50811120109,E060103,太阳能辅助热发电,杨勇平,华北电力大学,9.0,2008-01至2010-12
2008,国际(地区)合作与交流项目,A01,193,50810305062,E06,第四届国际绿色能源会议,杨勇平,华北电力大学,3.0,2008-12至2009-08
2008,国际(地区)合作与交流项目,A01,194,10810301074,A040504,第37届国际噪声控制工程大会暨展览会,杨亦春,中国科学院声学研究所,12.0,2008-10至2009-03
2008,国际(地区)合作与交流项目,A01,195,40881320498,D0603,海洋沉积与大洋矿产资源研讨会,杨耀民,国家海洋局第一海洋研究所,9.7,2009-01至2009-12
2008,国际(地区)合作与交流项目,A01,196,20810302005,B03,国际立体化学动力学会议,杨学明,中国科学院大连化学物理研究所,5.0,2008-10至2008-10
2008,国际(地区)合作与交流项目,A01,197,40881230064,D0507,中英气候变化学术研讨会,杨修群,南京大学,1.1,2008-02至2008-08
2008,国际(地区)合作与交流项目,A01,198,10810301019,A0108,图像处理与非线性偏微分方程国际会议,杨孝平,南京理工大学,2.5,2008-05至2008-11
2008,国际(地区)合作与交流项目,A01,199,40810104034,D020101,中国东部早白垩世两种掌鳞杉科植物的超微构造与比较解剖,杨小菊,中国科学院南京地质古生物研究所,1.5,2008-07至2008-12
2008,国际(地区)合作与交流项目,A01,200,10811140326,A050610,多类等离子体技术制备功能薄膜的应用研究,杨思泽,中国科学院物理研究所,7.0,2008-07至2010-06
2008,国际(地区)合作与交流项目,A01,201,30881240316,C0204,植物的遗传调控,杨淑华,中国农业大学,11.0,2008-10至2008-12
2008,国际(地区)合作与交流项目,A01,202,40881320501,D0511,中俄关于人工防雹和增雨新型催化技术和催化剂研究的研讨会,杨绍忠,中国气象科学研究院,8.5,2009-01至2009-12
2008,国际(地区)合作与交流项目,A01,203,50810305060,E0804,国际水协化学工业2008年国际会议,杨敏,中国科学院生态环境研究中心,4.0,2008-11至2009-06
2008,国际(地区)合作与交流项目,A01,204,60810306032,F0102,2008 IEEE国际神经网络与信号处理会议,杨绿溪,东南大学,4.0,2008-06至2008-12
2008,国际(地区)合作与交流项目,A01,205,50810305031,E080506,第六届国际软土地下工程学术大会,杨林德,同济大学,3.0,2008-07至2009-04
2008,国际(地区)合作与交流项目,A01,206,10810301059,A010504,时频分析及其应用国际研讨会,杨力华,中山大学,2.0,2008-12至2009-03
2008,国际(地区)合作与交流项目,A01,207,50810305012,E0707,2008国际电机与系统会议,杨凯,华中科技大学,4.0,2008-05至2008-09
2008,国际(地区)合作与交流项目,A01,208,70810107037,G0301,中国的教育不平等、收入分配与经济增长关系研究,杨俊,重庆大学,3.5,2008-11至2009-03
2008,国际(地区)合作与交流项目,A01,209,30811130394,C050201,转录激活因子-人类p100蛋白参与pre-mRNA剪接加工分子机制的研究,杨洁,天津医科大学,1.0,2008-06至2008-12
2008,国际(地区)合作与交流项目,A01,210,30811130531,C06,基于分子标记的转移性乳腺癌个体化治疗,杨焕明,深圳华大生命科学研究院,100.0,2009-01至2011-12
2008,国际(地区)合作与交流项目,A01,211,50810305011,E070401,2008工业技术国际会议,杨洪耕,四川大学,6.0,2008-04至2008-08
2008,国际(地区)合作与交流项目,A01,212,30810403035,H0713,小鼠FGF-21基因组织特异性表达抑制的体内代谢组学研究,杨刚毅,重庆医科大学,1.2,2008-07至2008-12
2008,国际(地区)合作与交流项目,A01,213,60810306026,F01,2008中国-爱尔兰信息与通信技术国际会议,杨放春,北京邮电大学,4.0,2008-06至2008-12
2008,国际(地区)合作与交流项目,A01,214,30811120115,H2803,金丝桃属植物与南药巴戟天质量标准及其抗炎、抗抑郁化学成分研究,杨得坡,中山大学,9.0,2008-01至2010-12
2008,国际(地区)合作与交流项目,A01,215,50811140089,E0901,黄河下游大型引黄灌区的生态水文问题研究,杨大文,清华大学,11.7,2008-04至2010-12
2008,国际(地区)合作与交流项目,A01,216,10811130243,A0503,理论和计算高能物理,杨纯斌,华中师范大学,3.94,2008-01至2008-12
2008,国际(地区)合作与交流项目,A01,217,40811120028,D0712,中全新世以来亚洲中部气候变化的集成研究,杨保,中国科学院寒区旱区环境与工程研究所,9.0,2008-01至2009-12
2008,国际(地区)合作与交流项目,A01,218,30811120204,H3102,中药复方丹参滴丸对缺血心肌保护作用新靶点——microRNA的分子机制研究,杨宝峰,哈尔滨医科大学,3.0,2008-01至2008-12
2008,国际(地区)合作与交流项目,A01,219,30810103069,C0204,植物抗病、抗高光和高温的分子机制,阳成伟,华南师范大学,1.4,2008-09至2009-02
2008,国际(地区)合作与交流项目,A01,220,10881230388,A0402,中英纳米自旋电子学研讨会,颜世申,山东大学,1.4,2008-09至2008-12
2008,国际(地区)合作与交流项目,A01,221,10810301078,A0403,第六届原子分子数据及其应用国际会议,颜君,北京应用物理与计算数学研究所,4.0,2008-10至2009-03
2008,国际(地区)合作与交流项目,A01,222,40811130248,D0603,南海北缘新生代海陆变迁：盆地碎屑沉积物及邻区岩体剥露过程的制约,闫义,中国科学院广州地球化学研究所,8.2,2008-04至2010-03
2008,国际(地区)合作与交流项目,A01,223,20810302021,B030704,聚合物形态结构,闫寿科,中国科学院化学研究所,4.0,2008-10至2008-10
2008,国际(地区)合作与交流项目,A01,224,50881220270,E0309,中美材料科学双边学术研讨会,闫东航,中国科学院长春应用化学研究所,1.1,2008-06至2008-12
2008,国际(地区)合作与交流项目,A01,225,30810303049,H3101,2008国际人参学术大会,薛燕,中国医学科学院,4.0,2008-09至2008-09
2008,国际(地区)合作与交流项目,A01,226,10821140536,A040203,亚10纳米线新奇的物理化学性质的探索,薛其坤,清华大学,150.0,2008-10至2010-09
2008,国际(地区)合作与交流项目,A01,227,40810104006,D0205,兰坪盆地流体大规模成矿动力学机制,薛春纪,中国地质大学（北京）,4.0,2008-06至2008-12
2008,国际(地区)合作与交流项目,A01,228,60811130211,F010605,电离层对长波长星载雷达的影响研究,许正文,中国电子科技集团公司第二十二研究所,3.18,2008-01至2009-12
2008,国际(地区)合作与交流项目,A01,229,50881220277,E02,中美材料科学双边学术研讨会,许宁生,中山大学,1.1,2008-07至2008-12
2008,国际(地区)合作与交流项目,A01,230,60820106001,F040403,SiGe应变沟道功率MOSFET器件研究,许军,清华大学,80.0,2009-01至2011-12
2008,国际(地区)合作与交流项目,A01,231,40821160550,D021102,汶川地震三维发震构造、现今运动状态和区域活动断层发震危险性综合评价,徐锡伟,中国地震局地质研究所,220.0,2009-01至2011-12
2008,国际(地区)合作与交流项目,A01,232,30881240154,H3106,抗流感药物研究新进展及技术创新研讨会,徐文方,山东大学,8.0,2008-08至2008-08
2008,国际(地区)合作与交流项目,A01,233,60811340323,F020303,第四届中韩高级网络技术研讨会,徐明伟,清华大学,8.0,2008-10至2008-12
2008,国际(地区)合作与交流项目,A01,234,50811120107,E0604,煤与高热值生物质衍生燃料混烧过程中成灰与灰沉积特性研究,徐明厚,华中科技大学,9.0,2008-01至2010-12
2008,国际(地区)合作与交流项目,A01,235,30810103077,H0801,采用hESC造血分化体系研究miR-125a在小儿AML发病中作用,徐令,中山大学,0.7,2008-10至2009-02
2008,国际(地区)合作与交流项目,A01,236,30811120427,H0923,干扰尾状核PTEN基因表达与孤独症发生机理研究,徐林,中国科学院昆明动物研究所,45.0,2009-01至2011-12
2008,国际(地区)合作与交流项目,A01,237,70810307028,G01,2008管理科学与工程管理国际会议,徐玖平,四川大学,3.0,2008-11至2008-12
2008,国际(地区)合作与交流项目,A01,238,70821140353,G030501,基于GIS技术的中国东北国有林区森林资源动态变化分析及政策模拟,徐晋涛,北京大学,100.0,2009-01至2011-12
2008,国际(地区)合作与交流项目,A01,239,50881230477,E0607,中丹可再生能源研讨会,徐建中,中国科学院工程热物理研究所,1.3,2008-10至2008-12
2008,国际(地区)合作与交流项目,A01,240,10811120279,A0504,生物分子不对称性起源的辐射机制研究,徐建华,中国科学院高能物理研究所,4.0,2008-06至2008-12
2008,国际(地区)合作与交流项目,A01,241,50881220266,E03,中美材料科学双边学术研讨会,徐坚,中国科学院化学研究所,1.1,2008-06至2008-12
2008,国际(地区)合作与交流项目,A01,242,70881340298,G02,第七届中韩双边质量研讨会,徐济超,中原工学院,8.0,2008-07至2008-12
2008,国际(地区)合作与交流项目,A01,243,50810305048,E0105,先进材料制备及性能国际会议,徐惠彬,北京航空航天大学,4.0,2008-10至2009-07
2008,国际(地区)合作与交流项目,A01,244,10810301029,A0503,第七届国际储存环核物理会议,徐瑚珊,中国科学院近代物理研究所,7.5,2008-09至2008-12
2008,国际(地区)合作与交流项目,A01,245,20811120039,B0304,SnO2基纳米复合氧化物薄膜组装及其表面/界面结构与气敏特性研究,徐刚,清华大学,9.0,2008-01至2009-12
2008,国际(地区)合作与交流项目,A01,246,30810103074,C020102,番荔枝科与肉豆蔻科花器官发育,徐凤霞,中国科学院华南植物园,1.4,2009-01至2009-12
2008,国际(地区)合作与交流项目,A01,247,30811120280,H0205,外源性精胺心肌保护作用的电生理机制研究,徐长庆,哈尔滨医科大学,8.0,2008-07至2008-12
2008,国际(地区)合作与交流项目,A01,248,50810305041,E051004,第四界世界维修大会,徐滨士,中国人民解放军陆军装甲兵学院,5.0,2008-11至2009-06
2008,国际(地区)合作与交流项目,A01,249,30801220249,C09,NSFC-CIHR“中加健康合作研究计划”项目联合评审会,熊志奇,中国科学院上海生命科学研究院,1.3,2008-06至2008-12
2008,国际(地区)合作与交流项目,A01,250,70810107035,G0302,基于计算金融实验方法的学习演化与仿真技术研究,熊熊,天津大学,2.0,2008-11至2009-06
2008,国际(地区)合作与交流项目,A01,251,40811140119,D0512,国际应用系统分析研究所青年科学家暑期项目,熊伟,中国农业科学院农业环境与可持续发展研究所,4.0,2008-06至2008-08
2008,国际(地区)合作与交流项目,A01,252,30801220252,H1005,NSFC-CIHR“中加健康合作研究计划”项目联合评审会,熊思东,复旦大学,1.3,2008-06至2008-12
2008,国际(地区)合作与交流项目,A01,253,10810301041,A0203,第三届航空宇航智能材料与结构国际研讨会,熊克,南京航空航天大学,1.5,2008-07至2008-12
2008,国际(地区)合作与交流项目,A01,254,50810305023,E050103,2008智能机器人与应用国际会议,熊蔡华,华中科技大学,4.0,2008-07至2009-05
2008,国际(地区)合作与交流项目,A01,255,10811240295,A050306,第六届强子物理国际会议（smr1942）,邢永忠,天水师范学院,1.3,2008-06至2008-12
2008,国际(地区)合作与交流项目,A01,256,20810102016,B0102,系列含有(V=O(OH)+)基配合物的设计、合成结构与生物活性研究,邢永恒,辽宁师范大学,1.5,2008-09至2008-09
2008,国际(地区)合作与交流项目,A01,257,20811140120,B0810,国际应用系统分析研究学会暑期青年科学家项目,邢新会,清华大学,4.0,2008-06至2008-08
2008,国际(地区)合作与交流项目,A01,258,20810302008,B0807,表面活性剂调控恶臭甲单胞杆胞内酶反应机理研究,邢新会,清华大学,2.0,2008-03至2008-04
2008,国际(地区)合作与交流项目,A01,259,60810306003,F050403,第四届国际超快现象与THz波国际学术研讨会,邢岐荣,天津大学,4.0,2008-03至2008-05
2008,国际(地区)合作与交流项目,A01,260,70881340132,G0306,中印社会参与式创新发展研讨会,邢鹂,中国农业科学院农业经济与发展研究所,2.0,2008-03至2008-08
2008,国际(地区)合作与交流项目,A01,261,10811120282,A011701,求微分方程组多解的计算理论和方法,谢资清,湖南师范大学,8.0,2008-01至2009-12
2008,国际(地区)合作与交流项目,A01,262,50810305036,E0203,陶瓷快速注射成形研究,谢志鹏,清华大学,3.0,2008-07至2009-04
2008,国际(地区)合作与交流项目,A01,263,30811120007,H0420,中国人种复发性葡萄胎发生的分子遗传学机制,谢幸,浙江大学,2.2,2008-01至2009-12
2008,国际(地区)合作与交流项目,A01,264,30811120144,C02,托氏藻属植物起源和系统发育研究,谢树莲,山西大学,2.0,2008-09至2008-12
2008,国际(地区)合作与交流项目,A01,265,30810303089,C060101,2008中国科学院植物分子生物学前沿国际研讨会：蛋白质修饰与植物信号传导及发育,谢旗,中国科学院遗传与发育生物学研究所,8.0,2008-11至2009-04
2008,国际(地区)合作与交流项目,A01,266,50811140340,E0511,复合材料冲击疲劳断裂实验与模拟研究,谢里阳,东北大学,4.6,2008-06至2010-05
2008,国际(地区)合作与交流项目,A01,267,30810303087,C0306,中美生态系统服务国际会议,谢高地,中国科学院地理科学与资源研究所,4.0,2008-10至2009-03
2008,国际(地区)合作与交流项目,A01,268,70810307015,G0313,2008国际都市圈发展论坛,谢富纪,上海交通大学,2.5,2008-12至2008-12
2008,国际(地区)合作与交流项目,A01,269,60811140343,F010104,多节点分级服务网络流体模型与拥塞控制,肖扬,北京交通大学,6.4,2008-06至2010-05
2008,国际(地区)合作与交流项目,A01,270,50810305047,E0805,第十届结构工程青年专家国际研讨会,肖岩,湖南大学,7.0,2008-10至2009-06
2008,国际(地区)合作与交流项目,A01,271,10810301013,A040414,第二届同步辐射纳米生物和医学成像国际研讨会,冼鼎昌,中国科学院高能物理研究所,4.0,2008-03至2008-09
2008,国际(地区)合作与交流项目,A01,272,20810302046,B040105,第二届国际微流控学会议,夏兴华,南京大学,5.0,2008-10至2008-12
2008,国际(地区)合作与交流项目,A01,273,30821140351,C130402,小麦慢条锈、慢白粉和非寄主抗性基因定位及其分子机理研究,夏先春,中国农业科学院作物科学研究所,100.0,2009-01至2011-12
2008,国际(地区)合作与交流项目,A01,274,40810104020,D0301,华北新生代玄武岩中深部岩石圈包体的流体地球化学,夏群科,中国科学技术大学,3.5,2008-05至2008-11
2008,国际(地区)合作与交流项目,A01,275,30811120428,H0912,TMP21的功能及其在阿尔茨海默病发生中的作用,夏昆,中南大学,45.0,2009-01至2011-12
2008,国际(地区)合作与交流项目,A01,276,10881230383,A0402,中英纳米体系自旋电子学双边会议,夏钶,中国科学院物理研究所,1.3,2008-09至2008-12
2008,国际(地区)合作与交流项目,A01,277,50881230483,E0210,中丹可再生能源研讨会,夏长荣,中国科学技术大学,1.2,2008-10至2008-12
2008,国际(地区)合作与交流项目,A01,278,20811260235,B0702,2008化学生物学学术讨论会,席真,南开大学,1.0,2008-06至2008-12
2008,国际(地区)合作与交流项目,A01,279,30811120203,H0220,C-反应蛋白异构体诱导内皮细胞功能失调的分子机制研究,武一,兰州大学,2.0,2008-01至2008-12
2008,国际(地区)合作与交流项目,A01,280,30811140092,C040204,中日小哺乳动物的地理亲缘关系与物种多样性进化,吴毅,广州大学,9.6,2008-04至2010-12
2008,国际(地区)合作与交流项目,A01,281,60810306030,F050103,第八届国际光储存研讨会/2008国际信息数据存储研讨会,吴谊群,中国科学院上海光学精密机械研究所,6.0,2008-11至2008-12
2008,国际(地区)合作与交流项目,A01,282,40821140541,D071404,利用高效微生物群落－植物耦合强化水体有机物及磷污染治理机理研究,吴晓磊,北京大学,100.0,2009-01至2011-12
2008,国际(地区)合作与交流项目,A01,283,70810307013,G01,CICALICS 2008年度学术研讨会：转型中的中国创新系统——技术利用与技术探索,吴晓波,浙江大学,2.5,2008-12至2008-12
2008,国际(地区)合作与交流项目,A01,284,60811140086,F03,泛在语音通信中的智能语音接口技术研究,吴玺宏,北京大学,14.6,2008-04至2010-12
2008,国际(地区)合作与交流项目,A01,285,60810306017,F0203,第三届网格与普适计算国际学术会议(第二版申请),吴松,华中科技大学,3.5,2008-05至2008-12
2008,国际(地区)合作与交流项目,A01,286,30810103905,C050103,TR3及其相互作用新蛋白的生物学和生理性功能研究,吴乔,厦门大学,120.0,2009-01至2012-12
2008,国际(地区)合作与交流项目,A01,287,60811140085,F040801,基于半导体低维结构的新型纳米集成电路的研究,吴南健,中国科学院半导体研究所,15.82,2008-04至2010-12
2008,国际(地区)合作与交流项目,A01,288,10881230380,A040203,纳米自旋电子学研讨会,吴明卫,中国科学技术大学,1.2,2008-09至2008-12
2008,国际(地区)合作与交流项目,A01,289,30810303008,C07,第七届国际细胞凋亡学会研讨会,吴家睿,中国科学院上海生命科学研究院,6.0,2008-06至2008-06
2008,国际(地区)合作与交流项目,A01,290,30810303076,H2718,第七届上海国际针灸临床与科研学术研讨会,吴焕淦,上海市中医药研究院,3.0,2008-09至2009-02
2008,国际(地区)合作与交流项目,A01,291,30811260229,H1209,CTLA4-Ig和bFGF基因修饰的RPE细胞移植治疗视网膜色素变性的实验研究,吴宏,吉林大学,1.0,2008-06至2008-12
2008,国际(地区)合作与交流项目,A01,292,10810301043,A03,科学新视野400—在望远镜发明四百年后关注天文学和宇宙观领域的重大问题,吴宏,中国科学院国家天文台,10.0,2008-10至2008-12
2008,国际(地区)合作与交流项目,A01,293,50811120110,E010502,"NiCoMnIn(Sn,Sb)磁性形状记忆材料的开发",吴光恒,中国科学院物理研究所,6.0,2008-01至2009-12
2008,国际(地区)合作与交流项目,A01,294,70810307007,G0104,第六届随机模型的矩阵解析方法国际会议,吴刚,中国科学院科技战略咨询研究院,2.6,2008-06至2008-12
2008,国际(地区)合作与交流项目,A01,295,50811260239,E0310,用于角膜细胞片工程的可降解纤维网络支架材料的研究,吴刚,华南理工大学,0.7,2008-06至2008-12
2008,国际(地区)合作与交流项目,A01,296,30811120429,H0201,APPL1介导脂联素心脏保护作用的功能研究,吴东海,中国科学院广州生物医药与健康研究院,45.0,2009-01至2011-12
2008,国际(地区)合作与交流项目,A01,297,30811120005,C0104,肉碱棕榈酰转移酶1c对脂肪细胞因子的调控研究,吴东海,中国科学院广州生物医药与健康研究院,2.0,2008-01至2008-12
2008,国际(地区)合作与交流项目,A01,298,30811120288,H2602,热休克蛋白70基因多态性及其抗体与冠心病关系的研究,邬堂春,华中科技大学,2.5,2008-01至2008-12
2008,国际(地区)合作与交流项目,A01,299,50881220278,E021301,中美材料科学双边学术研讨会,翁端,清华大学,1.1,2008-06至2008-12
2008,国际(地区)合作与交流项目,A01,300,50810305034,E02,国际能量储存与转换技术论坛,温兆银,中国科学院上海硅酸盐研究所,3.0,2008-07至2009-04
2008,国际(地区)合作与交流项目,A01,301,50810305026,E05,第5届中国摩擦学国际会议,温诗铸,清华大学,5.0,2008-09至2009-06
2008,国际(地区)合作与交流项目,A01,302,10811240150,A050204,参加规范理论/引力对应介绍学校,魏正涛,南开大学,1.2,2008-05至2008-08
2008,国际(地区)合作与交流项目,A01,303,30811130195,C01,木材腐朽菌分类学、系统发育和生物地理学研究,魏玉莲,中国科学院沈阳应用生态研究所,4.6,2008-10至2008-12
2008,国际(地区)合作与交流项目,A01,304,70881230081,G01,管理科学与公共政策,魏一鸣,中国科学院科技战略咨询研究院,1.0,2008-03至2008-08
2008,国际(地区)合作与交流项目,A01,305,30811260197,H1204,原发性开角型青光眼致病基因MYOC相互作用蛋白质的研究,魏雁涛,中山大学,0.7,2008-06至2008-12
2008,国际(地区)合作与交流项目,A01,306,40810404030,D070106,土壤微生物种群演变研究技术交流与培训,魏文学,中国科学院亚热带农业生态研究所,1.0,2008-07至2008-12
2008,国际(地区)合作与交流项目,A01,307,40881220145,D0408,2008中美地震科技讨论会,魏文博,中国地质大学（北京）,1.1,2008-04至2008-12
2008,国际(地区)合作与交流项目,A01,308,30811130544,C031301,中国和奥地利合成生物学生物安全和风险评价的合作研究,魏伟,中国科学院植物研究所,40.0,2009-01至2011-12
2008,国际(地区)合作与交流项目,A01,309,30810303064,C020601,欧亚植物遗传资源保护与利用研讨会,魏伟,中国科学院植物研究所,4.0,2008-07至2008-12
2008,国际(地区)合作与交流项目,A01,310,30811140336,C01,荒漠地衣结皮生物多样性和旱地人工恢复的探索性研究,魏江春,中国科学院微生物研究所,7.0,2008-06至2010-05
2008,国际(地区)合作与交流项目,A01,311,30810103901,C020202,英文版《中国藓类志》（Moss Flora of China)Vol. 5，7的编研修订,魏江春,中国科学院微生物研究所,80.0,2009-01至2011-12
2008,国际(地区)合作与交流项目,A01,312,30810303026,C0505,第二届IEEE生物信息与生物工程大会,魏冬青,上海交通大学,4.0,2008-05至2008-10
2008,国际(地区)合作与交流项目,A01,313,20810302012,B0301,计算化学的理论与应用国际会议,魏冬青,上海交通大学,6.0,2008-05至2008-12
2008,国际(地区)合作与交流项目,A01,314,10810301071,A0504,亚洲科学研讨会---强流质子加速器J-PARC上的前沿科学,韦杰,中国科学院高能物理研究所,5.0,2008-10至2009-03
2008,国际(地区)合作与交流项目,A01,315,60810306036,F01,11届国际通信系统会议,韦岗,华南理工大学,4.0,2008-08至2008-12
2008,国际(地区)合作与交流项目,A01,316,60801260495,F01,2008年NSFC-RGC联合项目评审会与学术讨论,韦岗,华南理工大学,0.6,2008-09至2008-12
2008,国际(地区)合作与交流项目,A01,317,60810306002,F05,2008年美国光学学会纳光子学专题会议,王著元,东南大学,4.0,2008-05至2008-05
2008,国际(地区)合作与交流项目,A01,318,50810305056,E051102,第七届国际仪器科学与控制技术学术研讨会,王中宇,北京航空航天大学,4.0,2008-10至2009-07
2008,国际(地区)合作与交流项目,A01,319,10881240306,A0504,第三届(2008)韩中先进信息功能薄膜研讨会,王志光,中国科学院近代物理研究所,6.5,2008-07至2008-12
2008,国际(地区)合作与交流项目,A01,320,50811120108,E020603,新结构亚微米碳材料作为锂离子电池负极材料研究,王兆翔,中国科学院物理研究所,6.0,2008-01至2009-12
2008,国际(地区)合作与交流项目,A01,321,50881220273,E02,中美材料科学双边学术研讨会,王占国,中国科学院半导体研究所,1.1,2008-06至2008-12
2008,国际(地区)合作与交流项目,A01,322,40810104005,D0201,贵州二叠系栖霞亚统精细生物地层研究和全球对比,王玥,中国科学院南京地质古生物研究所,2.0,2008-06至2008-12
2008,国际(地区)合作与交流项目,A01,323,30810303086,C010803,抗微生物剂在中国的研究和开发国际研讨会,王勇,南京大学,5.0,2008-11至2009-04
2008,国际(地区)合作与交流项目,A01,324,10810301018,A010802,非线性偏微分方程及应用国际会议,王勇,哈尔滨工业大学,1.5,2008-06至2008-12
2008,国际(地区)合作与交流项目,A01,325,30811130222,C14,与爱丁堡大学关于植物抗病和蛋白亚硝基化的合作研究,王义琴,中国科学院遗传与发育生物学研究所,4.65,2008-01至2009-12
2008,国际(地区)合作与交流项目,A01,326,10810101051,A050506,STAR-TOF Tray的安装调试,王义,清华大学,3.0,2008-06至2009-03
2008,国际(地区)合作与交流项目,A01,327,20810302029,B0201,第十四届国际催化会议会前会：烃的选择氧化和合成气转化催化国际研讨会,王野,厦门大学,5.0,2008-07至2008-12
2008,国际(地区)合作与交流项目,A01,328,30811120430,H0420,microRNA在先兆子痫发生中的作用,王雁玲,中国科学院动物研究所,45.0,2009-01至2011-12
2008,国际(地区)合作与交流项目,A01,329,10811120017,A011201,不适定反演问题的先验知识表达和数值最优化方法,王彦飞,中国科学院地质与地球物理研究所,9.0,2008-01至2009-12
2008,国际(地区)合作与交流项目,A01,330,60811120097,F010204,用于实时视频通信的无线中继网络的跨层联合优化,王亚峰,北京邮电大学,9.0,2008-01至2010-12
2008,国际(地区)合作与交流项目,A01,331,10810301073,A0404,2008年国际激光研讨会,王雪华,中山大学,4.0,2008-12至2009-03
2008,国际(地区)合作与交流项目,A01,332,30810303083,H3101,2008北京衰老和神经退行性疾病国际研讨会,王晓良,中国医学科学院,4.0,2008-10至2009-03
2008,国际(地区)合作与交流项目,A01,333,50881340160,E0804,NSFC-JST双边研讨会暨项目评估会议,王晓昌,西安建筑科技大学,18.9,2008-06至2008-08
2008,国际(地区)合作与交流项目,A01,334,10811130074,A020502,细胞附着行为的动力学研究,王向晖,华东师范大学,2.2,2008-01至2008-12
2008,国际(地区)合作与交流项目,A01,335,20810302027,B06,放射性核素和有机质的络合反应研讨会,王祥科,中国科学院合肥物质科学研究院,2.0,2008-05至2008-12
2008,国际(地区)合作与交流项目,A01,336,30810303045,C1102,2008北京国际生理学学术大会,王宪,北京大学,8.0,2008-07至2008-12
2008,国际(地区)合作与交流项目,A01,337,10811130210,A010503,关于拟共形映射和平面调和映射的研究,王仙桃,湖南师范大学,1.2,2008-06至2008-12
2008,国际(地区)合作与交流项目,A01,338,30881220259,H2501,2008年中加衰老研究双边研讨会,王文恭,北京大学,1.3,2008-05至2008-12
2008,国际(地区)合作与交流项目,A01,339,30810303038,C0604,亚洲第二届社区遗传学国际会议,王嵬,中国科学院大学,6.0,2008-07至2008-12
2008,国际(地区)合作与交流项目,A01,340,20810302055,B080304,中国颗粒学会第六届学术年会暨海峡两岸颗粒技术研讨会,王维,中国科学院过程工程研究所,5.0,2008-12至2009-03
2008,国际(地区)合作与交流项目,A01,341,30810303031,H1411,2008国际口腔及颅颌前沿研究研讨会,王松灵,首都医科大学,6.0,2008-07至2008-12
2008,国际(地区)合作与交流项目,A01,342,50810305040,E0506,第八届海内外青年设计与制造科学会议暨吴贤铭制造科学会议(ICFDM2008),王树新,天津大学,10.0,2008-09至2009-05
2008,国际(地区)合作与交流项目,A01,343,30811140332,C030801,气候变化背景下东亚森林土壤溶解有机碳动态变化的对比研究,王绍强,中国科学院地理科学与资源研究所,4.5,2008-06至2010-05
2008,国际(地区)合作与交流项目,A01,344,10810301016,A0504,第九届国际正电子与正电子素化学会议,王少阶,武汉大学,8.0,2008-05至2008-10
2008,国际(地区)合作与交流项目,A01,345,20811260188,B0702,2008化学生物学学术研讨会,王锐,兰州大学,1.0,2008-10至2008-11
2008,国际(地区)合作与交流项目,A01,346,50881240130,E060105,低品位余热高效利用的多效双重吸附制冷研究,王如竹,上海交通大学,0.34,2008-01至2008-08
2008,国际(地区)合作与交流项目,A01,347,50810305010,E060105,低品位余热高效利用的多效双重吸附制冷研究,王如竹,上海交通大学,3.0,2008-05至2008-08
2008,国际(地区)合作与交流项目,A01,348,10881230381,A040408,NSFC-RCUK双边学术交流会,王取泉,武汉大学,1.2,2008-09至2008-12
2008,国际(地区)合作与交流项目,A01,349,50810305072,E041501,往复挤压镁合金超细组织形成机理研究,王渠东,上海交通大学,2.0,2009-02至2009-10
2008,国际(地区)合作与交流项目,A01,350,10810301012,A050204,第二届威海高能物理前沿暑期论坛暨第三届TeV物理工作组研讨会---LHC物理,王青,清华大学,4.0,2008-07至2008-12
2008,国际(地区)合作与交流项目,A01,351,40810104011,D021103,中国大陆科学钻探工程超高压变质岩的显微组构与地震波性质,王勤,南京大学,2.0,2008-06至2008-12
2008,国际(地区)合作与交流项目,A01,352,30810103060,C02,细胞骨架对胞吞/胞吐调控机制的研究,王钦丽,中国科学院植物研究所,2.0,2008-07至2008-12
2008,国际(地区)合作与交流项目,A01,353,70810307034,G010303,供应链管理国际研讨会:理论及应用,王谦,中国科学院大学,4.0,2008-12至2009-06
2008,国际(地区)合作与交流项目,A01,354,10810301031,A050201,辐射修正及低能下蒙特卡罗模拟工作组第四次会议,王平,中国科学院高能物理研究所,2.0,2008-10至2008-12
2008,国际(地区)合作与交流项目,A01,355,10811130562,A050305,超重核的结构与合成机制的研究,王楠,深圳大学,1.0,2009-01至2009-12
2008,国际(地区)合作与交流项目,A01,356,20820102034,B0103,亚胺和烯酰胺的若干催化不对称反应研究,王梅祥,清华大学,98.0,2009-01至2012-12
2008,国际(地区)合作与交流项目,A01,357,20810302056,B010703,太阳能电池与太阳能燃料国际学术讨论会,王梅,大连理工大学,5.0,2008-12至2009-03
2008,国际(地区)合作与交流项目,A01,358,40881220146,D0211,中美地震研讨会,王良书,南京大学,1.1,2008-04至2008-12
2008,国际(地区)合作与交流项目,A01,359,20810302022,B0103,2008有机合成和药物开发国际研讨会,王乐勇,南京大学,6.0,2008-10至2008-10
2008,国际(地区)合作与交流项目,A01,360,30810303084,C170106,第九届国际乳铁蛋白会议-结构、功能及应用,王建华,中国农业科学院饲料研究所,4.0,2008-09至2009-02
2008,国际(地区)合作与交流项目,A01,361,20821120292,B040101,生命体系与环境中金属组分分析相关的样品预处理与传感系统研究,王建华,东北大学,100.0,2009-01至2011-12
2008,国际(地区)合作与交流项目,A01,362,10810301042,A03,国际天文联合会第十届亚洲及太平洋地区天文学大会,王建成,中国科学院云南天文台,12.0,2008-08至2008-12
2008,国际(地区)合作与交流项目,A01,363,50801260313,E0201,参加NSFC/RGC联合评审会,王继扬,山东大学,1.0,2008-09至2008-12
2008,国际(地区)合作与交流项目,A01,364,50810305021,E04,第三届现代采矿和安全技术国际学术会议,王继仁,辽宁工程技术大学,4.0,2008-08至2009-05
2008,国际(地区)合作与交流项目,A01,365,70810307010,G011203,数据流管理与挖掘国际学术研讨会,王惠文,北京航空航天大学,3.2,2008-10至2009-04
2008,国际(地区)合作与交流项目,A01,366,60820106002,F010404,基于ECT/ERT双模电学成像技术多相管流测量研究,王化祥,天津大学,60.0,2009-01至2011-12
2008,国际(地区)合作与交流项目,A01,367,30801260363,C050402,肝癌癌蛋白p28GANK相关的凋亡信号网络调控研究,王红阳,中国人民解放军第二军医大学,1.0,2008-09至2008-12
2008,国际(地区)合作与交流项目,A01,368,30811120431,H0426,IGFBP-3蛋白水解加工在胚胎植入中作用的研究,王红梅,中国科学院动物研究所,45.0,2009-01至2011-12
2008,国际(地区)合作与交流项目,A01,369,60810306035,F020204,第10届亚太万维网国际会议,王国仁,东北大学,4.0,2008-07至2008-12
2008,国际(地区)合作与交流项目,A01,370,60810306004,F030209,第十一届IEEE智能交通系统国际会议,王飞跃,中国科学院自动化研究所,4.0,2008-10至2008-10
2008,国际(地区)合作与交流项目,A01,371,50810305061,E04,第三届亚洲材料电磁过程(EPM)学术研讨会,王恩刚,东北大学,4.0,2009-01至2009-12
2008,国际(地区)合作与交流项目,A01,372,30831160508,C040301,新型IGF(IGF-3)在鱼类性别分化和卵母细胞发育中的作用机制研究,王德寿,西南大学,32.0,2009-01至2011-12
2008,国际(地区)合作与交流项目,A01,373,30881240155,C040301,城市化生活对大脑发育的影响,王德华,中国科学院动物研究所,7.0,2008-04至2009-12
2008,国际(地区)合作与交流项目,A01,374,10881230180,A04,全球环境中的企业合作关系及其技术支持,王丹,哈尔滨工业大学,1.1,2008-03至2008-08
2008,国际(地区)合作与交流项目,A01,375,40821160551,D0402,2008年汶川Ms8.0级地震的地震活动性和深部构造环境研究,王椿镛,中国地震局地球物理研究所,120.0,2008-12至2011-12
2008,国际(地区)合作与交流项目,A01,376,50810305033,E020603,第一届国际富勒烯应用研究学术研讨会,王春儒,中国科学院化学研究所,4.0,2008-08至2009-05
2008,国际(地区)合作与交流项目,A01,377,40810304025,D0410,第三届夸父项目国际讨论会,王赤,中国科学院国家空间科学中心,4.0,2008-07至2008-12
2008,国际(地区)合作与交流项目,A01,378,50810305022,E0411,第24届国际矿物加工大会,王成彦,北京矿冶研究总院,8.0,2008-07至2009-04
2008,国际(地区)合作与交流项目,A01,379,30810103908,C100309,亚洲人种髋、膝关节特性研究与人工髋、膝关节基本设计,王成焘,上海交通大学,90.0,2009-01至2011-12
2008,国际(地区)合作与交流项目,A01,380,30810103904,H0109,慢性血栓栓塞性肺动脉高压发生的分子机制研究,王辰,首都医科大学,110.0,2009-01至2012-12
2008,国际(地区)合作与交流项目,A01,381,20881340368,B030302,中-以纳米材料和结构双边研讨会,王琛,国家纳米科学中心,14.4,2008-10至2008-12
2008,国际(地区)合作与交流项目,A01,382,20810302009,B03,分子科学前沿中日双边研讨会,王朝晖,中国科学院化学研究所,3.0,2008-02至2008-02
2008,国际(地区)合作与交流项目,A01,383,30810303010,C1612,乙烯对桂花花瓣衰老的细胞程序性死亡调控及其对DAD-1基因表达模式的影响,王彩云,华中农业大学,4.0,2008-04至2008-04
2008,国际(地区)合作与交流项目,A01,384,10811130246,A050104,相对论与引力,王斌,复旦大学,1.8,2008-09至2008-12
2008,国际(地区)合作与交流项目,A01,385,10831160504,A02,纳米尺度复合薄膜隧道效应的压电可控性研究,王彪,中山大学,34.0,2009-01至2011-12
2008,国际(地区)合作与交流项目,A01,386,10810301004,A020202,第八届断裂基础国际会议,王彪,中山大学,2.0,2008-01至2008-01
2008,国际(地区)合作与交流项目,A01,387,50811130216,E050802,凸轮轴楔横轧精密成形理论与技术,王宝雨,北京科技大学,7.2,2008-01至2009-12
2008,国际(地区)合作与交流项目,A01,388,20810302061,B03,第一届中美化学会双边论坛－中美能源前沿论坛,王爱琴,中国科学院大连化学物理研究所,5.0,2008-11至2009-03
2008,国际(地区)合作与交流项目,A01,389,50811120111,E0402,基于空间信息技术的煤矿瓦斯智能预警及灾害定位搜救研究,汪云甲,中国矿业大学,9.0,2008-01至2010-12
2008,国际(地区)合作与交流项目,A01,390,50810305015,E0907,2008年第10届国际滑坡与工程边坡会议,汪小刚,中国水利水电科学研究院,6.0,2008-05至2008-07
2008,国际(地区)合作与交流项目,A01,391,70801260362,G01,参加联合评审会,汪寿阳,中国科学院数学与系统科学研究院,1.0,2008-09至2008-12
2008,国际(地区)合作与交流项目,A01,392,50810305005,E0312,表面微纳拓扑结构的调制与海洋防污性能的仿生研究,汪静,东南大学,4.0,2008-05至2008-11
2008,国际(地区)合作与交流项目,A01,393,50811120112,E0310,高机械强度大分子微球复合水凝胶结构与性能研究,汪辉亮,北京师范大学,9.0,2008-01至2010-12
2008,国际(地区)合作与交流项目,A01,394,60810306038,F020501,第五届几何造型与处理国际会议,汪国昭,浙江大学,3.0,2008-09至2008-12
2008,国际(地区)合作与交流项目,A01,395,20810302062,B0402,第十二届国际电分析化学会议,汪尔康,中国科学院长春应用化学研究所,8.0,2009-08至2009-08
2008,国际(地区)合作与交流项目,A01,396,20821120291,B04,金属配合物分子在固体表面组装的STM研究,万立骏,中国科学院化学研究所,100.0,2009-01至2011-12
2008,国际(地区)合作与交流项目,A01,397,20810102050,B010704,微波在不对称合成中应用,屠树江,江苏师范大学,6.0,2008-11至2009-11
2008,国际(地区)合作与交流项目,A01,398,20810302060,B010703,在华召开第五届亚洲光化学学术讨论会,佟振合,中国科学院理化技术研究所,8.0,2008-11至2009-03
2008,国际(地区)合作与交流项目,A01,399,10811120170,A050606,纳米光电阴极长狭缝、大动态范围条纹相机的理论设计和实验研究,田进寿,中国科学院西安光学精密机械研究所,9.0,2008-01至2009-12
2008,国际(地区)合作与交流项目,A01,400,60810306052,F030403,分子影像关键科学技术及其应用,田捷,中国科学院自动化研究所,4.0,2008-12至2009-06
2008,国际(地区)合作与交流项目,A01,401,50811140342,E030901,有机荧光分子逻辑门,田禾,华东理工大学,6.6,2008-06至2010-05
2008,国际(地区)合作与交流项目,A01,402,10811120013,A0306,基于CCD整体平差技术开展银河系星团的观测研究,唐正宏,中国科学院上海天文台,9.0,2008-01至2009-12
2008,国际(地区)合作与交流项目,A01,403,50811120045,E070101,金属薄膜及复合物微波物性研究,唐武,电子科技大学,9.0,2008-01至2009-12
2008,国际(地区)合作与交流项目,A01,404,30810103906,C0913,从果蝇眼第一突触回路信息处理和动物行为学方面反映出的选择性注意效应,唐世明,北京师范大学,90.0,2009-01至2012-12
2008,国际(地区)合作与交流项目,A01,405,70881230179,G03,管理科学与公共政策(与爱丁堡皇家学会（RSE）首次workshop),唐立新,东北大学,1.1,2008-03至2008-08
2008,国际(地区)合作与交流项目,A01,406,50810305013,E070101,第六届国际电磁场问题与应用会议,唐炬,重庆大学,4.0,2008-05至2008-05
2008,国际(地区)合作与交流项目,A01,407,30810103912,C0102,甘蓝黑腐病菌致病调控中感受可扩散信号因子的分子基础,唐纪良,广西大学,80.0,2009-01至2011-12
2008,国际(地区)合作与交流项目,A01,408,50810305069,E0905,承办2008年第16届IAHR亚太地区大会及IAHR水工水力学国际学术研讨会,唐洪武,河海大学,4.0,2009-01至2009-12
2008,国际(地区)合作与交流项目,A01,409,30810303054,H1005,病毒性肝炎的免疫应答机制国际研讨会,唐宏,中国科学院生物物理研究所,4.0,2008-07至2008-12
2008,国际(地区)合作与交流项目,A01,410,50811120046,E010102,电爆合金化处理金属表面的结构相转变的物理本质,唐国翌,清华大学,9.0,2008-01至2009-12
2008,国际(地区)合作与交流项目,A01,411,40811240167,D040901,地震波产生、传输以及反演的三维模型第九次研讨会,唐东林,西南石油大学,1.3,2008-09至2008-10
2008,国际(地区)合作与交流项目,A01,412,40811140533,D0610,基于现场和遥感的印度洋-南中国海的浮游生物动态比较分析,唐丹玲,中国科学院南海海洋研究所,6.0,2008-12至2009-12
2008,国际(地区)合作与交流项目,A01,413,40810304007,D0608,第九届全球海洋遥感大会-全球环境变化在海洋中的表现,唐丹玲,中国科学院南海海洋研究所,4.0,2008-06至2008-12
2008,国际(地区)合作与交流项目,A01,414,50820125405,E041003,深部开采岩爆动力灾害机理及预测方法研究,唐春安,大连理工大学,110.0,2009-01至2012-12
2008,国际(地区)合作与交流项目,A01,415,10810401014,A050502,高亮度电子束产生研究,唐传祥,清华大学,2.0,2008-01至2008-10
2008,国际(地区)合作与交流项目,A01,416,60810306011,F020204,亚复杂系统干预规则挖掘关键技术研究,唐常杰,四川大学,3.0,2008-01至2008-12
2008,国际(地区)合作与交流项目,A01,417,30810303047,C09,第五届海内外华人神经科学家研讨会(2008),唐北沙,中南大学,4.0,2008-07至2008-12
2008,国际(地区)合作与交流项目,A01,418,60810306057,F020501,第四届中韩几何设计与可视计算双边学术会议暨IJCC研讨会,檀结庆,合肥工业大学,4.0,2008-12至2009-06
2008,国际(地区)合作与交流项目,A01,419,50810105006,E0409,深部采动支承压力分布规律与监测技术,谭云亮,山东科技大学,3.0,2008-05至2008-12
2008,国际(地区)合作与交流项目,A01,420,30811120101,H3002,几种植物环蛋白研究,谭宁华,中国科学院昆明植物研究所,9.0,2008-01至2010-12
2008,国际(地区)合作与交流项目,A01,421,50810305007,E05,第五届仪器科学与技术国际学术研讨会,谭久彬,哈尔滨工业大学,4.0,2008-05至2008-12
2008,国际(地区)合作与交流项目,A01,422,20811260241,B0702,2008年度化学生物学学术研讨会,谈冶雄,中国人民解放军第二军医大学,1.0,2008-10至2008-11
2008,国际(地区)合作与交流项目,A01,423,30811130391,H1805,时频方法分析长骨中超声导波信号的研究,他得安,复旦大学,1.63,2008-09至2009-06
2008,国际(地区)合作与交流项目,A01,424,20810102001,B060103,氧化硅、氧化铝、氧化铁纳米微界面复合体系的表面络合化学研究,孙中溪,济南大学,2.0,2008-02至2009-12
2008,国际(地区)合作与交流项目,A01,425,60810306025,F0202,第35届计算机体系结构国际会议,孙毓忠,中国科学院计算技术研究所,4.0,2008-06至2008-12
2008,国际(地区)合作与交流项目,A01,426,20811140328,B0702,非血红素过渡金属配合物的分子氧的活化及其应用,孙英姬,大连理工大学,8.0,2008-07至2010-06
2008,国际(地区)合作与交流项目,A01,427,50881230484,E0602,“中丹可再生能源研讨会”,孙晓峰,北京航空航天大学,1.3,2008-10至2008-12
2008,国际(地区)合作与交流项目,A01,428,20811130212,B0104,多齿配体稳定的新型聚合催化剂,孙文华,中国科学院化学研究所,6.92,2008-01至2009-12
2008,国际(地区)合作与交流项目,A01,429,20810302030,B05,第五届国际高技术高分子材料学术会议,孙文华,中国科学院化学研究所,3.0,2008-10至2008-10
2008,国际(地区)合作与交流项目,A01,430,60811140345,F010103,中韩基于CERNET和KOREN网络的宽带IPTV合作试验与研究,孙卫强,上海交通大学,8.0,2008-07至2010-06
2008,国际(地区)合作与交流项目,A01,431,50811120172,E050903,金刚石加工过程建模及光滑表面的形成机理研究,孙涛,哈尔滨工业大学,9.0,2008-01至2009-12
2008,国际(地区)合作与交流项目,A01,432,20810302007,B0302,多微孔金属有机化合物热化学研究,孙立贤,中国科学院大连化学物理研究所,4.0,2008-05至2008-05
2008,国际(地区)合作与交流项目,A01,433,20810302043,B05,第四届光响应有机、高分子材料国际学术研讨会,孙景志,浙江大学,3.0,2008-10至2008-12
2008,国际(地区)合作与交流项目,A01,434,60810306028,F030112,第五届国际神经网络研讨会,孙富春,清华大学,4.0,2008-05至2008-12
2008,国际(地区)合作与交流项目,A01,435,30811120432,H2603,荷叶等中草药提取物降脂减肥的功效和机制研究,孙长颢,哈尔滨医科大学,45.0,2009-01至2011-12
2008,国际(地区)合作与交流项目,A01,436,40810104046,D0601,北冰洋冰-海耦合模式嵌套技术合作研究,苏洁,中国海洋大学,2.5,2008-11至2008-12
2008,国际(地区)合作与交流项目,A01,437,10881230386,A0402,中英纳米自旋电子学研讨会,苏刚,中国科学院大学,1.3,2008-09至2008-12
2008,国际(地区)合作与交流项目,A01,438,20811120103,B060305,土壤中优先污染物诊断的分子生态毒理研究,宋玉芳,中国科学院沈阳应用生态研究所,6.0,2008-01至2009-12
2008,国际(地区)合作与交流项目,A01,439,30831160515,H1611,靶向乳腺成癌细胞的miRNA治疗乳腺癌的研究,宋尔卫,中山大学,30.0,2009-01至2011-12
2008,国际(地区)合作与交流项目,A01,440,10810301061,A0302,星爆星系－活动星系核的联系,束成钢,上海师范大学,8.0,2008-10至2009-04
2008,国际(地区)合作与交流项目,A01,441,10811120441,B01,气体发生剂三硝基乙烯衍生物和烷氧基二氮烯氮氧化物的性能研究,舒远杰,中国工程物理研究院化工材料研究所,8.0,2007-01至2008-12
2008,国际(地区)合作与交流项目,A01,442,50810305046,E0705,高电压技术及应用,舒立春,重庆大学,4.0,2008-11至2009-06
2008,国际(地区)合作与交流项目,A01,443,10810301040,A0204,第二届流体物理国际学术研讨会,舒昌,南京航空航天大学,2.0,2008-06至2008-12
2008,国际(地区)合作与交流项目,A01,444,70810307017,G0310,第七届亚洲大城市安全新技术国际会议,疏学明,清华大学,2.5,2008-12至2008-12
2008,国际(地区)合作与交流项目,A01,445,10811140090,A0303,应用超导SIS隧道结的太赫兹光子检测及成像技术研究,史生才,中国科学院紫金山天文台,13.0,2008-04至2010-12
2008,国际(地区)合作与交流项目,A01,446,40821140354,D01,巨灾风险防范——IHDP-IRG核心科学计划案例研究,史培军,北京师范大学,100.0,2009-01至2011-12
2008,国际(地区)合作与交流项目,A01,447,40811120030,D0712,中亚和东亚树木生长对气候响应的对比研究,史江峰,南京大学,9.0,2008-01至2009-12
2008,国际(地区)合作与交流项目,A01,448,40811120037,D041002,东亚地区电离层对地磁扰动响应特性,史建魁,中国科学院国家空间科学中心,9.0,2008-01至2009-12
2008,国际(地区)合作与交流项目,A01,449,30810103051,C0404,外来物种红耳龟（Trachemys scripta elegans)的生态适应机制研究,史海涛,海南师范大学,1.4,2008-07至2008-12
2008,国际(地区)合作与交流项目,A01,450,70811140117,G011203,青年科学家暑期项目,石勇,中国科学院大学,4.0,2008-06至2008-12
2008,国际(地区)合作与交流项目,A01,451,40881220138,D0408,2008中美双边国际地震研讨会,石耀霖,中国科学院大学,1.1,2008-04至2008-12
2008,国际(地区)合作与交流项目,A01,452,30811260208,H0220,重组PEDF蛋白的制备及对ROP新生血管的抑制作用,石文静,复旦大学,1.0,2008-06至2008-12
2008,国际(地区)合作与交流项目,A01,453,20810102048,B080302,甲烷固体氧化物燃料电池阳极催化材料研究,石冰洁,北京化工大学,0.5,2008-12至2009-11
2008,国际(地区)合作与交流项目,A01,454,30821140542,C150704,基于生物功能强化的沿湖面源污染控制与水体生态修复研究,施卫明,中国科学院南京土壤研究所,100.0,2009-01至2011-12
2008,国际(地区)合作与交流项目,A01,455,10811130393,A030201,贫金属冷星基本参数的确定,施建荣,中国科学院国家天文台,4.7,2008-03至2009-01
2008,国际(地区)合作与交流项目,A01,456,30810103033,C170106,日粮营养对瘤胃上皮钠/氢交换蛋白表达的影响,沈赞明,南京农业大学,1.2,2008-05至2008-10
2008,国际(地区)合作与交流项目,A01,457,30810303009,C05,第十五届国际生物发光和化学发光会议,沈恂,中国科学院生物物理研究所,6.0,2008-05至2008-05
2008,国际(地区)合作与交流项目,A01,458,30811260237,C0502,2008化学生物学学术研讨会,沈旭,中国科学院上海药物研究所,1.0,2008-10至2008-11
2008,国际(地区)合作与交流项目,A01,459,40810029002,D02,新元古代－寒武纪与二叠纪－三叠纪过渡时期生物事件与环境背景对比研究,沈树忠,中国科学院南京地质古生物研究所,100.0,2009-01至2011-12
2008,国际(地区)合作与交流项目,A01,460,30821140538,C150702,土壤酸化机制与酸性土壤生物修复研究,沈仁芳,中国科学院南京土壤研究所,100.0,2009-01至2011-12
2008,国际(地区)合作与交流项目,A01,461,10811120138,A050306,中能核理论和粒子理论（强子物理理论）的合作研究,沈彭年,中国科学院高能物理研究所,4.0,2008-02至2008-10
2008,国际(地区)合作与交流项目,A01,462,50810305049,E010301,第五届先进材料与加工国际会议,沈军,哈尔滨工业大学,4.0,2008-09至2009-06
2008,国际(地区)合作与交流项目,A01,463,10810301003,A010206,第六届组合论国际学术会议,沈灏,上海交通大学,2.5,2008-05至2008-05
2008,国际(地区)合作与交流项目,A01,464,40810104002,D02,深部矿床预测中的多变量地球化学数据分形与混沌研究(2008),申维,中国地质大学（北京）,1.5,2008-06至2008-12
2008,国际(地区)合作与交流项目,A01,465,10810301069,A0504,Workshop on Thoron Measurement Technology & Correction of Influence to Radon Measurement,尚兵,中国疾病预防控制中心辐射防护与核安全医学所,2.0,2008-09至2009-03
2008,国际(地区)合作与交流项目,A01,466,10811140304,A0502,高能物理访问学者,沙依甫加马力·达吾来提,新疆大学,1.3,2008-07至2008-12
2008,国际(地区)合作与交流项目,A01,467,10811130245,A0503,理论和计算高能物理,萨本豪,华中师范大学,1.1,2008-04至2009-06
2008,国际(地区)合作与交流项目,A01,468,60810306045,F010401,第九届国际信号处理学术会议（ICSP’08）,阮秋琦,北京交通大学,4.0,2008-12至2009-06
2008,国际(地区)合作与交流项目,A01,469,10811120286,A011002,超过程的强极限定理,任艳霞,北京大学,8.0,2008-01至2009-12
2008,国际(地区)合作与交流项目,A01,470,40881230065,D0507,中英气候变化学术研讨会,任雪娟,南京大学,1.1,2008-02至2008-08
2008,国际(地区)合作与交流项目,A01,471,30881230485,C0101,生物产氢微生物资源,任南琪,哈尔滨工业大学,1.3,2008-10至2008-12
2008,国际(地区)合作与交流项目,A01,472,50810305044,E0507,国际仿生工程学年会08国际学术会议,任露泉,吉林大学,5.0,2008-09至2009-05
2008,国际(地区)合作与交流项目,A01,473,30810303022,H1904,第二届中国——印度尼西亚肝病峰会,任红,重庆医科大学,4.0,2008-05至2008-10
2008,国际(地区)合作与交流项目,A01,474,30811120038,C0401,中国和俄罗斯收藏的中生代晚期鞘翅目化石的比较研究,任东,首都师范大学,9.0,2008-01至2009-12
2008,国际(地区)合作与交流项目,A01,475,30810303013,C0104,结构生物学中的X-射线晶体学国际研讨班,饶子和,中国科学院生物物理研究所,4.0,2008-04至2008-05
2008,国际(地区)合作与交流项目,A01,476,70811130490,G01,人与机器人交互的跨文化研究,饶培伦,清华大学,3.25,2008-10至2009-12
2008,国际(地区)合作与交流项目,A01,477,10810301064,A0304,国际太阳偏振暑期学校,屈中权,中国科学院云南天文台,4.0,2008-07至2009-03
2008,国际(地区)合作与交流项目,A01,478,20811260185,B0702,2008化学生物学学术研讨会,曲晓刚,中国科学院长春应用化学研究所,1.0,2008-10至2008-11
2008,国际(地区)合作与交流项目,A01,479,70810307029,G0305,亚洲绿色增长——东南亚经济转型和可持续农业发展,曲福田,南京农业大学,3.0,2008-10至2008-12
2008,国际(地区)合作与交流项目,A01,480,50810305025,E050301,第四届工程与生物医学智能材料国际研讨会,裘进浩,南京航空航天大学,3.0,2008-07至2009-04
2008,国际(地区)合作与交流项目,A01,481,50881220265,E020603,中美材料科学双边学术研讨会,邱介山,大连理工大学,1.1,2008-06至2008-12
2008,国际(地区)合作与交流项目,A01,482,10811120283,A011701,双曲守恒律及相关方程的高效鲁棒高精度数值方法,邱建贤,南京大学,8.0,2008-01至2009-12
2008,国际(地区)合作与交流项目,A01,483,50811120048,E0707,非圆柱形金属丝阵内爆高温等离子体反常耗散效应研究,邱爱慈,西北核技术研究所,9.0,2008-01至2009-12
2008,国际(地区)合作与交流项目,A01,484,30811120009,C0104,用分子生物学方法筛选内生菌相关的抗癌传统中草药,卿晨,昆明医科大学,8.0,2008-01至2009-12
2008,国际(地区)合作与交流项目,A01,485,60811120556,F010908,基于空气、冰与水的物理特性测量冰厚度与力学强度的理论与试验研究,秦建敏,太原理工大学,9.0,2009-01至2010-12
2008,国际(地区)合作与交流项目,A01,486,30811140334,C04,中国东北部地区与朝鲜半岛蚜虫区系的关系,乔格侠,中国科学院动物研究所,8.0,2008-06至2010-05
2008,国际(地区)合作与交流项目,A01,487,40810104035,D0705,零价纳米铁对地下水和土壤中锝-99还原固定的预研究,钱天伟,太原科技大学,2.0,2008-07至2008-12
2008,国际(地区)合作与交流项目,A01,488,20811120052,B0203,碳纳米管－氢酶复合修饰电极的制备及其在生物产氢和生物燃料电池中的应用,钱东金,复旦大学,9.0,2008-01至2009-12
2008,国际(地区)合作与交流项目,A01,489,30831160516,C0904,研究与季节性生理心理异常有关的视网膜神经机制,濮鸣亮,北京大学,30.0,2009-01至2011-12
2008,国际(地区)合作与交流项目,A01,490,50810305063,E0603,第七届北京国际传热会议,彭晓峰,清华大学,2.0,2008-12至2009-10
2008,国际(地区)合作与交流项目,A01,491,40810304045,D0709,环境管理：大气、水、沉积物污染物的归趋与修复国际研讨会,彭平安,中国科学院广州地球化学研究所,1.5,2008-11至2008-12
2008,国际(地区)合作与交流项目,A01,492,60810306037,F020503,虚拟现实及应用国际会议,潘志庚,浙江大学,4.0,2008-09至2008-12
2008,国际(地区)合作与交流项目,A01,493,40810304036,D0701,土壤固碳与温室气体农业减排国际研讨会,潘根兴,南京农业大学,4.0,2008-07至2008-12
2008,国际(地区)合作与交流项目,A01,494,20810102002,B08,外力场作用下三相复杂体系微观传递及吸附动态研究,欧阳藩,中国科学院过程工程研究所,1.0,2008-03至2008-12
2008,国际(地区)合作与交流项目,A01,495,50810305030,E08,第五届国际结构控制与检测学术研讨会,欧进萍,大连理工大学,4.0,2008-07至2009-04
2008,国际(地区)合作与交流项目,A01,496,30810103040,C07,AICAR和肌肉收缩调节GLUT4转位的机制研究,牛文彦,天津医科大学,1.6,2008-05至2008-10
2008,国际(地区)合作与交流项目,A01,497,70810307012,G0118,2008工程管理与风险管理国际会议,牛东晓,华北电力大学,2.0,2008-11至2009-05
2008,国际(地区)合作与交流项目,A01,498,40881220148,D0402,2008年度中美地震科技合作双边研讨会,宁杰远,北京大学,1.1,2008-04至2008-12
2008,国际(地区)合作与交流项目,A01,499,30811120433,H0421,子宫激活分娩的机制研究：促肾上腺皮质激素释放激素与前列腺素的相互作用,倪鑫,中国人民解放军第二军医大学,45.0,2009-01至2011-12
2008,国际(地区)合作与交流项目,A01,500,40881220136,D0402,参加中美地震会议,倪四道,中国科学技术大学,1.1,2008-04至2008-12
2008,国际(地区)合作与交流项目,A01,501,40821160549,D0402,汶川地震余震高精度水平位置及深度确定,倪四道,中国科学技术大学,50.0,2009-01至2011-12
2008,国际(地区)合作与交流项目,A01,502,50810305071,E0904,第二届风险分析与危机反应国际学术研讨会,倪晋仁,北京大学,4.0,2009-01至2009-12
2008,国际(地区)合作与交流项目,A01,503,30811260233,C1002,经巩膜给药缓释系统作用机理研究,南开辉,南方医科大学,0.7,2008-06至2008-12
2008,国际(地区)合作与交流项目,A01,504,50831160522,E020404,新型磁－电可调的压电/磁性复合材料,南策文,清华大学,33.0,2009-01至2011-12
2008,国际(地区)合作与交流项目,A01,505,10811140324,A0502,Brane世界中的对偶性和非对易性研究,缪炎刚,南开大学,8.0,2008-06至2011-12
2008,国际(地区)合作与交流项目,A01,506,40810304016,D010201,第七届产业集群与区域发展国际学术会议,苗长虹,河南大学,4.0,2008-06至2008-12
2008,国际(地区)合作与交流项目,A01,507,30811120554,C030202,中俄圈养麝类环境胁迫及对繁殖和泌香效应的行为内分泌比较研究,孟秀祥,中央民族大学,9.0,2009-01至2010-12
2008,国际(地区)合作与交流项目,A01,508,60810306005,F02,第9届移动数据管理国际会议,孟小峰,中国人民大学,4.0,2008-04至2008-05
2008,国际(地区)合作与交流项目,A01,509,50881230478,E0209,环境友好的固态染料敏化太阳能电池,孟庆波,中国科学院物理研究所,1.3,2008-10至2009-04
2008,国际(地区)合作与交流项目,A01,510,50881220272,E0210,中美材料科学双边学术研讨会,孟庆波,中国科学院物理研究所,1.1,2008-06至2008-12
2008,国际(地区)合作与交流项目,A01,511,50810105058,E060604,积分形式的水平微槽管与液体升膜间温度-热流关系研究,梅宁,中国海洋大学,2.0,2008-12至2009-08
2008,国际(地区)合作与交流项目,A01,512,60810306039,F02,2008国际互联网服务大会,梅宏,北京大学,4.0,2008-09至2008-12
2008,国际(地区)合作与交流项目,A01,513,50810105068,E090501,封冻河道水力特性及二维河冰数值模型研究,茅泽育,清华大学,1.0,2008-12至2009-07
2008,国际(地区)合作与交流项目,A01,514,30811260228,B0702,2008化学生物学学术研讨会,毛宗万,中山大学,0.7,2008-09至2008-12
2008,国际(地区)合作与交流项目,A01,515,30811260234,H1211,香港世界眼科大会期间举办的“两岸四地眼科研讨工作坊”,毛欣杰,温州医科大学,1.0,2008-06至2008-12
2008,国际(地区)合作与交流项目,A01,516,40810304041,D0205,第九届全国矿床会议,毛景文,中国地质科学院矿产资源研究所,4.0,2008-11至2008-12
2008,国际(地区)合作与交流项目,A01,517,20811120095,B081005,直接醇类燃料电池中纳米结构电催化材料研究,马紫峰,上海交通大学,9.0,2008-01至2010-12
2008,国际(地区)合作与交流项目,A01,518,10811130070,A050301,中子－质子极端不对称核物质和不稳定核的相对论研究,马中玉,中国原子能科学研究院,1.8,2008-03至2009-12
2008,国际(地区)合作与交流项目,A01,519,40810304039,D0703,中国—澳大利亚含水层补给管理培训研讨会,马振民,济南大学,2.0,2008-07至2008-12
2008,国际(地区)合作与交流项目,A01,520,10811130227,A0304,太阳系动力学研究,马月华,中国科学院紫金山天文台,2.5,2008-07至2008-12
2008,国际(地区)合作与交流项目,A01,521,50820145304,E03,光电有机功能晶体的制备及应用于发光与激光器件的研究,马於光,吉林大学,100.0,2009-01至2012-12
2008,国际(地区)合作与交流项目,A01,522,40810059006,D0502,青藏高原能量水循环及其对我国和东亚气候变化影响研究,马耀明,中国科学院青藏高原研究所,120.0,2009-01至2011-12
2008,国际(地区)合作与交流项目,A01,523,60811140347,F0208,适用于下一代宽带无线和有线融合网络的网络测量和网络管理系统的研究,马严,北京邮电大学,8.0,2008-06至2010-05
2008,国际(地区)合作与交流项目,A01,524,50881240124,E060103,中泰可再生能源先进技术研讨会,马隆龙,中国科学院广州能源研究所,0.6,2008-01至2008-12
2008,国际(地区)合作与交流项目,A01,525,40811130213,D0702,腾格里沙漠地区地下水补给与演化,马金珠,兰州大学,6.28,2008-01至2009-12
2008,国际(地区)合作与交流项目,A01,526,20811260184,B0403,2008化学生物学学术研讨会,马会民,中国科学院化学研究所,1.0,2008-10至2008-11
2008,国际(地区)合作与交流项目,A01,527,20820102036,B080702,蛋白质层析纯化中的失活机理及新型抗失活介质的制备,马光辉,中国科学院过程工程研究所,90.0,2009-01至2012-12
2008,国际(地区)合作与交流项目,A01,528,30810303041,C1303,干旱环境下土壤与植物相互作用与可持续农业国际研讨会,马富裕,石河子大学,4.0,2008-07至2008-12
2008,国际(地区)合作与交流项目,A01,529,30810103907,C040504,东亚飞蝗杀虫剂解毒酶系的分子特性及其在抗药性中的作用,马恩波,山西大学,120.0,2009-01至2012-12
2008,国际(地区)合作与交流项目,A01,530,20881260375,B0702,2008化学生物学学术研讨会,马大为,中国科学院上海有机化学研究所,1.0,2008-10至2008-12
2008,国际(地区)合作与交流项目,A01,531,20810302057,B080306,第一届国际有机电化学与工业研讨会暨第十一届全国有机电化学与工业学术会议,马淳安,浙江工业大学,4.0,2008-11至2009-03
2008,国际(地区)合作与交流项目,A01,532,30810303021,C1002,生物电子学与生物材料国际学术会议,吕晓迎,东南大学,4.0,2008-04至2008-09
2008,国际(地区)合作与交流项目,A01,533,50810305059,E0808,汶川地震灾害与震后恢复重建国际学术论坛,吕西林,同济大学,5.0,2008-10至2009-06
2008,国际(地区)合作与交流项目,A01,534,40821140540,D070108,稻田生态系统和水稻生产消解有机废水的潜力及其风险评估,吕军,浙江大学,100.0,2009-01至2011-12
2008,国际(地区)合作与交流项目,A01,535,50810305018,E01,第九届固体辐照效应计算机模拟国际会议,吕广宏,北京航空航天大学,4.0,2008-10至2009-05
2008,国际(地区)合作与交流项目,A01,536,40821140539,D070107,重金属污染土壤的生物修复机制与技术研究,骆永明,中国科学院南京土壤研究所,100.0,2009-01至2011-12
2008,国际(地区)合作与交流项目,A01,537,40810304022,D0709,第三届土壤污染和修复国际会议,骆永明,中国科学院南京土壤研究所,3.0,2008-07至2008-12
2008,国际(地区)合作与交流项目,A01,538,70810307014,G01,中美华人学者管理科学与工程国际会议,骆建文,上海交通大学,3.0,2008-12至2008-12
2008,国际(地区)合作与交流项目,A01,539,30811120443,C040204,伊氏锥虫基因组功能研究,伦照荣,中山大学,1.5,2008-08至2008-12
2008,国际(地区)合作与交流项目,A01,540,30811120054,C040204,非洲锥虫基因组比较研究,伦照荣,中山大学,1.0,2008-01至2008-12
2008,国际(地区)合作与交流项目,A01,541,30811120171,C040201,等节跳科（弹尾纲）种类鉴定和系统分类研究,栾云霞,中国科学院上海生命科学研究院,8.0,2008-01至2009-12
2008,国际(地区)合作与交流项目,A01,542,60810306029,F020206,2008计算化学与高性能计算学术研讨会,陆忠华,中国科学院计算机网络信息中心,4.0,2008-06至2008-12
2008,国际(地区)合作与交流项目,A01,543,10881320135,A03,美国国立射电天文台与中科院国家天文台中美双边天文学研讨会,陆烨,中国科学院国家天文台,10.0,2008-01至2008-12
2008,国际(地区)合作与交流项目,A01,544,60810306016,F02,计算机与传感器网络和系统国际会议,陆彦辉,郑州大学,4.0,2008-04至2008-12
2008,国际(地区)合作与交流项目,A01,545,10810301054,A01,调和分析与偏微分方程及其应用,陆善镇,北京师范大学,2.0,2008-12至2009-03
2008,国际(地区)合作与交流项目,A01,546,40881240370,D0507,大气和海洋中的遥相关,陆日宇,中国科学院大气物理研究所,1.3,2008-11至2008-12
2008,国际(地区)合作与交流项目,A01,547,40810059005,D0507,东亚和西北太平洋气候变异及其模拟,陆日宇,中国科学院大气物理研究所,120.0,2009-01至2011-12
2008,国际(地区)合作与交流项目,A01,548,60810306012,F0201,2007年信息计算与自动化国际学术大会,鲁晓军,电子科技大学,4.0,2007-12至2008-12
2008,国际(地区)合作与交流项目,A01,549,60810306015,F020103,第四届信息和管理中算法问题国际会议,鲁道夫,复旦大学,3.0,2008-05至2008-12
2008,国际(地区)合作与交流项目,A01,550,10810301080,A0309,《御制历象考成》的历法研究,鲁大龙,中国科学院自然科学史研究所,4.0,2008-11至2009-04
2008,国际(地区)合作与交流项目,A01,551,10811130190,A020401,海洋中湍流运动和环境数据的分析与模拟,卢志明,上海大学,1.84,2008-04至2008-12
2008,国际(地区)合作与交流项目,A01,552,40810304028,D0703,地下水论坛2008（国际学术研讨会）,卢文喜,吉林大学,4.0,2008-06至2008-12
2008,国际(地区)合作与交流项目,A01,553,30811120357,C1503,利用沙冬青抗低温基因提高杨树与番茄的抗寒性,卢存福,北京林业大学,2.2,2008-11至2009-12
2008,国际(地区)合作与交流项目,A01,554,50810305057,E05,协办第七届两岸三地先进制造技术研讨会,楼云江,哈尔滨工业大学,4.0,2008-07至2009-05
2008,国际(地区)合作与交流项目,A01,555,10810301035,A010802,中法偏微分方程理论与应用研讨会,龙以明,南开大学,2.0,2008-10至2008-12
2008,国际(地区)合作与交流项目,A01,556,30811120100,H1407,应用组织工程技术治疗颞下颌关节紊乱病的实验研究,龙星,武汉大学,9.0,2008-01至2010-12
2008,国际(地区)合作与交流项目,A01,557,10881240543,A040408,量子信息：原子到介观系统,龙桂鲁,清华大学,1.0,2008-05至2008-12
2008,国际(地区)合作与交流项目,A01,558,30811260176,H1207,神经营养因子在糖尿病视网膜病变新生血管形成中的作用,柳夏林,中山大学,0.7,2008-06至2008-12
2008,国际(地区)合作与交流项目,A01,559,20811120358,B030706,淀粉胶体流变性与胶体固化表面介观拓扑结构的关系,刘钟栋,河南工业大学,2.5,2008-08至2008-12
2008,国际(地区)合作与交流项目,A01,560,60810406059,F02,龙星计划,刘志勇,中国科学院计算技术研究所,20.0,2008-12至2009-12
2008,国际(地区)合作与交流项目,A01,561,40810304042,D0603,第一届南海河流沉积物国际讨论会,刘志飞,同济大学,4.0,2008-11至2008-12
2008,国际(地区)合作与交流项目,A01,562,10811120018,A011701,非单调变分不等式的解法研究,刘振海,中南大学,9.0,2008-01至2009-12
2008,国际(地区)合作与交流项目,A01,563,10810301057,A010804,随机非线性发展方程与随机动力系统,刘振海,中南大学,2.0,2008-09至2009-03
2008,国际(地区)合作与交流项目,A01,564,40811240461,D06,黄海西岸典型海域水文气象因子突变分析,刘哲,中国海洋大学,1.3,2008-11至2008-12
2008,国际(地区)合作与交流项目,A01,565,60881220263,F01,中美材料科学双边学术研讨会,刘云圻,中国科学院化学研究所,1.1,2008-06至2008-12
2008,国际(地区)合作与交流项目,A01,566,50881240373,E0207,纳米科学在太阳能转换中的应用研讨会,刘曰利,武汉理工大学,1.3,2008-10至2008-12
2008,国际(地区)合作与交流项目,A01,567,50881220267,E020702,中美材料科学双边学术研讨会,刘益春,东北师范大学,1.1,2008-06至2008-12
2008,国际(地区)合作与交流项目,A01,568,70810307032,G0208,营销科学国际学术研讨会,刘益,西安交通大学,3.0,2008-10至2009-06
2008,国际(地区)合作与交流项目,A01,569,30811260231,H1204,C3基因降眼压治疗青光眼的实验研究,刘旭阳,四川大学,1.0,2008-06至2008-12
2008,国际(地区)合作与交流项目,A01,570,50810305001,E01,2007新材料发展趋势研讨会,刘兴军,厦门大学,4.0,2008-05至2008-10
2008,国际(地区)合作与交流项目,A01,571,30811130218,C010201,Serratia plymuthica群体感应信号系统的鉴定,刘晓光,江苏大学,8.5,2008-01至2009-12
2008,国际(地区)合作与交流项目,A01,572,10811130486,A0108,偏微分方程及其在物理学和几何上的应用,刘晓春,武汉大学,1.3,2008-07至2008-12
2008,国际(地区)合作与交流项目,A01,573,40811130056,D0711,中新世以来青藏高原的古海拔高度的宇宙核素定量研究,刘小汉,中国科学院青藏高原研究所,2.0,2008-01至2008-08
2008,国际(地区)合作与交流项目,A01,574,10811120284,A0108,Landau-Lifshitz-Maxwell方程和液晶系统的数学理论分析,刘宪高,复旦大学,8.0,2008-01至2009-12
2008,国际(地区)合作与交流项目,A01,575,40811140337,D0709,水稻根土界面砷－铁相互关系研究,刘文菊,河北农业大学,4.5,2008-06至2010-12
2008,国际(地区)合作与交流项目,A01,576,50810305009,E05,第三届太平洋国际激光与光学应用会议,刘文今,清华大学,5.0,2008-04至2008-08
2008,国际(地区)合作与交流项目,A01,577,20881260497,B0702,2008化学生物学学术研讨会,刘文,中国科学院上海有机化学研究所,1.0,2008-10至2008-12
2008,国际(地区)合作与交流项目,A01,578,40811120546,D0402,浅源地震和裂隙水相互作用机制研究,刘卫群,中国矿业大学,1.3,2009-01至2009-12
2008,国际(地区)合作与交流项目,A01,579,40810304032,D010104,世界冰川编目国际研讨会,刘时银,中国科学院寒区旱区环境与工程研究所,6.0,2008-07至2008-12
2008,国际(地区)合作与交流项目,A01,580,30810303043,C130410,2008年中日韩甘薯学术讨论会,刘庆昌,中国农业大学,4.0,2008-07至2008-12
2008,国际(地区)合作与交流项目,A01,581,30811130545,C190604,在减毒活细菌中开发体内诱导型的细菌菌蜕系统做为新颖的细菌疫苗开发平台,刘琴,华东理工大学,40.0,2009-01至2011-12
2008,国际(地区)合作与交流项目,A01,582,30810303016,H1907,第二届媒介生物可持续控制国际论坛,刘起勇,中国疾病预防控制中心传染病预防控制所,4.0,2008-11至2009-04
2008,国际(地区)合作与交流项目,A01,583,30811120434,H0212,TRPM7通道介导心脏成纤维细胞Ca2+信号机制研究,刘培庆,中山大学,45.0,2009-01至2011-12
2008,国际(地区)合作与交流项目,A01,584,30810303073,C1501,第一届国际枣属植物研讨会,刘孟军,河北农业大学,6.0,2008-09至2009-02
2008,国际(地区)合作与交流项目,A01,585,20881260494,B040304,2008化学生物学学术研讨会,刘买利,中国科学院武汉物理与数学研究所,1.0,2008-10至2008-12
2008,国际(地区)合作与交流项目,A01,586,20810302020,B040304,第二届海峡两岸磁共振学术会议,刘买利,中国科学院武汉物理与数学研究所,3.0,2008-10至2008-10
2008,国际(地区)合作与交流项目,A01,587,70810307011,G0117,面向虚拟企业协作的网格知识服务系统研究,刘鲁,北京航空航天大学,1.6,2008-05至2008-12
2008,国际(地区)合作与交流项目,A01,588,20810102051,B0107,水相中的芳香C-H反应研究(非征集）,刘利,中国科学院化学研究所,6.0,2008-12至2009-12
2008,国际(地区)合作与交流项目,A01,589,30810103025,H0906,优化新型HIV-1慢病毒载体及其在大鼠局灶性脑缺血基因治疗中应用研究,刘亢丁,吉林大学,1.2,2008-04至2008-09
2008,国际(地区)合作与交流项目,A01,590,30811130395,H3101,GPCR家族C成员激活机制及其药学意义,刘剑峰,华中科技大学,4.6,2008-08至2009-05
2008,国际(地区)合作与交流项目,A01,591,30810303055,C0902,国际神经信号转导会议,刘剑峰,华中科技大学,3.0,2008-07至2008-12
2008,国际(地区)合作与交流项目,A01,592,10881240093,A0101,第五届中日数论会议--梦中之梦,刘建亚,山东大学,4.0,2008-08至2008-08
2008,国际(地区)合作与交流项目,A01,593,40881230066,D0507,中英气候变化学术研讨会,刘骥平,中国科学院大气物理研究所,1.0,2008-02至2008-08
2008,国际(地区)合作与交流项目,A01,594,60811120020,F0303,月面巡视车机器视觉导航的基本理论研究,刘济林,浙江大学,9.0,2008-01至2009-12
2008,国际(地区)合作与交流项目,A01,595,30810103028,H2810,中药多糖抗肿瘤转移活性成分筛选研究方法的建立,刘吉成,齐齐哈尔医学院,1.8,2008-10至2009-06
2008,国际(地区)合作与交流项目,A01,596,40811120027,D0705,地下水中污染物(邻苯二甲酸酯、砷、氟）来源与迁移机制的对比研究-中国湖北与俄罗斯西伯利亚,刘慧,中国地质大学（武汉）,8.0,2008-01至2009-12
2008,国际(地区)合作与交流项目,A01,597,50810305050,E010601,合金界面反应中的热力学与动力学,刘华山,中南大学,3.0,2008-11至2009-07
2008,国际(地区)合作与交流项目,A01,598,40881320457,D010103,森林-草原过渡带植被对气候变化和人类活动的响应：西伯利亚南部和内蒙古的比较研究(NSFC-RFBR双边研讨会),刘鸿雁,北京大学,6.6,2009-01至2009-12
2008,国际(地区)合作与交流项目,A01,599,40881230061,D0507,中英气候变化学术研讨会,刘海龙,中国科学院大气物理研究所,1.0,2008-02至2008-08
2008,国际(地区)合作与交流项目,A01,600,20811260187,B0306,出国（境）参加协议双（多）边学术会议,刘刚,中国医学科学院,1.0,2008-10至2008-11
2008,国际(地区)合作与交流项目,A01,601,30811130221,C050202,基于微悬臂梁和核酸识体的高灵敏度生物检测器构建,刘冬生,国家纳米科学中心,8.12,2008-01至2009-12
2008,国际(地区)合作与交流项目,A01,602,40811340321,D0704,高地应力环境下大型工程开挖地质问题研讨会,刘大安,中国科学院地质与地球物理研究所,8.0,2008-10至2008-12
2008,国际(地区)合作与交流项目,A01,603,10810301072,A050407,核素迁移及废物处置国际学术研讨会,刘春立,北京大学,5.0,2008-10至2009-04
2008,国际(地区)合作与交流项目,A01,604,10811130469,A020205,多体系统多点碰撞问题的建模与仿真,刘才山,北京大学,45.0,2009-01至2011-12
2008,国际(地区)合作与交流项目,A01,605,30821140350,C140102,稻瘟病持久抗性相关基因鉴定、克隆和分子育种,刘斌,广东省农业科学院,100.0,2009-01至2011-12
2008,国际(地区)合作与交流项目,A01,606,30881220456,H2609,远东地区中俄边境TBE病毒的生态学和致病机制方面等实际问题的研究(NSFC-RFBR双边研讨会),凌虹,哈尔滨医科大学,5.0,2009-01至2009-12
2008,国际(地区)合作与交流项目,A01,607,40811130502,D0202,新元古代-寒武纪生物地球化学循环,凌洪飞,南京大学,2.838,2008-11至2008-12
2008,国际(地区)合作与交流项目,A01,608,30810303044,C020202,第十四届植物铁营养与相互作用国际研讨会,凌宏清,中国科学院遗传与发育生物学研究所,8.0,2008-07至2008-12
2008,国际(地区)合作与交流项目,A01,609,30810103910,H2902,中药复方纳米药物体系的建立及其对肝癌治疗机理研究,凌昌全,中国人民解放军第二军医大学,100.0,2009-01至2012-12
2008,国际(地区)合作与交流项目,A01,610,20810102053,B0502,发光功能聚合物微球及自组装胶体晶体的制备和性质,林权,吉林大学,1.5,2008-09至2009-09
2008,国际(地区)合作与交流项目,A01,611,50881220271,E020702,中美材料科学双边学术研讨会,林君,中国科学院长春应用化学研究所,1.1,2008-06至2008-12
2008,国际(地区)合作与交流项目,A01,612,10810301068,A040102,几个重要非线性物理方程的新严格解及其应用研究,林机,浙江师范大学,3.0,2008-10至2009-03
2008,国际(地区)合作与交流项目,A01,613,20811260360,B0103,2008化学生物学学术研讨会,林国强,中国科学院上海有机化学研究所,1.0,2008-10至2008-12
2008,国际(地区)合作与交流项目,A01,614,30810303018,C01,2008真菌多样性国际研讨会,林福呈,浙江大学,3.0,2008-08至2009-01
2008,国际(地区)合作与交流项目,A01,615,60810306033,F020304,2008年计算机网络系统结构和数据存储IEEE国际会议,廖晓峰,重庆大学,4.0,2008-06至2008-12
2008,国际(地区)合作与交流项目,A01,616,50881240127,E06,固定化光合细菌生物制氢反应器的产氢性能,廖强,重庆大学,0.6,2008-01至2008-08
2008,国际(地区)合作与交流项目,A01,617,30810303029,C150701,第七届pH条件下植物-土壤交互作用国际研讨会,廖红,华南农业大学,4.0,2008-07至2008-12
2008,国际(地区)合作与交流项目,A01,618,30810103024,C050201,Tau蛋白早期错误折叠与聚集的机制,梁毅,武汉大学,1.2,2008-05至2008-10
2008,国际(地区)合作与交流项目,A01,619,60881220450,F010404,中俄双边X射线聚焦学术研讨会,梁静秋,中国科学院长春光学精密机械与物理研究所,8.0,2009-01至2009-12
2008,国际(地区)合作与交流项目,A01,620,20810302058,B040613,杂链大分子折叠设计和自组装机理的研究,梁好均,中国科学技术大学,5.0,2008-12至2009-12
2008,国际(地区)合作与交流项目,A01,621,50811140339,E060105,R125高温热泵临界循环研究,连之伟,上海交通大学,4.6,2008-06至2010-06
2008,国际(地区)合作与交流项目,A01,622,60810306019,F03,第七届全球智能控制与自动化大会（WCICA'08）,李祖枢,重庆大学,6.0,2008-03至2008-12
2008,国际(地区)合作与交流项目,A01,623,40811130397,D06,南极海岸积雪和海冰物理和热学性质：现场观测数据质量控制，处理和数值模式验证,李志军,大连理工大学,2.56,2008-05至2009-04
2008,国际(地区)合作与交流项目,A01,624,40811130396,D0611,中国南极科学考察(CHINARE)所得积雪和海冰热力学性质的数值实验研究,李志军,大连理工大学,2.47,2008-05至2008-12
2008,国际(地区)合作与交流项目,A01,625,60810306053,F0407,第四届IEEE纳米/微米工程及分子系统国际年会,李志宏,北京大学,4.0,2008-12至2009-06
2008,国际(地区)合作与交流项目,A01,626,30810303056,H2721,2008国际针灸技法演示及临床应用学术研讨会,李志刚,北京中医药大学,4.0,2008-07至2008-12
2008,国际(地区)合作与交流项目,A01,627,60811340322,F010202,中国-韩国关于间断连接无线传感器网络双边学术研讨会,李云,重庆邮电大学,8.0,2008-10至2008-12
2008,国际(地区)合作与交流项目,A01,628,20810302013,B05,第三届国际高分子化学学术讨论会,李悦生,中国科学院长春应用化学研究所,5.0,2008-06至2008-06
2008,国际(地区)合作与交流项目,A01,629,10811340319,A0505,第三届中韩合作暗物质探测研讨会,李元景,清华大学,8.0,2008-11至2008-12
2008,国际(地区)合作与交流项目,A01,630,20831160507,B0106,含Pi-共轭有机配体的金属配位聚合物和超分子体系的功能化自组装,李玉良,中国科学院化学研究所,31.0,2009-01至2011-12
2008,国际(地区)合作与交流项目,A01,631,10810301036,A010501,2008年调和分析及复分析国际会议,李永青,福建师范大学,2.0,2008-06至2008-12
2008,国际(地区)合作与交流项目,A01,632,50881230482,E030901,中丹可再生能源研讨会,李永舫,中国科学院化学研究所,1.3,2008-10至2008-10
2008,国际(地区)合作与交流项目,A01,633,20821120293,B050205,用于高效聚合物太阳能电池的新型光伏材料的设计、合成和应用,李永舫,中国科学院化学研究所,100.0,2009-01至2011-12
2008,国际(地区)合作与交流项目,A01,634,20811260209,B0702,2008化学生物学学术研讨会,李艳梅,清华大学,1.0,2008-10至2008-11
2008,国际(地区)合作与交流项目,A01,635,20810302024,B070201,第十届中国国际多肽学术会议,李艳梅,清华大学,4.0,2008-06至2008-12
2008,国际(地区)合作与交流项目,A01,636,20810302040,B0102,第三届中美材料会议,李亚栋,清华大学,3.0,2008-11至2008-12
2008,国际(地区)合作与交流项目,A01,637,10810301055,A0108,2008守恒律与分子运动方程国际会议,李亚纯,上海交通大学,2.0,2008-12至2009-03
2008,国际(地区)合作与交流项目,A01,638,40811140121,D01,青年科学家夏季培训项目（YSSP）,李秀彬,中国科学院地理科学与资源研究所,4.0,2008-06至2008-08
2008,国际(地区)合作与交流项目,A01,639,70810307008,G02,IACMR中国管理研究国际学术会议,李新春,中山大学,5.2,2008-04至2008-12
2008,国际(地区)合作与交流项目,A01,640,70810307033,G01,第六届风险管理国际研讨会暨第七届金融系统工程国际研讨会,李心丹,南京大学,4.0,2009-10至2009-10
2008,国际(地区)合作与交流项目,A01,641,10811140327,A06,纳米多孔氧化物薄膜材料的制备与表征,李效民,中国科学院上海硅酸盐研究所,8.0,2008-06至2010-05
2008,国际(地区)合作与交流项目,A01,642,60831160526,F0402,片上系统测试架构设计与优化：针对噪声引起的测试良产率下降的研究,李晓维,中国科学院计算技术研究所,31.0,2009-01至2011-12
2008,国际(地区)合作与交流项目,A01,643,30811120435,H0208,蛋白酶体激活物REGgamma在病毒性心肌炎发病机制中的作用,李晓涛,华东师范大学,45.0,2009-01至2011-12
2008,国际(地区)合作与交流项目,A01,644,50810305067,E080801,第14届世界地震工程大会,李小军,中国地震局工程力学研究所,20.0,2009-01至2009-10
2008,国际(地区)合作与交流项目,A01,645,30811130072,C01,环境内分泌干扰物对转基因小鼠前列腺发育的影响,李向东,中国农业大学,2.68,2008-01至2008-12
2008,国际(地区)合作与交流项目,A01,646,50810305035,E0212,2009年古陶瓷科学技术国际讨论会,李伟东,中国科学院上海硅酸盐研究所,3.0,2008-08至2009-03
2008,国际(地区)合作与交流项目,A01,647,30810303067,H26,2008年国际儿童营养研讨会,李廷玉,重庆医科大学,3.0,2008-09至2009-02
2008,国际(地区)合作与交流项目,A01,648,30811260207,H1205,超声联合免疫纳米脂质体靶向介导色素上皮源性因子治疗视网膜脉络膜新生血管的实验研究,李涛,华中科技大学,1.0,2008-06至2008-08
2008,国际(地区)合作与交流项目,A01,649,40810304033,D0507,中国科学院大气物理研究所竺可桢-南森国际研究中心第三届高低纬度气候遥相关夏季讲习班,李双林,中国科学院大气物理研究所,4.0,2008-07至2008-12
2008,国际(地区)合作与交流项目,A01,650,30811260230,H1211,赴香港参加世界眼科大会和两岸四地眼科工作坊会议,李树宁,首都医科大学,1.0,2008-06至2008-12
2008,国际(地区)合作与交流项目,A01,651,50820135907,E090701,钻爆法施工的海底隧道最小岩石覆盖厚度研究,李术才,山东大学,110.0,2009-01至2012-12
2008,国际(地区)合作与交流项目,A01,652,20811120040,B0305,锰-碳酸氢根复合物参与光合电子传递和水氧化,李淑芹,中国科学院植物研究所,9.0,2008-01至2009-12
2008,国际(地区)合作与交流项目,A01,653,10810301060,A020311,中英离散元及非连续介质力学数值模拟研讨会（北京 离散元'08）,李世海,中国科学院力学研究所,2.0,2008-09至2009-04
2008,国际(地区)合作与交流项目,A01,654,30811140157,C140104,中日两国类病毒基因组序列遗传多样性的分子生态学研究,李世访,中国农业科学院植物保护研究所,14.2,2008-01至2010-12
2008,国际(地区)合作与交流项目,A01,655,30810403081,H1604,抗淋巴管生成疗法治疗恶性肿瘤的实验研究,李胜,山东省医学科学院,4.0,2008-11至2009-03
2008,国际(地区)合作与交流项目,A01,656,60810306001,F030203,建模、辨识与控制国际会议,李少远,上海交通大学,4.0,2008-01至2008-12
2008,国际(地区)合作与交流项目,A01,657,50810305055,E0501,2008 IEEE/ASME机电嵌入式系统及应用国际会议,李秦川,浙江理工大学,4.0,2008-10至2009-07
2008,国际(地区)合作与交流项目,A01,658,30801220253,H0717,"NSFC-CIHR""中加健康合作研究计划""项目联合评审会",李蓬,清华大学,1.3,2008-05至2008-12
2008,国际(地区)合作与交流项目,A01,659,20811140329,B0402,分子自组装技术用于糖类分子的电化学识别研究,李念兵,西南大学,5.6,2008-06至2010-05
2008,国际(地区)合作与交流项目,A01,660,10811120015,A0106,函数空间上的分数阶发展方程,李淼,四川大学,9.0,2008-01至2009-12
2008,国际(地区)合作与交流项目,A01,661,50810105002,E031501,流动场诱导的晶核与链解缠结的关系,李良彬,中国科学技术大学,2.5,2008-05至2008-12
2008,国际(地区)合作与交流项目,A01,662,60810306056,F020305,第10届IEEE高性能计算与通讯国际会议,李克秋,大连理工大学,3.8,2008-12至2009-06
2008,国际(地区)合作与交流项目,A01,663,10811140301,A050103,2008 ICTP高能物理访问,李康,杭州师范大学,1.3,2008-07至2008-12
2008,国际(地区)合作与交流项目,A01,664,10810301022,A0103,模型和模拟国际会议,李开泰,西安交通大学,3.0,2008-07至2008-12
2008,国际(地区)合作与交流项目,A01,665,10811130559,A050305,超重核的结构与合成机制的研究,李君清,中国科学院近代物理研究所,4.0,2009-01至2010-04
2008,国际(地区)合作与交流项目,A01,666,10811130075,A0503,超重核的结构与合成机制的研究,李君清,中国科学院近代物理研究所,2.5,2008-05至2009-07
2008,国际(地区)合作与交流项目,A01,667,30831160517,H1622,MIP-T3在细胞中心体和纤毛中的作用及相关调节机制的研究,李隽,中山大学,30.0,2009-01至2011-12
2008,国际(地区)合作与交流项目,A01,668,20810302044,B08,海内外青年学者过程工程前沿与发展学术研讨会,李静海,中国科学院过程工程研究所,6.0,2008-09至2008-12
2008,国际(地区)合作与交流项目,A01,669,70810307038,G01,第11届信息学和组织符号学国际会议,李京文,北京工业大学,4.0,2009-04至2009-04
2008,国际(地区)合作与交流项目,A01,670,30810103091,H0912,神经黑色素影响α-Synuclein过表达多巴胺能神经元线粒体功能的机制研究,李洁,天津医科大学,2.0,2008-12至2009-04
2008,国际(地区)合作与交流项目,A01,671,50811120051,E020301,燃烧合成具有摩擦学应用的多组元复相陶瓷,李江涛,中国科学院理化技术研究所,9.0,2008-01至2009-12
2008,国际(地区)合作与交流项目,A01,672,40881220142,D0211,参加中－美双边地震科学研究研讨会,李江海,北京大学,1.1,2008-04至2008-12
2008,国际(地区)合作与交流项目,A01,673,60831160525,F020809,非确定传感网数据整合,李建中,哈尔滨工业大学,31.0,2009-01至2011-12
2008,国际(地区)合作与交流项目,A01,674,30821140352,C130403,基于关联和连锁分析的玉米维生素A源和油份生物合成的分子机理研究,李建生,中国农业大学,100.0,2009-01至2011-12
2008,国际(地区)合作与交流项目,A01,675,40881230060,D0507,中英气候变化学术研讨会,李建,中国气象科学研究院,1.0,2008-02至2008-08
2008,国际(地区)合作与交流项目,A01,676,30810303050,C1603,国际林产品学会联合会学术研讨会（IAWPS2008）,李坚,东北林业大学,6.0,2008-09至2008-09
2008,国际(地区)合作与交流项目,A01,677,50810305029,E08,第六届国际振动工程会议,李惠,哈尔滨工业大学,4.0,2008-07至2009-04
2008,国际(地区)合作与交流项目,A01,678,30810103052,H1005,HSV-2感染人宫颈上皮细胞激活TLR4依赖的信号通路,李晖,武汉大学,2.0,2008-09至2009-12
2008,国际(地区)合作与交流项目,A01,679,20810302019,B081002,第十八届国际精细化学和功能高分子学术讨论会暨IUPAC第四届新型材料及其制备学术讨论会,李华明,江苏大学,4.0,2008-10至2008-10
2008,国际(地区)合作与交流项目,A01,680,50810305027,E0808,高压输电塔－线体系抗震抗风基础研究,李宏男,大连理工大学,4.0,2008-07至2009-04
2008,国际(地区)合作与交流项目,A01,681,40810304010,D01,申请举办“第五届气候变化：喀斯特记录（KR5）国际会议”的经费资助,李红春,西南大学,4.0,2008-06至2008-12
2008,国际(地区)合作与交流项目,A01,682,10811130189,A050610,电弧等离子体阳极鞘层的数值模拟研究,李和平,清华大学,4.74,2008-05至2008-12
2008,国际(地区)合作与交流项目,A01,683,70881330491,G03,中英2009年度管理科学合作研究项目研讨会,李庚银,华北电力大学,7.98,2008-10至2008-12
2008,国际(地区)合作与交流项目,A01,684,40810104026,D0202,吉林省东部延吉盆地大拉子组碳稳定同位素地层学和相分析,李罡,中国科学院南京地质古生物研究所,1.6,2008-07至2008-12
2008,国际(地区)合作与交流项目,A01,685,50810305052,E0410,2008(沈阳)国际安全科学与技术学术研讨会,李刚,东北大学,4.0,2008-10至2009-08
2008,国际(地区)合作与交流项目,A01,686,10811140149,A0108,具有测度资料的非线性偏微分方程,李风泉,大连理工大学,1.2,2008-04至2008-08
2008,国际(地区)合作与交流项目,A01,687,70810107018,G010301,模糊环境下的智能计算技术,李法朝,河北科技大学,1.8,2008-12至2009-12
2008,国际(地区)合作与交流项目,A01,688,30810103902,C170106,蛋白质组学分析猪宫内生长受限胎盘发育调控机制的研究,李德发,中国农业大学,110.0,2009-01至2011-12
2008,国际(地区)合作与交流项目,A01,689,10881330366,A010204,中法应用数学夏季学院－－－非线性双曲型方程的一些问题与应用,李大潜,复旦大学,10.0,2008-09至2008-12
2008,国际(地区)合作与交流项目,A01,690,30811130193,C1605,西南亚高山代表性木本植物在海拔梯度上的适应性变化,李春阳,中国科学院成都生物研究所,1.1,2008-09至2008-12
2008,国际(地区)合作与交流项目,A01,691,30811260196,H1204,广东原发性开角型青光眼家系致病基因MYOC功能研究,李春梅,中山大学,0.7,2008-06至2008-12
2008,国际(地区)合作与交流项目,A01,692,30811130219,C02,中国西南地区植被演替与环境变迁的研究,李承森,中国科学院植物研究所,8.82,2008-01至2009-12
2008,国际(地区)合作与交流项目,A01,693,20810302015,B0201,第14届国际催化大会会前会——纳米催化：基础和应用,李灿,中国科学院大连化学物理研究所,5.0,2008-07至2008-07
2008,国际(地区)合作与交流项目,A01,694,10881240367,A010207,数学，算法和证明暑期班,李邦河,中国科学院数学与系统科学研究院,1.3,2008-08至2008-12
2008,国际(地区)合作与交流项目,A01,695,30831160511,C0901,CDK5激活物结合蛋白LZAP在神经退行性疾病中的作用,黎明涛,中山大学,30.0,2009-01至2011-12
2008,国际(地区)合作与交流项目,A01,696,10811340318,A0507,同步辐射生物医学成像联合研讨会,黎刚,中国科学院高能物理研究所,8.0,2008-10至2008-12
2008,国际(地区)合作与交流项目,A01,697,50810105008,E050302,双稳随机共振与分层混沌共振的动力学调参关系研究,冷永刚,天津大学,1.0,2008-07至2008-07
2008,国际(地区)合作与交流项目,A01,698,50810305020,E080704,“现代铁路创新与可持续发展”国际学术研讨会,雷晓燕,华东交通大学,4.0,2008-10至2009-05
2008,国际(地区)合作与交流项目,A01,699,30811120436,H0716,中国和加拿大人群中肥胖基因的研究：重复性的证据与种族和性别差异的研究,雷署丰,湖南师范大学,45.0,2009-01至2011-12
2008,国际(地区)合作与交流项目,A01,700,40881230055,D0507,中英气候变化学术研讨会,蓝光东,中山大学,1.1,2008-02至2008-08
2008,国际(地区)合作与交流项目,A01,701,10811120010,A040414,基于非线性光子晶体的超快全光开关器件的研究,兰胜,华南师范大学,9.0,2008-01至2009-12
2008,国际(地区)合作与交流项目,A01,702,50820125506,E0508,质子交换膜燃料电池极板制造与电堆装配的理论与技术基础研究,来新民,上海交通大学,90.0,2009-01至2012-12
2008,国际(地区)合作与交流项目,A01,703,50881220264,E020603,中美材料科学双边学术研讨会,康飞宇,清华大学,1.1,2008-06至2008-12
2008,国际(地区)合作与交流项目,A01,704,30811260312,H1203,MicroRNA-34a抑制葡萄膜黑色素瘤细胞的增殖与迁移,瞿佳,温州医科大学,1.0,2008-07至2008-12
2008,国际(地区)合作与交流项目,A01,705,30811260177,F010810,赴香港参加2008年世界眼科大会,鞠颖,厦门大学,1.0,2008-06至2008-12
2008,国际(地区)合作与交流项目,A01,706,20881260374,B04,参加“2008化学生物学学术研讨会”,鞠熀先,南京大学,1.0,2008-10至2008-12
2008,国际(地区)合作与交流项目,A01,707,20811120102,B0404,DNA杂交的高灵敏度电化学生物传感器研究,鞠熀先,南京大学,9.0,2008-01至2010-12
2008,国际(地区)合作与交流项目,A01,708,10810401045,A0108,函数空间的几何刻画及在方程中的应用,琚强昌,北京应用物理与计算数学研究所,0.6,2008-07至2008-12
2008,国际(地区)合作与交流项目,A01,709,10811130214,A0301,星系团的强引力透镜,景益鹏,中国科学院上海天文台,14.0,2008-01至2009-12
2008,国际(地区)合作与交流项目,A01,710,10820101049,A0402,高压新物质态及压力调控的量子序,靳常青,中国科学院物理研究所,100.0,2009-01至2011-12
2008,国际(地区)合作与交流项目,A01,711,60811120113,F0202,度量和管理不一致软件需求的集成框架支撑工具和过程指南,金芝,中国科学院数学与系统科学研究院,9.0,2008-01至2010-12
2008,国际(地区)合作与交流项目,A01,712,30811120116,C05,大鼠副睾特异蛋白16(ELP16)的三级结构与功能研究,金由辛,中国科学院上海生命科学研究院,2.7,2008-01至2008-12
2008,国际(地区)合作与交流项目,A01,713,10881230379,A0402,参加中英纳米自旋电子学研讨会,金晓峰,复旦大学,1.2,2008-09至2008-12
2008,国际(地区)合作与交流项目,A01,714,50811140088,E080501,基于全寿命管理的混凝土结构耐久性设计理论,金伟良,浙江大学,7.8,2008-04至2010-12
2008,国际(地区)合作与交流项目,A01,715,50811130215,E080501,海洋混凝土结构寿命预测的相似方法,金伟良,浙江大学,7.62,2008-01至2009-12
2008,国际(地区)合作与交流项目,A01,716,50810305066,E0805,混凝土结构耐久性国际学术会议,金伟良,浙江大学,4.0,2009-01至2009-12
2008,国际(地区)合作与交流项目,A01,717,10811130178,A050203,ATLAS实验物理合作研究,金山,中国科学院高能物理研究所,2.3,2008-04至2008-12
2008,国际(地区)合作与交流项目,A01,718,40881320500,D0201,中俄东亚植物群演化与发展学术研讨会,金建华,中山大学,10.0,2009-01至2009-12
2008,国际(地区)合作与交流项目,A01,719,40811120033,D0201,海南岛长昌盆地始新世植物区系研究,金建华,中山大学,9.0,2008-01至2009-12
2008,国际(地区)合作与交流项目,A01,720,40811120032,D070105,中俄半干旱地区人工林发育过程及生态效应合作研究,焦菊英,中国科学院水利部水土保持研究所,9.0,2008-01至2009-12
2008,国际(地区)合作与交流项目,A01,721,10811130466,A040504,基于心理声学特征的城市声景观评价技术研究,焦风雷,中国科学院声学研究所,10.36,2008-04至2010-12
2008,国际(地区)合作与交流项目,A01,722,60811130529,F0101,以人为本的中、芬安全福利服务及其支撑技术的研究,焦秉立,北京大学,40.0,2009-01至2011-12
2008,国际(地区)合作与交流项目,A01,723,30810103085,C200301,果蔬保鲜加工中的生物学问题,蒋跃明,中国科学院华南植物园,1.0,2008-11至2009-04
2008,国际(地区)合作与交流项目,A01,724,60810306009,F04,2008结技术国际研讨会,蒋玉龙,复旦大学,4.0,2008-05至2008-05
2008,国际(地区)合作与交流项目,A01,725,60811120099,F010905,基于电活性纳米纤维的新型电子与光电子器件,蒋亚东,电子科技大学,9.0,2008-01至2010-12
2008,国际(地区)合作与交流项目,A01,726,20811260365,B040406,2008化学生物学学术研讨会,蒋兴宇,国家纳米科学中心,1.0,2008-10至2008-12
2008,国际(地区)合作与交流项目,A01,727,20811140534,B0404,氧化金属纳米颗粒用于酶的固定,蒋兴宇,国家纳米科学中心,8.0,2008-12至2011-11
2008,国际(地区)合作与交流项目,A01,728,40811130068,D020104,华南PC-C古海洋环境地球化学示踪与年代学研究,蒋少涌,南京大学,5.2,2008-03至2008-08
2008,国际(地区)合作与交流项目,A01,729,20810302031,B0705,第六届世界华人药物化学研讨会,蒋华良,中国科学院上海药物研究所,6.0,2008-07至2008-12
2008,国际(地区)合作与交流项目,A01,730,10810301020,A010602,算子理论及其在几何与拓扑学中的应用国际学术研讨会,蒋春澜,河北师范大学,3.0,2008-06至2008-12
2008,国际(地区)合作与交流项目,A01,731,60810306034,F010404,黄果树生物医学中的数学方法国际会议——医学成像，调强放射治疗和反问题的前沿方向,姜明,北京大学,4.0,2008-11至2008-12
2008,国际(地区)合作与交流项目,A01,732,30810403080,C120108,TSA协同细胞因子诱导白血病细胞定向终末分化为DC细胞的研究,姜国胜,山东省医学科学院,1.5,2009-01至2009-12
2008,国际(地区)合作与交流项目,A01,733,10811120445,A0102,顶点算子代数的有理性,姜翠波,上海交通大学,4.0,2008-07至2009-12
2008,国际(地区)合作与交流项目,A01,734,60811120024,F030213,代数与几何方法在非线性系统故障调节中的研究与应用,姜斌,南京航空航天大学,9.0,2008-01至2009-12
2008,国际(地区)合作与交流项目,A01,735,70831160527,G0212,集装箱区域运输的协作管理：优化模型和决策系统,江志斌,上海交通大学,25.0,2009-01至2011-12
2008,国际(地区)合作与交流项目,A01,736,10811140163,A040202,赴意大利的国际旅费,江兆潭,北京理工大学,1.2,2008-05至2009-05
2008,国际(地区)合作与交流项目,A01,737,20810302047,B06,第五届持久性有毒化学污染物国际研讨会,江桂斌,中国科学院生态环境研究中心,6.0,2008-09至2008-12
2008,国际(地区)合作与交流项目,A01,738,60810306024,F0302,2008第四届“拟人系统”国际学术会议,贾英民,北京航空航天大学,4.0,2008-10至2008-12
2008,国际(地区)合作与交流项目,A01,739,30811120437,H0712,肝脏甘油三酯代谢异常在胰岛素抵抗和2型糖尿病发病机制中的作用,贾伟平,上海交通大学,45.0,2009-01至2011-12
2008,国际(地区)合作与交流项目,A01,740,20811130069,B020103,异丁烯选择性催化氧化反应及催化剂的研究,贾明君,吉林大学,1.2,2008-05至2008-12
2008,国际(地区)合作与交流项目,A01,741,20810102039,B0705,Sigma受体显像剂的研究,贾红梅,北京师范大学,1.0,2008-10至2008-12
2008,国际(地区)合作与交流项目,A01,742,10810101002,A020412,颗粒介质微观-宏观力学行为的实验研究,季顺迎,大连理工大学,2.5,2008-06至2008-07
2008,国际(地区)合作与交流项目,A01,743,20811260186,B0702,2008化学生物学学术研讨会,计亮年,中山大学,0.7,2008-10至2008-11
2008,国际(地区)合作与交流项目,A01,744,50810305028,E08,国际混凝土和结构工程进展,霍静思,湖南大学,4.0,2008-07至2009-04
2008,国际(地区)合作与交流项目,A01,745,30811260206,B0702,2008化学生物学学术研讨会,黄志纾,中山大学,0.7,2008-10至2008-11
2008,国际(地区)合作与交流项目,A01,746,30811260201,H1211,两岸四地眼科研讨工作坊,黄小勇,中国人民解放军第三军医大学,1.0,2008-06至2008-08
2008,国际(地区)合作与交流项目,A01,747,60810306040,F040203,第9届固态和集成电路技术国际会议,黄如,北京大学,4.0,2008-10至2008-12
2008,国际(地区)合作与交流项目,A01,748,20811260290,B010305,2008化学生物学学术研讨会,黄培强,厦门大学,1.0,2008-10至2008-11
2008,国际(地区)合作与交流项目,A01,749,10811130470,A020409,复杂地形下沙尘颗粒的释放和沉积,黄宁,兰州大学,45.0,2009-01至2011-12
2008,国际(地区)合作与交流项目,A01,750,30831160509,C1002,生物医用材料表面生物分子固定与微图形化,黄楠,西南交通大学,32.0,2009-01至2011-12
2008,国际(地区)合作与交流项目,A01,751,50811140338,E0110,无铅化电子封装中固/液界面反应研究,黄明亮,大连理工大学,5.4,2008-07至2010-06
2008,国际(地区)合作与交流项目,A01,752,30811130467,C0302,蛋白水解酶系统作为癌症标记和癌症治疗的靶标,黄明东,中国科学院福建物质结构研究所,100.0,2008-09至2011-08
2008,国际(地区)合作与交流项目,A01,753,40810304014,D0609,第六届世界华人虾蟹类养殖研讨会,黄良民,中国科学院南海海洋研究所,4.0,2008-06至2008-12
2008,国际(地区)合作与交流项目,A01,754,70811140348,G021102,中韩移动商务服务业对比研究：政府政策与企业战略,黄京华,清华大学,6.0,2008-06至2010-05
2008,国际(地区)合作与交流项目,A01,755,30821140349,C1303,基于水稻集约化生产的水肥耦合与养分高效利用基础研究,黄见良,华中农业大学,100.0,2009-01至2011-12
2008,国际(地区)合作与交流项目,A01,756,10810301011,A030402,日冕磁场能量释放中的非线性等离子体过程的研究,黄光力,中国科学院紫金山天文台,3.5,2008-03至2008-09
2008,国际(地区)合作与交流项目,A01,757,10810301038,A010801,首届中日流体力学的数学研讨会,黄飞敏,中国科学院数学与系统科学研究院,2.5,2008-11至2008-12
2008,国际(地区)合作与交流项目,A01,758,40810104040,D020101,道虎沟动物群的蜘蛛化石,黄迪颖,中国科学院南京地质古生物研究所,1.0,2008-11至2008-12
2008,国际(地区)合作与交流项目,A01,759,30810303059,C0508,2008年度国际智能计算学术会议,黄德双,中国科学院合肥物质科学研究院,6.0,2008-07至2008-12
2008,国际(地区)合作与交流项目,A01,760,40810404008,D01,以更新的自然灾害风险区划图为基础的决策支持系统研究,黄崇福,北京师范大学,1.5,2008-06至2008-12
2008,国际(地区)合作与交流项目,A01,761,30810303014,C0101,第二届生物医学与环境健康前沿国际学术会议：DNA修复与肿瘤生物学,华跃进,浙江大学,6.0,2008-04至2008-04
2008,国际(地区)合作与交流项目,A01,762,10810301079,A010301,问题驱动的应用数学国际会议暨中国工业与应用数学学会第十届年会,胡泽军,郑州大学,2.0,2008-08至2009-04
2008,国际(地区)合作与交流项目,A01,763,40810104021,D0104,长江流域网纹红土风成特性的地球化学证据及古气候意义,胡雪峰,上海大学,3.0,2008-07至2008-12
2008,国际(地区)合作与交流项目,A01,764,10810301021,A010902,非线性波：理论及其应用,胡星标,中国科学院数学与系统科学研究院,3.0,2008-06至2008-12
2008,国际(地区)合作与交流项目,A01,765,30810103030,C040201,海洋纤毛虫原生动物的生物多样性和生态学,胡晓钟,中国海洋大学,1.0,2008-07至2008-12
2008,国际(地区)合作与交流项目,A01,766,20811140158,B010301,立体选择性多组份反应绿色合成方法学用于生理活性化合物的合成,胡文浩,华东师范大学,10.0,2008-05至2012-12
2008,国际(地区)合作与交流项目,A01,767,30810303053,C190101,第二届海峡两岸鱼类生理与养殖学术研讨会,胡炜,中国科学院水生生物研究所,5.0,2008-07至2008-12
2008,国际(地区)合作与交流项目,A01,768,20810302042,B03,第四届中法双边研讨会：分子光谱，动力学和量子控制,胡水明,中国科学技术大学,2.0,2008-10至2008-12
2008,国际(地区)合作与交流项目,A01,769,70810307027,G0203,2008产品创新管理国际论坛,胡树华,武汉理工大学,3.0,2008-10至2008-12
2008,国际(地区)合作与交流项目,A01,770,40811130071,D0403,污染土壤垂直剖面研究（纳入NSFC和DFG框架协议）,胡守云,中国科学院南京地理与湖泊研究所,4.15,2008-04至2008-09
2008,国际(地区)合作与交流项目,A01,771,40811130073,D020101,早寒武世特异化石库生物学及埋藏学研究,胡世学,云南省地质科学研究所,3.96,2008-04至2008-08
2008,国际(地区)合作与交流项目,A01,772,60811120025,F050807,大气湍流的实验室模拟与探测,胡立发,中国科学院长春光学精密机械与物理研究所,9.0,2008-01至2009-12
2008,国际(地区)合作与交流项目,A01,773,20811130192,B0403,靶向纳米拉曼探针用于细胞活体检测的研究,胡继明,武汉大学,1.1,2008-06至2008-09
2008,国际(地区)合作与交流项目,A01,774,10811120016,A020203,具有约束、不确定性和时滞的动力系统稳定性与控制,胡海岩,南京航空航天大学,9.0,2008-01至2009-12
2008,国际(地区)合作与交流项目,A01,775,30881220260,H0914,2008年中加衰老研究双边研讨会,胡刚,南京医科大学,1.3,2008-06至2008-12
2008,国际(地区)合作与交流项目,A01,776,20810302025,B010504,第三届国际均相催化论坛暨第一届中西双边催化会议,侯雪龙,中国科学院上海有机化学研究所,4.0,2008-09至2008-09
2008,国际(地区)合作与交流项目,A01,777,40811240460,D0101,天气与气候机制秋季研讨：区域天气预测与模拟,侯西勇,中国科学院烟台海岸带研究所,1.6,2008-09至2008-12
2008,国际(地区)合作与交流项目,A01,778,10811120011,A050401,快重离子辐照材料中结构转变机制研究,侯明东,中国科学院近代物理研究所,9.0,2008-01至2009-12
2008,国际(地区)合作与交流项目,A01,779,40810069004,D0608,九龙江流域－河口－近海系统耦合变动及环境生态效应,洪华生,厦门大学,100.0,2009-01至2012-12
2008,国际(地区)合作与交流项目,A01,780,30881220262,H2501,2008年中加衰老研究双边研讨会,赫荣乔,中国科学院生物物理研究所,1.3,2008-05至2008-12
2008,国际(地区)合作与交流项目,A01,781,40810304024,D070101,第十三届国际土壤微形态学大会,贺秀斌,中国科学院、水利部成都山地灾害与环境研究所,4.0,2008-07至2008-12
2008,国际(地区)合作与交流项目,A01,782,10811240164,A010301,球面间的调和映射,贺慧霞,北京航空航天大学,1.2,2008-06至2008-08
2008,国际(地区)合作与交流项目,A01,783,20811120041,B050205,有机高分子体系中的载流子传输,何志群,北京交通大学,9.0,2008-01至2009-12
2008,国际(地区)合作与交流项目,A01,784,70810307025,G0112,IEEE全球化企业高级信息管理国际学术会议合作交流,何桢,天津大学,3.0,2008-09至2008-12
2008,国际(地区)合作与交流项目,A01,785,40881220143,D04,2008年度中美地震科技合作双边研讨会,何玉梅,中国科学院地质与地球物理研究所,1.1,2008-04至2008-12
2008,国际(地区)合作与交流项目,A01,786,30881220256,H0906,2008年中加衰老研究双边研讨会,何耀,中国人民解放军总医院,1.3,2008-05至2008-12
2008,国际(地区)合作与交流项目,A01,787,20810302028,B0404,2008年第三届生物医学工程、生物分析与纳米技术国际会议（ISBBN 2008）,何晓晓,湖南大学,3.0,2008-06至2008-12
2008,国际(地区)合作与交流项目,A01,788,10810301075,A020316,2008国际实验力学会议,何小元,东南大学,3.0,2008-09至2009-04
2008,国际(地区)合作与交流项目,A01,789,10810301026,A0301,观测宇宙学讲习班,何香涛,北京师范大学,9.0,2008-05至2009-05
2008,国际(地区)合作与交流项目,A01,790,10881360548,A0111,第六届海峡两岸统计与概率学术研讨会,何书元,北京大学,2.0,2009-01至2009-07
2008,国际(地区)合作与交流项目,A01,791,10811120446,A0111,复杂发现过程的推断与预测,何书元,北京大学,8.0,2008-01至2009-12
2008,国际(地区)合作与交流项目,A01,792,30811140333,C0906,视网膜方向选择性神经节细胞和胆碱能无长突细胞发育过程中受体表达的变化,何士刚,中国科学院生物物理研究所,8.0,2008-07至2010-07
2008,国际(地区)合作与交流项目,A01,793,60810306054,F05,APOC 2008亚太光通信会议,何建军,浙江大学,4.0,2008-12至2009-06
2008,国际(地区)合作与交流项目,A01,794,60811140344,F020507,面向协同设计的安全数据交换,何发智,武汉大学,4.2,2008-07至2010-06
2008,国际(地区)合作与交流项目,A01,795,60831160523,F010906,基于超声导波和阻抗法综合技术的管道完整性监测方法研究,何存富,北京工业大学,33.0,2009-01至2011-12
2008,国际(地区)合作与交流项目,A01,796,40810304003,D04,第三届黄海地质与地球物理特征中韩双边学术讨论会,郝天珧,中国科学院地质与地球物理研究所,4.0,2008-06至2008-12
2008,国际(地区)合作与交流项目,A01,797,40810304044,D071303,第五届土壤和水评价国际会议,郝芳华,北京师范大学,5.0,2008-10至2008-12
2008,国际(地区)合作与交流项目,A01,798,30810303065,C07,天津国际干细胞研讨会,韩忠朝,中国医学科学院,6.0,2008-07至2008-12
2008,国际(地区)合作与交流项目,A01,799,20810302014,B0307,第八届国际高分子物理学术讨论会,韩志超,中国科学院化学研究所,5.0,2008-06至2008-06
2008,国际(地区)合作与交流项目,A01,800,10881230385,A040208,中英纳米自旋电子学研讨会,韩秀峰,中国科学院物理研究所,1.3,2008-09至2008-12
2008,国际(地区)合作与交流项目,A01,801,10811130465,A040208,中英双方基于磁性隧道结的器件制备与研究,韩秀峰,中国科学院物理研究所,10.89,2008-04至2010-03
2008,国际(地区)合作与交流项目,A01,802,10811120104,A040207,高质量磁性隧道结的制备和微结构表征以及其在自旋电子器件中的应用,韩秀峰,中国科学院物理研究所,9.0,2008-01至2010-12
2008,国际(地区)合作与交流项目,A01,803,30881220454,C2102,中俄生理心理学学术研讨会,韩世辉,北京大学,8.0,2009-01至2009-12
2008,国际(地区)合作与交流项目,A01,804,30810303058,C2101,第七届中德认知神经科学学术会议,韩世辉,北京大学,4.0,2008-07至2008-12
2008,国际(地区)合作与交流项目,A01,805,70811140118,G0115,青年科学家暑期项目,韩立岩,北京航空航天大学,4.0,2008-06至2008-08
2008,国际(地区)合作与交流项目,A01,806,30810303011,C0607,中国科学院2008年发育系统生物学国际会议,韩敬东,中国科学院遗传与发育生物学研究所,4.0,2008-05至2008-05
2008,国际(地区)合作与交流项目,A01,807,30810303005,H0113,亚洲的发作性睡病研究,韩芳,北京大学,3.0,2008-03至2008-03
2008,国际(地区)合作与交流项目,A01,808,10810301033,A0117,第二届数值代数与科学计算国际会议,韩德仁,南京师范大学,3.0,2008-04至2008-12
2008,国际(地区)合作与交流项目,A01,809,50811120047,E070202,内外磁场对含有微米、纳米粒子的具有磁介质损耗的复合材料性能的影响研究,韩宝忠,哈尔滨理工大学,9.0,2008-01至2009-12
2008,国际(地区)合作与交流项目,A01,810,60811130528,F02,普适计算中智能服务的研究,过敏意,上海交通大学,40.0,2009-01至2011-12
2008,国际(地区)合作与交流项目,A01,811,60810306046,F020304,2008年IEEE/IFTP嵌入式与普适计算国际学术会议,过敏意,上海交通大学,4.0,2008-12至2009-06
2008,国际(地区)合作与交流项目,A01,812,20881260496,B0702,2008化学生物学学术研讨会,郭子建,南京大学,1.0,2008-10至2008-12
2008,国际(地区)合作与交流项目,A01,813,40811130472,D0211,青藏高原构造隆升与气候变化的耦合关系,郭召杰,北京大学,0.7,2008-10至2009-06
2008,国际(地区)合作与交流项目,A01,814,30881220449,C0404,欧亚大陆两栖爬行动物的研究和保护：现状和合作计划(NSFC-RFBR双边研讨会),郭宪光,中国科学院成都生物研究所,8.0,2009-01至2009-12
2008,国际(地区)合作与交流项目,A01,815,10810301009,A010201,群论及其相关课题国际会议,郭文彬,江苏师范大学,3.5,2008-04至2008-06
2008,国际(地区)合作与交流项目,A01,816,10810101032,A040502,利用浅海海洋环境噪声反演海底参数,郭圣明,中国科学院声学研究所,3.0,2008-04至2008-12
2008,国际(地区)合作与交流项目,A01,817,30881340462,C130401,NSFC-IRRI水稻基础研究研讨会,郭龙彪,中国水稻研究所,15.5,2008-12至2008-12
2008,国际(地区)合作与交流项目,A01,818,50881240123,E06,中国-泰国可再生能源技术进展研讨会,郭烈锦,西安交通大学,0.6,2008-01至2008-08
2008,国际(地区)合作与交流项目,A01,819,50810305019,E01,第七届先进金属间化合物和金属基材料国际研讨会,郭景杰,哈尔滨工业大学,4.0,2008-07至2009-03
2008,国际(地区)合作与交流项目,A01,820,30810303036,C0403,2008年国际仿生科学与技术研讨会,郭策,南京航空航天大学,3.0,2008-07至2008-12
2008,国际(地区)合作与交流项目,A01,821,30811260236,C05,中国人群Leber遗传性视神经病变发病机制研究,管敏鑫,温州医科大学,1.0,2008-06至2008-12
2008,国际(地区)合作与交流项目,A01,822,50810105003,E031301,多酚蛋白质分离机理及工业规模制备工艺研究,顾铭,中国科学院过程工程研究所,2.7,2008-05至2008-12
2008,国际(地区)合作与交流项目,A01,823,60811130468,F020106,嵌入式系统仿真与验证平台开发,顾明,清华大学,45.0,2009-01至2011-12
2008,国际(地区)合作与交流项目,A01,824,10810301028,A0401,材料物性多重尺度模拟和计算国际研讨会,龚新高,复旦大学,4.0,2008-07至2008-12
2008,国际(地区)合作与交流项目,A01,825,20810302026,B0103,手性有机小分子催化反应研究,龚流柱,中国科学技术大学,2.0,2008-05至2008-12
2008,国际(地区)合作与交流项目,A01,826,50811130220,E0505,关节软骨的生物摩擦学性能研究,葛世荣,中国矿业大学,8.25,2008-01至2010-12
2008,国际(地区)合作与交流项目,A01,827,10811130191,A050201,LHCb实验中Bc物理的研究,高原宁,清华大学,5.15,2008-01至2008-12
2008,国际(地区)合作与交流项目,A01,828,40881230057,D0508,中英气候变化学术研讨会,高艳红,中国科学院寒区旱区环境与工程研究所,1.2,2008-02至2008-08
2008,国际(地区)合作与交流项目,A01,829,40831160519,D0609,南中国海关键潜在有毒赤潮藻在地理表型、DNA序列和蛋白组水平上的产毒基础特性研究,高亚辉,厦门大学,32.0,2009-01至2011-12
2008,国际(地区)合作与交流项目,A01,830,70881230080,G03,管理科学与公共政策(与爱丁堡皇家学会（RSE）首次workshop),高旭东,清华大学,1.0,2008-03至2008-08
2008,国际(地区)合作与交流项目,A01,831,30831160513,C120110,在体研究JAK1在骨骼肌干细胞及肌肉再生中的功能,高翔,南京大学,30.0,2009-01至2011-12
2008,国际(地区)合作与交流项目,A01,832,10810101066,A040307,一维费米原子气中的自旋拖曳和自旋电荷分离的含时流密度泛函研究,高先龙,浙江师范大学,3.0,2008-07至2009-06
2008,国际(地区)合作与交流项目,A01,833,20831160505,B030606,钌、锇顺磁性配合物构筑的新型分子基磁性材料,高松,北京大学,31.5,2009-01至2011-12
2008,国际(地区)合作与交流项目,A01,834,30801220254,H2501,NSFC-CIHR中加健康合作研究计划项目联合评审会,高绍荣,北京生命科学研究所,1.3,2008-06至2008-12
2008,国际(地区)合作与交流项目,A01,835,40881220140,D0408,2008中美地震研究双边研讨会,高锐,中国地质科学院地质研究所,1.1,2008-04至2008-12
2008,国际(地区)合作与交流项目,A01,836,40881230063,D0508,中英气候变化学术研讨会,高荣,国家气候中心,1.0,2008-02至2008-08
2008,国际(地区)合作与交流项目,A01,837,20810402063,B0303,混合自催化-负反馈复杂反应体系的化学波和失稳,高庆宇,中国矿业大学,3.0,2009-02至2009-04
2008,国际(地区)合作与交流项目,A01,838,20820102035,B0203,纳米晶体与生物屏障的相互作用研究,高明远,中国科学院化学研究所,90.0,2009-01至2012-12
2008,国际(地区)合作与交流项目,A01,839,30810103062,C160901,低温扫描电镜下生防毛壳与瓜果腐霉在寄主植物上相互作用的超微结构,高克祥,山东农业大学,1.2,2008-07至2008-12
2008,国际(地区)合作与交流项目,A01,840,50810305054,E050302,工程资产管理及智能维修建模与应用研究,高金吉,北京化工大学,3.0,2008-10至2009-07
2008,国际(地区)合作与交流项目,A01,841,10811260002,A0303,参加国际天文联合会研讨会251——太空中的有机物质,高健,北京师范大学,0.7,2008-02至2008-12
2008,国际(地区)合作与交流项目,A01,842,70810307001,G0215,2008创新与创业国际会议,高建,清华大学,2.0,2008-03至2008-09
2008,国际(地区)合作与交流项目,A01,843,30810303066,C080105,免疫调节及其在人类疾病中的临床应用国际会议,高福,中国科学院微生物研究所,8.0,2008-09至2009-02
2008,国际(地区)合作与交流项目,A01,844,10811240152,A050306,第六届强子物理前沿国际会议,高春媛,北京大学,1.2,2008-05至2008-08
2008,国际(地区)合作与交流项目,A01,845,60811130489,F050601,二极管泵浦窄线宽激光器研究,高春清,北京理工大学,1.98,2008-11至2009-04
2008,国际(地区)合作与交流项目,A01,846,10811120012,A020317,静动力荷载作用下复合材料结构的力学模型及求解方法,富明慧,中山大学,9.0,2008-01至2009-12
2008,国际(地区)合作与交流项目,A01,847,50821140308,E0203,多功能陶瓷的新功能创制与应用潜力探索,傅正义,武汉理工大学,200.0,2008-08至2011-07
2008,国际(地区)合作与交流项目,A01,848,10810301023,A010804,非线性分析与偏微分方程国际学术会议,傅希林,山东师范大学,2.0,2008-05至2008-11
2008,国际(地区)合作与交流项目,A01,849,50881220452,E010102,电磁场对材料结构和性能的影响(NSFC-RFBR双边研讨会),傅万堂,燕山大学,8.0,2009-01至2009-12
2008,国际(地区)合作与交流项目,A01,850,30811260202,H1204,房水流出通道改变对眼免疫赦免的影响及其机制,傅涛,首都医科大学,1.0,2008-06至2008-08
2008,国际(地区)合作与交流项目,A01,851,20811120042,B020103,尺寸效应在金属表面吸附和催化中的作用,傅强,中国科学院大连化学物理研究所,9.0,2008-01至2009-12
2008,国际(地区)合作与交流项目,A01,852,40801260311,D0709,NSFC-RGC联合资助项目评审会,傅家谟,中国科学院广州地球化学研究所,1.0,2008-09至2008-12
2008,国际(地区)合作与交流项目,A01,853,20810402017,B010302,多巴胺受体亚型D1 D2 D3抑制剂设计,付伟,复旦大学,1.5,2008-06至2008-12
2008,国际(地区)合作与交流项目,A01,854,40811140463,D0507,区域气候模拟参数研究,符淙斌,中国科学院大气物理研究所,8.0,2008-09至2010-06
2008,国际(地区)合作与交流项目,A01,855,40810059003,D0507,亚洲和北美半干旱区大气-植被-水相互作用的比较研究,符淙斌,中国科学院大气物理研究所,100.0,2009-01至2011-12
2008,国际(地区)合作与交流项目,A01,856,40810304031,D0410,国际日球物理年组织2008秋季培训学校,冯学尚,中国科学院国家空间科学中心,5.0,2008-07至2008-12
2008,国际(地区)合作与交流项目,A01,857,10810401006,A020503,生物膜的表面形貌失稳和斑图形成,冯西桥,清华大学,2.5,2008-02至2008-07
2008,国际(地区)合作与交流项目,A01,858,10810301081,A020503,生物材料与动物运动的力学与仿生国际研讨会,冯西桥,清华大学,3.0,2008-12至2009-04
2008,国际(地区)合作与交流项目,A01,859,40811140131,D0212,滇西南哀牢山构造带与泰国北部难河构造带对比研究,冯庆来,中国地质大学（武汉）,7.8,2008-01至2009-12
2008,国际(地区)合作与交流项目,A01,860,50810305016,E010101,2008中美材料国际研讨会,冯强,北京科技大学,8.0,2008-07至2009-05
2008,国际(地区)合作与交流项目,A01,861,30810303001,C140602,国际昆虫中肠生物学研讨会,冯启理,华南师范大学,4.0,2008-04至2008-04
2008,国际(地区)合作与交流项目,A01,862,10810301062,A030102,第三届东亚数值天体物理会议,冯珑珑,中国科学院紫金山天文台,6.0,2008-11至2009-04
2008,国际(地区)合作与交流项目,A01,863,60810306018,F020501,第三届电子学习与游戏国际会议(Edutainment 2008),冯钧,河海大学,4.0,2008-05至2008-12
2008,国际(地区)合作与交流项目,A01,864,10821140307,A0402,复杂氧化物的新奇性质的联合研究,封东来,复旦大学,200.0,2008-08至2011-07
2008,国际(地区)合作与交流项目,A01,865,70810307003,G01,第二届优化理论与应用国际会议,房勇,中国科学院数学与系统科学研究院,4.0,2008-04至2008-10
2008,国际(地区)合作与交流项目,A01,866,30811120439,H2501,中国和加拿大老年人健康状况改变的定量分析：衰老的数学模型评估,方向华,北京市老年病医疗研究中心,45.0,2009-01至2012-06
2008,国际(地区)合作与交流项目,A01,867,50811130359,E030905,用X射线衍射及中子衍射方法研究分子导体的相变和精确结构,方奇,山东大学,4.6,2008-04至2010-03
2008,国际(地区)合作与交流项目,A01,868,10820101048,A020209,可延展铁电柔性电子的多功能设计、制备与表征,方岱宁,清华大学,100.0,2009-01至2011-12
2008,国际(地区)合作与交流项目,A01,869,30831160514,H0914,低氧预适应对脑铁转运蛋白表达的影响,范明,中国人民解放军军事科学院军事医学研究院,32.0,2009-01至2011-12
2008,国际(地区)合作与交流项目,A01,870,70810407016,G0306,公共管理研究方法讨论班,范柏乃,浙江大学,2.5,2008-12至2008-12
2008,国际(地区)合作与交流项目,A01,871,10810301076,A0205,2008北京ICHTS-CSBME骨组织形态测量学和影像研讨会,樊瑜波,北京航空航天大学,4.0,2008-10至2009-03
2008,国际(地区)合作与交流项目,A01,872,50811120003,E0601,多孔介质中天然气水合物形成条件及物性,樊栓狮,华南理工大学,3.8,2008-01至2008-12
2008,国际(地区)合作与交流项目,A01,873,60831160524,F010202,基于搏弈论的无信息构架支撑的多输入多输出通信网络的分布式优化设计,樊平毅,清华大学,31.0,2009-01至2011-12
2008,国际(地区)合作与交流项目,A01,874,60810306008,F020203,第5届计算模型理论与应用国际会议,段振华,西安电子科技大学,3.0,2008-04至2008-05
2008,国际(地区)合作与交流项目,A01,875,60810306007,F020203,第29届国际Petri网理论与应用大会,段振华,西安电子科技大学,3.0,2008-06至2008-06
2008,国际(地区)合作与交流项目,A01,876,40811120036,D0306,实验和理论研究NaCl和ZnCl2水溶液高温高压条件下的物化性质,段振豪,中国科学院地质与地球物理研究所,9.0,2008-01至2009-12
2008,国际(地区)合作与交流项目,A01,877,60810306021,F030118,亚洲仿真会议2008暨第七届国际系统仿真与科学计算学术会议(ICSC'2008),段海滨,北京航空航天大学,4.0,2008-05至2008-12
2008,国际(地区)合作与交流项目,A01,878,40881230059,D0507,中英气候变化学术研讨会,段安民,中国科学院大气物理研究所,1.0,2008-02至2008-08
2008,国际(地区)合作与交流项目,A01,879,50810305073,E0106,Al-Ni-Ce、Al-Ni-Ta、Al-Ni-Si和Al-Ni-Mg体系三元化合物有限温度下热力学性质的第一性原理计算及实验验证,杜勇,中南大学,2.0,2008-12至2009-11
2008,国际(地区)合作与交流项目,A01,880,60810306055,F0508,第四届国际先进光学制造与检测技术学术会议（AOMATT08）,杜春雷,中国科学院光电技术研究所,4.0,2008-12至2009-06
2008,国际(地区)合作与交流项目,A01,881,20820102037,B0402,基于人工媒介体、现场培养微生物膜制备微生物反应器用于快速BOD的在线监测,董绍俊,中国科学院长春应用化学研究所,92.0,2009-01至2012-12
2008,国际(地区)合作与交流项目,A01,882,50810305053,E05,第二届国际自动化测试与仪器仪表学术会议,董明利,北京信息科技大学,3.0,2008-11至2009-07
2008,国际(地区)合作与交流项目,A01,883,10810301008,A050602,波和等离子体相互作用国际暑期讲习班,董家齐,核工业西南物理研究院,4.0,2007-08至2007-08
2008,国际(地区)合作与交流项目,A01,884,10811240151,A050202,第六届国际强子物理研讨会,董辉,中国科学技术大学,1.2,2008-05至2008-08
2008,国际(地区)合作与交流项目,A01,885,50881220451,E011002,2009俄中等离子体高科技研讨会,董闯,大连理工大学,8.0,2009-01至2009-12
2008,国际(地区)合作与交流项目,A01,886,10811120553,A010301,CR流形上的微分几何,东瑜昕,复旦大学,8.0,2008-01至2010-12
2008,国际(地区)合作与交流项目,A01,887,30810303082,C0105,中美微生物学会环境微生物与生物能源研讨会,东秀珠,中国科学院微生物研究所,4.0,2008-11至2009-03
2008,国际(地区)合作与交流项目,A01,888,30810303027,C1502,蔬菜生产、质量与加工标准化国际研讨会,丁云花,北京市农林科学院,4.0,2008-07至2008-12
2008,国际(地区)合作与交流项目,A01,889,50810305039,E0506,第七届中日机械技术史与机械设计国际会议,丁希仑,北京航空航天大学,3.0,2008-11至2009-06
2008,国际(地区)合作与交流项目,A01,890,10881230390,A040208,出国参加协议双边学术会议NSFC-RCUK nanospintronics symposium,丁海峰,南京大学,1.4,2008-09至2008-12
2008,国际(地区)合作与交流项目,A01,891,20810102054,B020303,环糊精固体膜与气相中硝基苯类客体间相互作用特性的研究,刁国旺,扬州大学,5.0,2008-11至2009-10
2008,国际(地区)合作与交流项目,A01,892,30811130247,C01,DNA硫修饰：一种崭新的限制外源DNA的机制?,邓子新,上海交通大学,12.43,2008-04至2010-04
2008,国际(地区)合作与交流项目,A01,893,30810303015,C1501,第11届国际柑橘学大会,邓秀新,华中农业大学,6.0,2008-10至2009-03
2008,国际(地区)合作与交流项目,A01,894,20811120557,B060202,主客体包结物在均相和非均相体系中的光化学研究,邓南圣,武汉大学,9.0,2009-01至2010-12
2008,国际(地区)合作与交流项目,A01,895,10881320447,A030201,中美双边会议-利用LAMOST研究银河系结构,邓李才,中国科学院国家天文台,8.0,2008-10至2008-12
2008,国际(地区)合作与交流项目,A01,896,20810102052,B040205,纳米生物电极的构筑与应用,单丹,扬州大学,3.0,2008-10至2009-10
2008,国际(地区)合作与交流项目,A01,897,50810105004,E03,用于癌症光动力荧光诊断的光合微胶囊的研究,戴志飞,哈尔滨工业大学,2.6,2008-05至2008-08
2008,国际(地区)合作与交流项目,A01,898,10810101053,A040302,锡原子里德堡系列的能级寿命和朗德因子研究,戴振文,吉林大学,1.0,2008-10至2009-04
2008,国际(地区)合作与交流项目,A01,899,60810306022,F0306,2008年国际无人智能系统研讨会,戴振东,南京航空航天大学,3.0,2008-05至2008-12
2008,国际(地区)合作与交流项目,A01,900,30811120053,C010103,菌根多孔菌（地花孔菌属等）在中国和北美洲的系统发育和生物地理学,戴玉成,中国科学院沈阳应用生态研究所,4.0,2008-01至2008-12
2008,国际(地区)合作与交流项目,A01,901,10810301010,A0401,强关联材料的第一性原理计算暑期学校和国际研讨会,戴希,中国科学院物理研究所,4.0,2008-06至2008-07
2008,国际(地区)合作与交流项目,A01,902,40810304004,D0608,第10届国际河口生物地球化学会议--河口与全球变化,戴民汉,厦门大学,4.0,2008-06至2008-12
2008,国际(地区)合作与交流项目,A01,903,30811120440,H1008,构筑叶酸靶向非病毒纳米基因输送体系治疗关节炎的研究,戴尅戎,上海交通大学,45.0,2009-01至2011-12
2008,国际(地区)合作与交流项目,A01,904,30811120287,H0609,构筑新型阳离子聚合物纳米粒基因输送体系治疗关节炎的研究,戴尅戎,上海交通大学,4.0,2008-01至2008-12
2008,国际(地区)合作与交流项目,A01,905,40831160520,D0208,晚二叠世C1煤中纳米级石英与珠江源地区女性肺癌高发之间关系的回顾性队列研究,代世峰,中国矿业大学（北京）,31.0,2009-01至2011-12
2008,国际(地区)合作与交流项目,A01,906,20811130492,B060104,道南膜技术在评价污染土壤中铅对人体的健康风险中的应用,崔岩山,中国科学院生态环境研究中心,1.8,2008-07至2008-12
2008,国际(地区)合作与交流项目,A01,907,30811120008,H0713,Reg家族蛋白对胰岛细胞生长和保护作用的研究,崔巍,西安交通大学,2.2,2008-01至2009-12
2008,国际(地区)合作与交流项目,A01,908,50810305032,E02,第十届国际生物矿化会议,崔福斋,清华大学,3.0,2008-08至2009-05
2008,国际(地区)合作与交流项目,A01,909,60811120098,F020204,支持有效视频数据查询的索引技术研究,崔斌,北京大学,9.0,2008-01至2010-12
2008,国际(地区)合作与交流项目,A01,910,30810303017,H1206,第八届国际眼科学和视光学学术会议,褚仁远,复旦大学,4.0,2008-04至2008-09
2008,国际(地区)合作与交流项目,A01,911,30811260175,H1211,EIU模型及体外实验中MCP-1的表达及其功能研究,褚利群,北京大学,1.0,2008-06至2008-12
2008,国际(地区)合作与交流项目,A01,912,40811120031,D0712,中国东北与俄罗斯扎拜卡列2000年来高分辨率湖泊古气候记录对比研究,储国强,中国科学院地质与地球物理研究所,9.0,2008-01至2009-12
2008,国际(地区)合作与交流项目,A01,913,30881220261,H2501,2008年中加衰老研究双边研讨会,程琦,上海交通大学,1.3,2008-06至2008-12
2008,国际(地区)合作与交流项目,A01,914,20810302004,B08,亚欧固体氧化物燃料电池研讨会,程谟杰,中国科学院大连化学物理研究所,1.5,2008-06至2008-06
2008,国际(地区)合作与交流项目,A01,915,70810307004,G0302,第五届WTO&金融工程国际会议第15届全球金融年会,程惠芳,浙江工业大学,2.5,2008-05至2008-11
2008,国际(地区)合作与交流项目,A01,916,10881230377,A040208,中英纳米自旋电子学研讨会,成昭华,中国科学院物理研究所,1.3,2008-09至2008-12
2008,国际(地区)合作与交流项目,A01,917,50820145202,E0208,近空间环境高温材料的氧化行为与机理研究,成来飞,西北工业大学,90.0,2009-01至2012-12
2008,国际(地区)合作与交流项目,A01,918,50881220274,E020603,中美材料科学双边学术研讨会,成会明,中国科学院金属研究所,1.1,2008-07至2008-12
2008,国际(地区)合作与交流项目,A01,919,30810103079,C040202,海洋纤毛虫的分子系统学与进化,陈子桂,中国海洋大学,1.2,2008-11至2009-03
2008,国际(地区)合作与交流项目,A01,920,30810103003,C01,海洋纤毛虫的分子系统学与进化,陈子桂,中国海洋大学,3.0,2008-05至2008-06
2008,国际(地区)合作与交流项目,A01,921,30881330547,C020407,“中国-荷兰生物科学技术研究伦理与动物权利”高层论坛,陈智忠,中国农业大学,7.9,2009-03至2009-09
2008,国际(地区)合作与交流项目,A01,922,60810306048,F020303,第九届国际青年计算机会议(ICYCS 2008),陈志刚,中南大学,4.0,2008-12至2009-06
2008,国际(地区)合作与交流项目,A01,923,60811120023,F040501,硅材料场致非线性光学效应研究：界面与表面结构的测绘,陈占国,吉林大学,9.0,2008-01至2010-12
2008,国际(地区)合作与交流项目,A01,924,30881240314,A040203,参加石墨纳米结构电子性质的国际会议(smr1960),陈元平,湘潭大学,1.3,2008-08至2008-12
2008,国际(地区)合作与交流项目,A01,925,30810103046,C0306,大型浅水湖泊浮游植物有机碳的生态作用研究,陈宇炜,中国科学院南京地理与湖泊研究所,2.2,2008-07至2009-12
2008,国际(地区)合作与交流项目,A01,926,30811260238,H1211,两岸四地眼科研讨工作坊,陈有信,中国医学科学院,1.0,2008-06至2008-12
2008,国际(地区)合作与交流项目,A01,927,40881220137,D0408,2008中美地震研讨会,陈永顺,北京大学,1.1,2008-04至2008-12
2008,国际(地区)合作与交流项目,A01,928,60810306014,F0201,国际固定参数算法暑期学校(FPT 2008),陈翌佳,上海交通大学,3.0,2008-05至2008-12
2008,国际(地区)合作与交流项目,A01,929,60811130084,F020201,Domain理论在程序语义中的应用,陈仪香,华东师范大学,0.68,2008-05至2008-08
2008,国际(地区)合作与交流项目,A01,930,30881230181,C0709,第二届中英生物膜学术研讨会,陈晔光,清华大学,1.0,2008-05至2008-12
2008,国际(地区)合作与交流项目,A01,931,50881240125,E06,中泰可再生能源技术双边研讨会,陈严,汕头大学,0.5,2008-01至2008-08
2008,国际(地区)合作与交流项目,A01,932,50881230479,E06,中丹可再生能源研讨会,陈严,汕头大学,1.2,2008-10至2008-12
2008,国际(地区)合作与交流项目,A01,933,40811120444,D0712,全球气候变化对新疆水资源的可能性影响,陈亚宁,中国科学院新疆生态与地理研究所,1.6,2008-10至2008-12
2008,国际(地区)合作与交流项目,A01,934,60811120169,F040504,HgCdTe材料和器件界面效应的基础研究,陈效双,中国科学院上海技术物理研究所,9.0,2008-01至2010-12
2008,国际(地区)合作与交流项目,A01,935,30810303020,C02,第一届植物次生代谢国际会议,陈晓亚,中国科学院上海生命科学研究院,6.0,2008-04至2008-09
2008,国际(地区)合作与交流项目,A01,936,40881220141,D0402,2008年度中美地震科技合作双边研讨会,陈晓非,北京大学,1.1,2008-04至2008-12
2008,国际(地区)合作与交流项目,A01,937,40821160552,D0402,2008汶川地震与1999集集地震震源过程、强地面运动及灾害效应比较研究,陈晓非,北京大学,126.0,2009-01至2011-12
2008,国际(地区)合作与交流项目,A01,938,50810305037,E0204,第五届微波材料及其应用国际会议,陈湘明,浙江大学,3.0,2008-11至2009-08
2008,国际(地区)合作与交流项目,A01,939,40881320398,D010702,中美气候变化学术研讨会,陈曦,中国科学院新疆生态与地理研究所,8.0,2008-09至2008-12
2008,国际(地区)合作与交流项目,A01,940,40810304019,D0107,第十四届国际地图与国际地理信息系统学术研讨会——区域可持续发展：GIS理论与实践,陈曦,中国科学院新疆生态与地理研究所,4.0,2008-06至2008-12
2008,国际(地区)合作与交流项目,A01,941,20810302041,B040206,2008年中日韩环境分析化学研讨会,陈曦,厦门大学,3.0,2008-11至2008-12
2008,国际(地区)合作与交流项目,A01,942,70810107020,G0113,利用反映加工贸易特点的非竞争进口型投入占用产出模型和CGE模型研究出口对国内增加值、国民总收入及就业等的影响,陈锡康,中国科学院数学与系统科学研究院,100.0,2009-01至2012-12
2008,国际(地区)合作与交流项目,A01,943,30811140330,C1002,生物聚合物的纳米自组装技术研究,陈西广,中国海洋大学,8.0,2008-06至2010-06
2008,国际(地区)合作与交流项目,A01,944,40881220453,D0506,平流层与对流层耦合以及中俄异常冬季气候的预测(NSFC-RFBR双边研讨会),陈文,中国科学院大气物理研究所,8.0,2009-01至2009-12
2008,国际(地区)合作与交流项目,A01,945,20810302011,B06,在华召开国际学术研讨会,陈威,南开大学,4.0,2008-03至2008-03
2008,国际(地区)合作与交流项目,A01,946,10811240153,A0401,陈时友参加ICTP主办的量子蒙特卡罗方法学校,陈时友,复旦大学,1.2,2008-01至2008-08
2008,国际(地区)合作与交流项目,A01,947,30881260376,C0706,2008化学生物学学术研讨会,陈佺,中国科学院动物研究所,1.0,2008-10至2008-12
2008,国际(地区)合作与交流项目,A01,948,30881230182,C0701,第二届中英生物膜学术研讨会,陈佺,中国科学院动物研究所,1.0,2008-05至2008-12
2008,国际(地区)合作与交流项目,A01,949,30810303068,C0701,线粒体氧化应激于健康国际学术研讨会,陈佺,中国科学院动物研究所,4.0,2008-09至2009-02
2008,国际(地区)合作与交流项目,A01,950,10810401046,A0105,Hardy空间理论,陈琼蕾,北京应用物理与计算数学研究所,0.6,2008-07至2008-12
2008,国际(地区)合作与交流项目,A01,951,30811120438,H0217,NF-kB调控的组织因子表达在深静脉血栓发生中的作用研究,陈铭,中国科学院上海生命科学研究院,45.0,2009-01至2011-12
2008,国际(地区)合作与交流项目,A01,952,50810305043,E050901,第三届高速加工国际研讨会,陈明,上海交通大学,4.0,2008-10至2009-06
2008,国际(地区)合作与交流项目,A01,953,30810303090,C06,2008重庆国际骨发育、疾病与再生研讨会,陈林,中国人民解放军第三军医大学,4.0,2008-10至2009-03
2008,国际(地区)合作与交流项目,A01,954,40810304001,D05,第四届世界气象组织季风科学大会,陈联寿,中国气象科学研究院,4.0,2008-06至2008-12
2008,国际(地区)合作与交流项目,A01,955,10810101052,A030201,疏散星团形成与演化及银盘性质研究,陈力,中国科学院上海天文台,0.5,2008-11至2009-10
2008,国际(地区)合作与交流项目,A01,956,70811110503,G03,中德科学中心2008年度款,陈乐生,中德科学基金研究交流中心,1039.4339,2008-01至2008-12
2008,国际(地区)合作与交流项目,A01,957,60810306058,F0207,第二届可证明安全国际会议,陈克非,上海交通大学,4.0,2008-12至2009-06
2008,国际(地区)合作与交流项目,A01,958,50881220269,E010302,中美材料科学双边学术研讨会,陈军,南开大学,1.1,2008-06至2008-12
2008,国际(地区)合作与交流项目,A01,959,40810304018,D01,第21届国际摄影测量与遥感大会,陈军,国家基础地理信息中心,8.0,2008-04至2008-12
2008,国际(地区)合作与交流项目,A01,960,30811130225,C0309,微囊藻毒素及鱼类病原菌（柱状黄杆菌）对鱼类免疫系统基因的影响,陈隽,中国科学院水生生物研究所,7.62,2008-01至2009-12
2008,国际(地区)合作与交流项目,A01,961,70881230079,G020801,管理科学、工程与公共政策,陈劲,浙江大学,1.1,2008-03至2008-08
2008,国际(地区)合作与交流项目,A01,962,70810107021,G0203,基于开放式创新的研发国际化：理论构建和实证研究,陈劲,浙江大学,80.0,2009-01至2011-12
2008,国际(地区)合作与交流项目,A01,963,70881230078,G01,爱丁堡皇家学会（RSE）与中国国家自然科学基金会联合研讨会,陈剑,清华大学,1.0,2008-03至2008-08
2008,国际(地区)合作与交流项目,A01,964,10810101077,A020205,考虑信息缺陷和人为因素的结构可靠性设计理论,陈建桥,华中科技大学,0.8,2008-11至2009-03
2008,国际(地区)合作与交流项目,A01,965,40881240369,D0507,大气和海洋遥相关,陈际龙,中国科学院大气物理研究所,1.3,2008-11至2008-12
2008,国际(地区)合作与交流项目,A01,966,30810303023,H1405,第三届国际口腔粘结技术大会,陈吉华,中国人民解放军第四军医大学,4.0,2008-07至2008-12
2008,国际(地区)合作与交流项目,A01,967,10811130488,A0108,偏微分方程及其在物理学和几何上的应用,陈化,武汉大学,1.65,2008-09至2008-12
2008,国际(地区)合作与交流项目,A01,968,10811130487,A0108,偏微分方程及其在物理学和几何上的应用,陈化,武汉大学,1.3,2008-08至2008-12
2008,国际(地区)合作与交流项目,A01,969,10810301039,A010303,几何分析研讨会,陈化,武汉大学,2.5,2008-06至2008-12
2008,国际(地区)合作与交流项目,A01,970,50881230476,E030901,有机/无机有序纳米结构在太阳能电池中的应用,陈红征,浙江大学,1.3,2008-10至2008-12
2008,国际(地区)合作与交流项目,A01,971,50881230474,E060702,中丹可再生能源研讨会,陈汉平,华中科技大学,1.3,2008-10至2008-12
2008,国际(地区)合作与交流项目,A01,972,40881230058,D0507,中英气候变化学术研讨会,陈海山,南京信息工程大学,1.1,2008-02至2008-08
2008,国际(地区)合作与交流项目,A01,973,60811120022,F020203,一种函数式类型语言的SUPERCOMPILATION方法研究,陈海明,中国科学院软件研究所,9.0,2008-01至2009-12
2008,国际(地区)合作与交流项目,A01,974,50881240126,E06,中泰可再生能源技术双边研讨会,陈冠益,天津大学,0.6,2008-01至2008-08
2008,国际(地区)合作与交流项目,A01,975,50881230473,E060702,中丹可再生能源研讨会,陈冠益,天津大学,1.3,2008-10至2008-12
2008,国际(地区)合作与交流项目,A01,976,50881230481,E070602,中丹可再生能源研讨会,陈道炼,福州大学,1.3,2008-10至2008-10
2008,国际(地区)合作与交流项目,A01,977,70810307030,G0207,第二届中德先进制造与管理（越商）论坛,陈畴镛,杭州电子科技大学,1.0,2008-10至2008-12
2008,国际(地区)合作与交流项目,A01,978,10811240302,A050207,ICTP宇宙学暑期学校（高能物理）,陈驰一,杭州师范大学,1.3,2008-07至2008-12
2008,国际(地区)合作与交流项目,A01,979,40810304009,D0409,第三届环境与工程地球物理国际会议,陈超,中国地质大学（武汉）,4.0,2008-06至2008-12
2008,国际(地区)合作与交流项目,A01,980,30810303061,C050605,第十四届国际自由基学术大会,陈畅,中国科学院生物物理研究所,8.0,2008-07至2008-12
2008,国际(地区)合作与交流项目,A01,981,30801220255,H2501,2008年中加项目联合评审会及衰老研究双边研讨会,陈彪,首都医科大学,1.3,2008-06至2008-12
2008,国际(地区)合作与交流项目,A01,982,50810105065,E0704,分布式发电模式下的电能运营和电能质量管理系统(POPQMS)的研究.,晁勤,新疆大学,3.5,2009-01至2009-12
2008,国际(地区)合作与交流项目,A01,983,10881230384,A040205,中英纳米自旋电子学研讨会,常凯,中国科学院半导体研究所,1.3,2008-09至2008-12
2008,国际(地区)合作与交流项目,A01,984,50881230480,E0607,中丹可再生能源研讨会,常杰,华南理工大学,1.3,2008-10至2008-12
2008,国际(地区)合作与交流项目,A01,985,50811120044,E060702,生物质合成清洁燃料的基础研究,常杰,华南理工大学,9.0,2008-01至2009-12
2008,国际(地区)合作与交流项目,A01,986,20881320458,B081003,绿色能源：生物质基合成气合成清洁燃料新方法(NSFC-RFBR双边研讨会),常杰,华南理工大学,8.0,2009-01至2009-12
2008,国际(地区)合作与交流项目,A01,987,30811140331,C0601,甘蓝型油菜黄籽性状QTLs的精细定位和相关基因的分析,柴友荣,西南大学,4.8,2008-06至2010-05
2008,国际(地区)合作与交流项目,A01,988,60810306020,F0302,2008年IEEE国际网络、传感与控制大会,柴天佑,东北大学,6.0,2008-04至2008-12
2008,国际(地区)合作与交流项目,A01,989,50881220276,E0309,中美材料科学双边学术研讨会,曹镛,华南理工大学,1.1,2008-07至2008-12
2008,国际(地区)合作与交流项目,A01,990,30810103903,H2609,我国禽流感流行病学研究,曹务春,中国人民解放军军事科学院军事医学研究院,120.0,2009-01至2011-12
2008,国际(地区)合作与交流项目,A01,991,30810303012,C130104,作物模拟与决策支持国际研讨会,曹卫星,南京农业大学,4.0,2008-04至2008-04
2008,国际(地区)合作与交流项目,A01,992,40810304038,D0512,第五届海峡两岸气溶胶技术研讨会,曹军骥,中国科学院地球环境研究所,4.5,2008-07至2008-12
2008,国际(地区)合作与交流项目,A01,993,70810307036,G0302,第五届风险管理国际研讨会暨第六届金融系统工程国际研讨会,曹国华,重庆大学,4.0,2008-11至2009-12
2008,国际(地区)合作与交流项目,A01,994,40881220139,D0402,2008年度中美地震科技合作双边研讨会,蔡永恩,北京大学,1.1,2008-04至2008-12
2008,国际(地区)合作与交流项目,A01,995,10820101050,A050409,基于重离子冷却储存环的高精度分子谱学研究,蔡晓红,中国科学院近代物理研究所,100.0,2009-01至2011-12
2008,国际(地区)合作与交流项目,A01,996,30881220258,H2501,2008年中加衰老研究双边研讨会,蔡冬青,暨南大学,1.3,2008-05至2008-12
2008,国际(地区)合作与交流项目,A01,997,20810302059,B050205,中日功能超分子体系联合研讨会,薄志山,中国科学院化学研究所,4.0,2008-12至2009-03
2008,国际(地区)合作与交流项目,A01,998,10811120285,A010802,关于某些非线性椭圆型方程的研究,保继光,北京师范大学,8.0,2008-01至2009-12
2008,国际(地区)合作与交流项目,A01,999,40811120034,D0404,EHS3D中的长周期信号处理及多维解释技术,白登海,中国科学院地质与地球物理研究所,9.0,2008-01至2009-12
2008,国际(地区)合作与交流项目,A01,1000,10810301024,A030802,第7届实时VLBI国际研讨会,安涛,中国科学院上海天文台,8.0,2008-06至2008-12
2008,国际(地区)合作与交流项目,A01,1001,30810103048,C030301,橡胶树乳管膨压的测定及其韧皮部水分平衡研究,安锋,中国热带农业科学院,1.4,2008-09至2009-05
