2018,应急管理项目,A01,1,41842002,D01,“山地地区城镇化与可持续发展”暨第十三届中日韩地理学国际研讨会,宗会明,西南大学,11,2018-05至2018-12
2018,应急管理项目,A01,2,11847057,A05,周期调制原子系综的量子光学特性理论研究,朱钟湖,南京农业大学,5,2019-01至2019-12
2018,应急管理项目,A01,3,L1824012,Z01,科技教育创新发展重大需求与现代化路径研究,朱旭东,北京师范大学,20,2018-08至2019-12
2018,应急管理项目,A01,4,11847236,A05,高阶拓扑超导模型的构造与拓扑物态的表征,朱小宇,西安交通大学,18,2019-01至2019-12
2018,应急管理项目,A01,5,71840013,G030802,城乡融合发展背景下粮食主产区农地流转机制及优选模式研究--以江西为例,朱述斌,江西农业大学,10,2019-01至2019-12
2018,应急管理项目,A01,6,51842101,E01,第十六届金属氢系统国际会议,朱敏,华南理工大学,10,2018-09至2018-12
2018,应急管理项目,A01,7,51842112,E0107,中德材料界面与性能的先进电子显微学研究研讨会,朱静,清华大学,8,2018-09至2019-06
2018,应急管理项目,A01,8,41842059,D0401,地表覆盖层“透视测绘”的关键理论与方法研究,朱建军,中南大学,20,2019-01至2019-12
2018,应急管理项目,A01,9,31842011,C05,基础生物学研究发展调研,朱冰,中国科学院生物物理研究所,30,2018-09至2019-12
2018,应急管理项目,A01,10,J1824102,J0202,国家自然科学基金委员会财务内部控制体系建设研究,周中胜,苏州大学,20,2018-08至2019-12
2018,应急管理项目,A01,11,L1824039,Z01,面向2035的高端装备领域技术路线图总体框架及重点子领域研究,周源,清华大学,100,2019-01至2020-12
2018,应急管理项目,A01,12,11851303,A030103,基于DAMPE数据的高能宇宙线电子理论模型研究,周宇峰,中国科学院理论物理研究所,290,2018-04至2020-12
2018,应急管理项目,A01,13,11847074,A05,现实条件下的诱骗态量子密钥分发理论研究与其效率提高,周逸恒,浙江理工大学,5,2019-01至2019-12
2018,应急管理项目,A01,14,31842024,C14,植物保护学科申请代码、资助领域方向和关键词研究,周雪平,中国农业科学院植物保护研究所,20,2018-09至2018-12
2018,应急管理项目,A01,15,11844001,A040206,举办第十二届国际超导材料和机理国际会议,周兴江,中国科学院物理研究所,35,2018-08至2018-12
2018,应急管理项目,A01,16,71840012,G030902,医改背景下医疗服务供给主体声誉机制的形成及优化研究,周小梅,浙江工商大学,14,2019-01至2019-12
2018,应急管理项目,A01,17,71850001,G03,防范化解重大金融风险：宏观视角与政策应对,周小川,中国人民银行金融研究所,400,2019-01至2021-12
2018,应急管理项目,A01,18,11847247,A05,5d过渡金属卤化物电子结构与磁性的第一性原理研究,周文奇,中山大学,18,2019-01至2019-12
2018,应急管理项目,A01,19,71840001,G0103,多重模糊环境下投资组合模型构建及其风险态度融入与语言形式扩展,周伟,云南财经大学,12,2019-01至2019-12
2018,应急管理项目,A01,20,11847040,A05,利用软共线有效理论计算无粲B介子非轻衰变过程的幂次修正,周四红,内蒙古大学,5,2019-01至2019-12
2018,应急管理项目,A01,21,71843012,G04,新时代科学基金国际合作战略与资助布局研究,周萍,浙江大学,60,2018-11至2020-12
2018,应急管理项目,A01,22,81842033,H2201,放射医学学科发展战略研究,周平坤,中国人民解放军军事科学院军事医学研究院,10,2019-01至2019-12
2018,应急管理项目,A01,23,21841402,B01,中国化学会全国第十五届有机合成化学学术研讨会,周鹏鑫,西北师范大学,4,2018-06至2018-12
2018,应急管理项目,A01,24,61851402,F04,局域场调制超高速非易失存储器与集成,周鹏,复旦大学,300,2019-01至2021-12
2018,应急管理项目,A01,25,61841402,F040502,有序排列TiO2/ZnO同轴异质纳米电缆的制备及光电、气敏特性研究,周明,西北师范大学,10,2019-01至2019-12
2018,应急管理项目,A01,26,71841005,G04,促进乡村产业兴旺的政策机制研究,周立,中国人民大学,16,2018-06至2019-05
2018,应急管理项目,A01,27,71841019,G04,地方党政正职领导干部成长路径分析,周景坤,河北经贸大学,6,2018-05至2018-12
2018,应急管理项目,A01,28,51842804,E080509,山区交通基础设施长期性能与安全国际学术会议,周建庭,重庆交通大学,6,2018-08至2018-12
2018,应急管理项目,A01,29,11847016,A05,基于绝热捷径技术的量子态操控研究,周辉,陕西科技大学,5,2019-01至2019-12
2018,应急管理项目,A01,30,11847208,A05,中微子与暗物质新物理模型的唯象学研究,周航,南京师范大学,18,2019-01至2019-12
2018,应急管理项目,A01,31,71841011,G04,深度贫困地区贫困的特征、机理与脱贫模式研究,周飞舟,北京大学,14,2018-06至2019-05
2018,应急管理项目,A01,32,31842012,C0514,生物化学学科调研,周大旺,厦门大学,28,2018-09至2018-12
2018,应急管理项目,A01,33,L1824049,Z01,影响我国基础研究发展主要问题的梳理分析及对策研究,周城雄,中国科学院科技战略咨询研究院,30,2019-01至2019-12
2018,应急管理项目,A01,34,11847211,A05,基于谱方法的非正则标量场扭结碰撞的数值研究,钟渊,西安交通大学,18,2019-01至2019-12
2018,应急管理项目,A01,35,11847239,A05,,修改引力理论及其宇宙学研究,郑云龙,中国科学技术大学,18,2019-01至2019-12
2018,应急管理项目,A01,36,81842037,H26,预防医学学科发展战略研究项目,郑玉新,青岛大学,10,2019-01至2019-12
2018,应急管理项目,A01,37,61841702,F070108,基于教育大数据的在线协作讨论过程自动化分析与实时可视化呈现研究,郑娅峰,河南财经政法大学,8,2019-01至2019-12
2018,应急管理项目,A01,38,11847222,A05,高能对撞机上双重味物理的精确研究,郑绪昌,重庆大学,18,2019-01至2019-12
2018,应急管理项目,A01,39,11847076,A05,压电势调控超级电容器电极异质结界面态的理论研究,郑鑫,杭州电子科技大学,5,2019-01至2019-12
2018,应急管理项目,A01,40,11845001,A05,第三届全国物理科普交流会,郑文莉,中国科学院高能物理研究所,10,2018-03至2018-12
2018,应急管理项目,A01,41,J1824027,J0202,国家自然科学基金项目成果应用贯通机制与政策研究,郑石明,华南理工大学,35,2019-01至2019-12
2018,应急管理项目,A01,42,J1824022,J0202,国家自然科学基金依托单位基金工作规范化问题研究,郑瑞琨,北京科技大学,30,2019-01至2019-12
2018,应急管理项目,A01,43,61842301,F0310,无人驾驶智能车未来挑战赛,郑南宁,西安交通大学,95,2019-01至2019-12
2018,应急管理项目,A01,44,81842007,H20,国际细胞外囊泡协会“基于细胞外囊泡的临床治疗诊断进展”广州国际研讨会,郑磊,南方医科大学,8,2018-11至2018-12
2018,应急管理项目,A01,45,51842501,E0508,极端条件设备先进制造技术前沿与趋势,郑津洋,浙江大学,10,2018-03至2019-02
2018,应急管理项目,A01,46,J1824012,J0202,基于大数据的科学基金典型成果遴选方法与机制研究,郑海涛,北京航空航天大学,20,2018-07至2019-12
2018,应急管理项目,A01,47,11847049,A05,基于FeRh合金的异质结的磁学性质和磁电性质的理论研究,郑国辉,贵州大学,5,2019-01至2019-12
2018,应急管理项目,A01,48,11847225,A05,新强子态和XYZ粒子的研究,赵泽,中国科学院理论物理研究所,18,2019-01至2019-12
2018,应急管理项目,A01,49,11847166,A05,P型掺杂AlGaN纳米线的第一性原理研究,赵勇兵,盐城师范学院,5,2019-01至2019-12
2018,应急管理项目,A01,50,11847165,A05,冷原子中的光导率与新奇量子态的测量,赵艳军,北京工业大学,5,2019-01至2019-12
2018,应急管理项目,A01,51,L1824004,Z01,我国科研人员对开放科学的态度和需求研究,赵延东,中国科学技术发展战略研究院,30,2019-01至2020-12
2018,应急管理项目,A01,52,61841703,F070102,蒙汉双语SPOC环境下大数据驱动的多维度混合式教学模型构建研究,赵希武,内蒙古师范大学,10,2019-01至2019-12
2018,应急管理项目,A01,53,71843011,G04,数据科学资助战略研究,赵秋红,北京航空航天大学,60,2018-11至2020-12
2018,应急管理项目,A01,54,21841403,B01,中国化学会第十二届全国天然有机化学学术会议,赵勤实,中国科学院昆明植物研究所,5,2018-07至2018-12
2018,应急管理项目,A01,55,81842013,H05,泌尿肾脏学科未来五年的发展战略研究,赵明辉,北京大学,10,2019-01至2019-12
2018,应急管理项目,A01,56,11847153,A05,利用外加电场和磁场实现对强场物理过程调控的理论研究,赵磊,东北电力大学,5,2019-01至2019-12
2018,应急管理项目,A01,57,11847120,A05,压力下提高层状化合物SnSe热电性能的第一性原理研究,赵堃,中国电子科技集团公司第四十六研究所,5,2019-01至2019-12
2018,应急管理项目,A01,58,71840005,G0111,考虑信息更新的双渠道供应链的定价和协调问题研究,赵静,天津工业大学,12,2019-01至2019-12
2018,应急管理项目,A01,59,11847314,A05,兰州大学理论物理交流平台及量子系统数值模拟团队建设,赵继泽,兰州大学,90,2019-01至2019-12
2018,应急管理项目,A01,60,11844005,A04,中国物理学会2018年秋季学术会议,赵纪军,大连理工大学,18,2018-09至2018-09
2018,应急管理项目,A01,61,61841101,F011304,轻小型无人机遥感绝对辐射定标不确定度优化及归一化模型研究,赵海盟,桂林航天工业学院,10,2019-01至2019-12
2018,应急管理项目,A01,62,41842031,D0312,第十五届微量元素生物地球化学国际会议,赵方杰,南京农业大学,10,2019-01至2019-12
2018,应急管理项目,A01,63,L1824044,Z01,面向2035年的中国农业工程科技发展战略研究,赵春江,北京市农林科学院,80,2019-01至2020-12
2018,应急管理项目,A01,64,71850004,G03,防范化解中美贸易战可能引发的金融风险研究,赵昌文,国务院发展研究中心,197,2019-01至2021-12
2018,应急管理项目,A01,65,71841008,G04,促进农民增收的保障机制与政策支持研究,章元,复旦大学,16,2018-06至2019-05
2018,应急管理项目,A01,66,81842044,H26,医学领域科学基金管理战略研究,张灼华,中南大学,20,2019-01至2019-12
2018,应急管理项目,A01,67,11847210,A05,基于正交量子态局域区分的强非局域性研究,张志超,北京理工大学,18,2019-01至2019-12
2018,应急管理项目,A01,68,L1824053,Z01,科学基金“十三五”发展规划实施进展分析,张振伟,北京市科学技术研究院,20,2019-01至2019-12
2018,应急管理项目,A01,69,J1824031,J0202,国家自然科学基金项目申请人、负责人信用评价管理研究,张真继,北京交通大学,30,2019-01至2019-10
2018,应急管理项目,A01,70,11842011,A02,第十五届全国实验力学大会,张永利,辽宁工程技术大学,12,2018-05至2018-12
2018,应急管理项目,A01,71,11847063,A05,LHC能区下核-核碰撞中喷注重建中背景扰动研究,张永红,三峡大学,5,2019-01至2019-12
2018,应急管理项目,A01,72,11847128,A05,腔光力系统中量子特性和光学响应的理论研究,张旸,山西大同大学,5,2019-01至2019-12
2018,应急管理项目,A01,73,11847141,A05,PQCD因子化方案下B介子到矢量介子跃迁形状因子的研究,张亚兰,淮阴工学院,5,2019-01至2019-12
2018,应急管理项目,A01,74,31842001,C030601,第十七届世界肥料大会,张旭东,中国科学院沈阳应用生态研究所,8,2018-07至2018-12
2018,应急管理项目,A01,75,41842005,D020101,国际埃迪卡拉系与寒武系科学大会,张兴亮,西北大学,13,2018-05至2018-12
2018,应急管理项目,A01,76,51842605,E0603,第16届国际传热大会,张兴,清华大学,20,2018-08至2018-12
2018,应急管理项目,A01,77,L1824002,Z01,我国医学科研人员伦理认知与态度研究,张新庆,中国医学科学院,30,2019-01至2020-12
2018,应急管理项目,A01,78,71841044,G04,新时代中国特色军民融合发展体制、机制和政策研究,张炜,西北工业大学,24,2018-10至2019-09
2018,应急管理项目,A01,79,11847058,A05,低维g-C3N4/Bi4O5Br2材料的电子结构、光学及电子输运性质的理论研究,张伟斌,长江大学,5,2019-01至2019-12
2018,应急管理项目,A01,80,11842004,A0202,动力学与控制学科发展论坛,张伟,北京工业大学,10,2018-04至2018-04
2018,应急管理项目,A01,81,11847083,A050104,半量子密码协议及其无条件安全性证明,张维,黔南民族师范学院,5,2019-01至2019-12
2018,应急管理项目,A01,82,11847035,A05,氧化锑烯多种拓扑量子态对热电性能影响机制的理论研究,张田,四川师范大学,5,2019-01至2019-12
2018,应急管理项目,A01,83,11847090,A05,局域非厄米量子操作对量子系统的调控,张诗阳,湖南第一师范学院,5,2019-01至2019-12
2018,应急管理项目,A01,84,71841042,G04,新兴领域军民融合产业发展的机制和政策研究,张强,西南科技大学,16,2018-11至2019-09
2018,应急管理项目,A01,85,11847308,A05,陕西师范大学理论物理学术交流和人才培养平台建设项目,张林,陕西师范大学,40,2019-01至2019-12
2018,应急管理项目,A01,86,L1824018,Z01,中国共产党国家自然科学基金委员会党内规范性文件体系研究,张立伟,中国共产党中央委员会党校,20,2019-01至2020-12
2018,应急管理项目,A01,87,61841112,F012506,基于弱视差体视显微模型的重楼微性状鉴别和品质评价方法研究,张俊华,云南大学,11,2019-01至2019-12
2018,应急管理项目,A01,88,31842032,C01,第二届中日韩肺炎球菌学术论坛,张敬仁,清华大学,10,2019-01至2019-12
2018,应急管理项目,A01,89,71841048,G04,军民资源功能拓展路径及制度政策研究,张近乐,西北工业大学,16,2018-10至2019-09
2018,应急管理项目,A01,90,61841603,F060605,基于生物启发式智能优化的基因表达数据特征选择,张捷,玉林师范学院,10,2019-01至2019-12
2018,应急管理项目,A01,91,11847028,A05,级联衰变过程ψ(3686)→γχ_cJ→γBB-bar的螺旋度振幅研究,张杰磊,信阳师范学院,5,2019-01至2019-12
2018,应急管理项目,A01,92,71843005,G04,科学基金学科演变及资助政策研究,张杰,中国科学院物理研究所,60,2018-11至2020-12
2018,应急管理项目,A01,93,71841006,G04,提升生态韧性的乡村宜居空间规划和建设指引研究,张佳,浙江大学城市学院,15,2018-06至2019-05
2018,应急管理项目,A01,94,11847142,A05,等离子体中尘埃颗粒流对电磁波传输特性的影响,张恒,西北师范大学,5,2019-01至2019-12
2018,应急管理项目,A01,95,71840010,G0308,组织伦理气氛、工作嵌入与农民工离职决策：影响机理与政策响应,张广胜,辽宁大学,14,2019-01至2019-12
2018,应急管理项目,A01,96,31842030,C18,兽医学科发展趋势调研及新代码调整研究,张改平,河南农业大学,20,2018-09至2018-12
2018,应急管理项目,A01,97,31842026,C15,植物营养学科发展调研,张福锁,中国农业大学,20,2018-09至2018-12
2018,应急管理项目,A01,98,11847036,A05,核温度同位旋效应研究,张凡,长治学院,5,2019-01至2019-12
2018,应急管理项目,A01,99,11847215,A05,改进的被动诱骗态量子数字签名协议的安全性研究,张春梅,南京邮电大学,18,2019-01至2019-12
2018,应急管理项目,A01,100,11844009,A0405,2018年全国声学大会,张春华,中国科学院声学研究所,12,2018-11至2018-11
2018,应急管理项目,A01,101,11847045,A05,Lifshitz时空各向异性标度对全息顺磁反铁磁相变的影响,张成园,辽宁大学,5,2019-01至2019-12
2018,应急管理项目,A01,102,11847224,A05,新型非常态核酸碱基分子间质子转移特性的量子动力学研究,张常哲,山东师范大学,18,2019-01至2019-12
2018,应急管理项目,A01,103,11847115,A05,高脆性聚合物玻璃的微观理论研究,张博凯,浙江理工大学,5,2019-01至2019-12
2018,应急管理项目,A01,104,81842005,H27,基于临床的“有毒”中药安全性及配伍减毒策略战略研讨会,张伯礼,天津中医药大学,10,2018-09至2018-12
2018,应急管理项目,A01,105,11847073,A050605,表面等离子体局域场对氟化稀土上转换发光的增强机理研究,占世平,湖南科技大学,5,2019-01至2019-12
2018,应急管理项目,A01,106,41849908,D06,共享航次计划2018年度南海地球物理科学考察实验研究,詹文欢,中国科学院南海海洋研究所,400,2019-01至2020-12
2018,应急管理项目,A01,107,41842018,D0706,第八届国际环境土工会议,詹良通,浙江大学,9,2018-06至2018-12
2018,应急管理项目,A01,108,51842109,E01,提升镁合金性能的关键基础科学问题调研,曾小勤,上海交通大学,20,2018-07至2019-06
2018,应急管理项目,A01,109,71841021,G04,面向国际化的重大工程战略决策体系研究,曾赛星,上海交通大学,24,2018-10至2019-09
2018,应急管理项目,A01,110,31842008,C1610,林学学科申请代码修订调研,曾庆银,中国林业科学研究院,20,2018-09至2018-12
2018,应急管理项目,A01,111,71841034,G04,新兴领域军民融合产业发展的机制和政策研究,曾立,中国人民解放军国防科技大学,15,2018-10至2019-09
2018,应急管理项目,A01,112,71841043,G04,一体化应急应战体系建设及能力提升策略研究,曾静,西南科技大学,15,2018-11至2019-10
2018,应急管理项目,A01,113,71840022,G040402,,中国管理科学发展态势分析(2012-2017年）,岳婷,中国科学院文献情报中心,18,2018-11至2019-10
2018,应急管理项目,A01,114,81842027,H1701,康复医学学科发展战略研究,岳寿伟,山东大学,10,2019-01至2019-12
2018,应急管理项目,A01,115,11847303,A05,辽宁师范大学理论物理学术交流和人才培养平台建设项目,岳崇兴,辽宁师范大学,40,2019-01至2019-12
2018,应急管理项目,A01,116,L1824006,Z01,科学基金项目评审专家负责任的行为规范研究,苑怡,科技部科技评估中心,15,2019-01至2020-12
2018,应急管理项目,A01,117,81842030,H19,病原与感染学科发展战略研究,袁正宏,复旦大学,10,2019-01至2019-12
2018,应急管理项目,A01,118,41842022,D0105,第25届国际可持续发展研究会年会：面向未来的资源可持续利用,袁增伟,南京大学,10,2019-01至2019-12
2018,应急管理项目,A01,119,61841504,F050607,基于反饱和吸收自稳定多波长窄线宽锁模光纤激光器及其机理研究,袁易君,宜春学院,10,2019-01至2019-12
2018,应急管理项目,A01,120,11851305,A030304,基于DAMPE数据的电子、伽马和核素宇宙射线综合分析,袁强,中国科学院紫金山天文台,290,2018-04至2020-12
2018,应急管理项目,A01,121,11847609,A05,理论物理前沿暑期讲习班：非常规超导电性、拓扑物态及多能带系统若干前沿问题,袁峰,青岛大学,30,2019-01至2019-12
2018,应急管理项目,A01,122,21847401,B070501,国际天然产物论坛,庾石山,中国医学科学院药物研究所,15,2018-08至2018-12
2018,应急管理项目,A01,123,11847109,A05,大气湍流对涡旋光束的空间-光纤耦合的影响机理研究,俞琳,江南大学,5,2019-01至2019-12
2018,应急管理项目,A01,124,81842009,H02,循环学科发展战略研究,余鹰,天津医科大学,11,2019-01至2019-12
2018,应急管理项目,A01,125,11847202,A05,基于自旋腔电子学的人工分子的理论设计,余伟超,复旦大学,18,2019-01至2019-12
2018,应急管理项目,A01,126,81842039,H2718,中医针灸学相关学科发展战略研究,余曙光,成都中医药大学,10,2019-01至2019-12
2018,应急管理项目,A01,127,11847207,A05,相对论重离子碰撞中的电磁信号产生与QCD手征相变研究,余功明,中国科学院近代物理研究所,18,2019-01至2019-12
2018,应急管理项目,A01,128,31842004,C01,提高《生命科学》学术水平和影响力,于建荣,中国科学院上海生命科学研究院,20,2018-07至2018-12
2018,应急管理项目,A01,129,31842006,C03,生态学科发展现状调研及申请代码修订,于贵瑞,中国科学院地理科学与资源研究所,20,2018-09至2018-12
2018,应急管理项目,A01,130,11847112,A05,关于冷原子系统中自旋压缩态及其量子测量的研究,应皓,杭州电子科技大学,5,2019-01至2019-12
2018,应急管理项目,A01,131,51842503,E0510,智能制造学科发展前沿研究,尹周平,华中科技大学,20,2018-06至2019-06
2018,应急管理项目,A01,132,11847136,A05,铁、氮共掺杂双层石墨烯的磁性研究,尹少骞,河南师范大学,5,2019-01至2019-12
2018,应急管理项目,A01,133,21848402,B081104,第五届海峡两岸超临界流体技术研讨会,银建中,大连理工大学,3,2018-09至2018-12
2018,应急管理项目,A01,134,L1824022,Z01,极端地质环境微生物发展战略研究,殷鸿福,中国地质大学（武汉）,50,2019-01至2020-12
2018,应急管理项目,A01,135,71850013,G03,基于新兴金融科技的风险分析与监管科技创新研究,叶强,哈尔滨工业大学,200,2019-01至2021-12
2018,应急管理项目,A01,136,11847608,A05,强关联拓扑量子物质态的研究进展,叶鹏,中山大学,31,2019-01至2019-12
2018,应急管理项目,A01,137,11844008,A0403,第八届全国原子分子光物理青年科学家论坛,叶地发,北京应用物理与计算数学研究所,6,2018-07至2018-12
2018,应急管理项目,A01,138,71840003,G0110,基于深度学习和自学习的半导体绿色共享制造协同优化研究,叶春明,上海理工大学,10,2019-01至2019-12
2018,应急管理项目,A01,139,11847108,A05,自旋链系统量子相变中的单向量子亏损,叶表良,上饶师范学院,5,2019-01至2019-12
2018,应急管理项目,A01,140,81842025,H15,急重症医学学科发展战略研究,姚咏明,中国人民解放军总医院,11.9,2019-01至2019-12
2018,应急管理项目,A01,141,11847089,A05,有限温度下二维材料的位错晶格理论模型研究,姚茵,常州工学院,5,2019-01至2019-12
2018,应急管理项目,A01,142,51842602,E0604,第四届全国青年燃烧学术会议,姚洪,华中科技大学,10,2018-03至2018-05
2018,应急管理项目,A01,143,81842021,H12,眼科学的基础研究现在和未来,杨正林,电子科技大学,10,2019-01至2019-12
2018,应急管理项目,A01,144,41842056,D010201,能源地缘政治学与国家能源安全战略研究,杨宇,中国科学院地理科学与资源研究所,25,2019-01至2019-12
2018,应急管理项目,A01,145,11847150,A05,无机卤素钙钛矿表面的热力学性质和电子结构性质的理论研究,杨懿,江西理工大学,5,2019-01至2019-12
2018,应急管理项目,A01,146,11841009,A01,新时代数学学科发展需求调研,杨新民,重庆师范大学,10,2018-10至2018-12
2018,应急管理项目,A01,147,11841002,A0112,中国运筹学会2018年学术交流年会,杨新民,重庆师范大学,18,2018-06至2018-12
2018,应急管理项目,A01,148,J1824004,J0202,国家自然科学基金申请代码体系研究,杨晓光,中国科学院数学与系统科学研究院,30,2018-07至2019-12
2018,应急管理项目,A01,149,71850008,G03,中国银行业信贷整体性风险的防范与化解,杨晓光,中国科学院数学与系统科学研究院,200,2019-01至2021-12
2018,应急管理项目,A01,150,71850006,G03,基于外部冲击的汇率市场波动、跨境资本流动及其风险防范问题研究,杨胜刚,湖南大学,200,2019-01至2021-12
2018,应急管理项目,A01,151,51842702,E07,新一代电工装备现状及发展战略研究,杨庆新,天津工业大学,20,2018-07至2019-06
2018,应急管理项目,A01,152,31842028,C17,草地学科发展现状与趋势、资助范围与领域以及学科代码调整的调查研究,杨青川,中国农业科学院北京畜牧兽医研究所,20,2018-09至2018-12
2018,应急管理项目,A01,153,11847099,A05,激光等离子体相互作用中提升质子束流品质的模拟研究,杨鹏,郑州航空工业管理学院,5,2019-01至2019-12
2018,应急管理项目,A01,154,11847168,A05,希格斯场的拓扑性质及其效应,杨路,西安理工大学,5,2019-01至2019-12
2018,应急管理项目,A01,155,J1824026,J0202,基础科学中心项目管理机制研究,杨凌春,北京大学,25,2019-01至2019-12
2018,应急管理项目,A01,156,L1824021,Z01,科学基金学科资助结构图谱研究,杨立英,中国科学院文献情报中心,30,2018-08至2019-12
2018,应急管理项目,A01,157,11847043,A05,用于光催化制氢的窄带隙半导体合金的理论研究与设计,杨竞秀,吉林建筑大学,5,2019-01至2019-12
2018,应急管理项目,A01,158,11842014,A02,2018年第十二届全国生物力学大会,杨慧,西北工业大学,15,2018-08至2018-12
2018,应急管理项目,A01,159,11847605,A0501,生命科学与物理学交叉前沿研究,杨光参,温州大学,30,2019-01至2019-12
2018,应急管理项目,A01,160,61841202,F020707,复杂网络传播源定位的理论与方法研究,杨凡,兰州工业学院,10,2019-01至2019-12
2018,应急管理项目,A01,161,41842028,D0611,水下采矿会议2019资助申请,阳宁,中国科学院深海科学与工程研究所,10,2019-01至2019-12
2018,应急管理项目,A01,162,41842048,D0106,地球偏振光效应的高分辨率定量遥感观测研究,晏磊,北京大学,25,2019-01至2019-12
2018,应急管理项目,A01,163,11847082,A05,磷烯纳米器件的理论设计及自旋输运性质的研究,严深浪,江西理工大学,5,2019-01至2019-12
2018,应急管理项目,A01,164,11847118,A050104,大气湍流对光子轨道角动量纠缠影响的研究,闫香,湖北工程学院,5,2019-01至2019-12
2018,应急管理项目,A01,165,11847119,A05,基于超原子构建的金属有机框架材料：理论设计与性质模拟,闫丽娟,广东海洋大学,5,2019-01至2019-12
2018,应急管理项目,A01,166,L1824037,Z01,面向2035年的新能源汽车技术路线图研究,延建林,中国工程院战略咨询中心,20,2019-01至2020-12
2018,应急管理项目,A01,167,31842018,C060101,遗传学与生物信息学学科前沿和优先发展领域调研,薛勇彪,中国科学院北京基因组研究所,20,2018-09至2018-12
2018,应急管理项目,A01,168,11847316,A05,新疆大学理论物理学术交流和人才培养平台建设项目,薛迅,新疆大学,80,2019-01至2019-12
2018,应急管理项目,A01,169,71841024,G04,“一带一路”重大工程风险管理研究,薛小龙,广州大学,16,2018-10至2019-09
2018,应急管理项目,A01,170,51842107,E01,金属材料学科申请代码与关键词匹配和优化,薛小怀,上海交通大学,20,2018-05至2018-12
2018,应急管理项目,A01,171,41842020,D070803,赤泥土壤化处置及堆场生态修复,薛生国,中南大学,9,2018-07至2018-12
2018,应急管理项目,A01,172,11847302,A05,东北师范大学理论物理量子可积系统研究团队的学术交流平台建设,薛康,东北师范大学,50,2019-01至2019-12
2018,应急管理项目,A01,173,11847304,A05,西北师范大学理论物理专业量子物理研究方向学术交流和人才培养平台建设,薛具奎,西北师范大学,50,2019-01至2019-12
2018,应急管理项目,A01,174,J1824030,J0202,科学基金间接费用核定拨款方式及信用等级挂钩模式对财政预算的影响研究,薛健,清华大学,20,2019-01至2019-12
2018,应急管理项目,A01,175,41842049,D0101,湖泊-流域学科发展战略研究,薛滨,中国科学院南京地理与湖泊研究所,25,2019-01至2019-12
2018,应急管理项目,A01,176,71841036,G04,一体化应急应战体系建设及能力提升策略研究,许维胜,同济大学,15,2018-10至2019-09
2018,应急管理项目,A01,177,41842016,D070202,干热岩资源和增强性地热工程国际学术研讨会,许天福,吉林大学,9,2018-04至2018-12
2018,应急管理项目,A01,178,11847159,A05,基于第一性原理分子动力学对非晶硫系玻璃微观结构的理论研究,许思维,湖南文理学院,5,2019-01至2019-12
2018,应急管理项目,A01,179,11847050,A05,连续测量和量子反馈在超导量子系统中的研究,许鹏,南京邮电大学,5,2019-01至2019-12
2018,应急管理项目,A01,180,11847125,A05,利用全反射原理构建超薄钙钛矿型太阳能电池的研究,许美凤,南通大学,5,2019-01至2019-12
2018,应急管理项目,A01,181,71840002,G0106,全球主要港口集装箱运量预测与预警研究,许利枝,北京联合大学,14,2019-01至2019-12
2018,应急管理项目,A01,182,L1824040,Z01,面向2035的新一代信息技术路线图研究,许冠南,北京邮电大学,20,2019-01至2020-12
2018,应急管理项目,A01,183,61841109,F010404,面向交通不发达农牧区的不确定社会关系机会网络路由策略关键技术研究,许岗,内蒙古大学,10,2019-01至2019-12
2018,应急管理项目,A01,184,11842021,A020316,第六届全国实验力学青年学者学术研讨会,许峰,中国科学技术大学,8,2019-09至2019-10
2018,应急管理项目,A01,185,11847086,A050105,基于重整化群方法的低维混合自旋系统的量子关联动力学研究,徐玉良,鲁东大学,5,2019-01至2019-12
2018,应急管理项目,A01,186,11847025,A05,第一性原理研究钙钛矿型金属-有机框架化合物的多铁性,徐兴亮,浙江科技学院,5,2019-01至2019-12
2018,应急管理项目,A01,187,71840024,G0101,我国管理科学发展态势及优先资助领域与方向,徐伟宣,中国科学院科技战略咨询研究院,18,2019-01至2019-12
2018,应急管理项目,A01,188,11847024,A05,QCD相图crossover多种磁化率的研究,徐书生,南京邮电大学,5,2019-01至2019-12
2018,应急管理项目,A01,189,31842010,C210101,分子生物学与生物技术学科调研,徐健,中国科学院青岛生物能源与过程研究所,25,2018-09至2018-12
2018,应急管理项目,A01,190,71841054,G04,新时代中国特色军民融合发展体制、机制和政策研究,徐建中,哈尔滨工程大学,20,2018-10至2019-09
2018,应急管理项目,A01,191,51842304,E03,通用高分子材料学科发展战略研究,徐坚,中国科学院化学研究所,20,2018-07至2019-06
2018,应急管理项目,A01,192,41849903,D06,共享航次计划2018年度长江口科学考察实验研究,徐汉祥,浙江海洋大学,400,2019-01至2020-12
2018,应急管理项目,A01,193,51842201,E02,无机非金属材料战略研讨会,徐海阳,东北师范大学,20,2018-07至2019-06
2018,应急管理项目,A01,194,11842015,A020502,国际理论与应用力学联合会细胞力学微环境专题研讨会,徐峰,西安交通大学,10,2018-06至2018-12
2018,应急管理项目,A01,195,41842030,D0601,第11届国际海洋模式会议IWMO,徐芳华,清华大学,10,2019-01至2019-12
2018,应急管理项目,A01,196,51842703,E0704,新一代能源系统背景下的电力系统谐波发射特性、传播规律、交互影响及评估技术的战略调研,徐方维,四川大学,10,2019-01至2019-12
2018,应急管理项目,A01,197,51842701,E070602,电力电子领域技术现状及发展战略调研,徐殿国,哈尔滨工业大学,20,2018-07至2019-06
2018,应急管理项目,A01,198,11847013,A05,异质性耦合相振子的同步化研究,徐灿,华侨大学,5,2019-01至2019-12
2018,应急管理项目,A01,199,81842018,H09,麻醉学学科发展战略研究,熊利泽,中国人民解放军第四军医大学,10,2019-01至2019-12
2018,应急管理项目,A01,200,11842016,A0203,2018年全国固体力学学术会议,熊健,哈尔滨工业大学,12,2018-07至2018-12
2018,应急管理项目,A01,201,61841203,F020506,面向典型甘肃少数民族方言的鲁棒性说话人识别技术研究,邢玉娟,兰州文理学院,10,2019-01至2019-12
2018,应急管理项目,A01,202,51842403,E0414,钢铁联合研究基金管理运行机制及绩效评价调查研究,邢奕,北京科技大学,20,2018-10至2019-04
2018,应急管理项目,A01,203,L1824005,Z01,科学基金资助绩效评估法律制度研究,邢怀滨,科技部科技评估中心,20,2019-01至2020-12
2018,应急管理项目,A01,204,J1824104,J0202,科学基金预算增长与绩效管理优化研究,邢怀滨,科技部科技评估中心,20,2018-09至2019-07
2018,应急管理项目,A01,205,11841008,A011701,第九届偏微分方程及其数值分析国际会议,谢资清,湖南师范大学,10,2018-08至2018-12
2018,应急管理项目,A01,206,11847102,A05,非零力矩内边界条件下的中微子冷却主导吸积流的结构及其作为伽玛射线暴中心引擎的可行性,谢伟,贵州师范大学,5,2019-01至2019-12
2018,应急管理项目,A01,207,11847056,A05,弱耦合条件下腔光力系统的非线性特性及其应用研究,谢鸿,福建江夏学院,5,2019-01至2019-12
2018,应急管理项目,A01,208,51841401,E0409,致密储层流态资源开发的基础理论与关键技术研究,谢和平,深圳大学,20,2018-07至2019-06
2018,应急管理项目,A01,209,L1824045,Z01,面向2035的前沿新材料技术路线图研究,肖尤丹,中国科学院科技战略咨询研究院,20,2019-01至2020-12
2018,应急管理项目,A01,210,11847205,A05,二维陈绝缘体中受拓扑保护的“连续谱中的束缚态”,肖义鑫,苏州大学,18,2019-01至2019-12
2018,应急管理项目,A01,211,11847054,A05,石墨烯/单层过渡金属硫化物异质结的光吸收特性研究,肖宜明,云南大学,5,2019-01至2019-12
2018,应急管理项目,A01,212,J1824101,J0202,基于信用评级的科学基金间接费用核定研究,肖小溪,中国科学院科技战略咨询研究院,20,2018-08至2019-12
2018,应急管理项目,A01,213,11847234,A05,二维狄拉克费米子体系中的强相互作用和量子相变,肖海校,中国科学技术大学,18,2019-01至2019-12
2018,应急管理项目,A01,214,61841503,F0516,基于光微流控技术的可调谐导模共振柔性光子器件的设计、制备及应用研究,肖国辉,江西科技师范大学,10,2019-01至2019-12
2018,应急管理项目,A01,215,11844007,A0404,光量子信息青年论坛,项国勇,中国科学技术大学,6,2018-09至2018-09
2018,应急管理项目,A01,216,11847229,A05,虫洞与热化,冼卓宇,中国科学院理论物理研究所,18,2019-01至2019-12
2018,应急管理项目,A01,217,11847230,A050103,二维石墨烯曲面上表面等离激元的几何动量及其物理效应,夏圣轩,湖南大学,18,2019-01至2019-12
2018,应急管理项目,A01,218,61842102,F011306,遥感图像稀疏表征与智能分析竞赛,夏桂松,武汉大学,95,2019-01至2019-12
2018,应急管理项目,A01,219,11847126,A05,叠氮化钠与一氧化二氮在高温高压反应所得生成产物的研究,武晓鑫,吉林师范大学,5,2019-01至2019-12
2018,应急管理项目,A01,220,51842102,E01,梯度与层片纳米结构材料/力学关键科学问题战略研讨,武晓雷,中国科学院力学研究所,15,2018-09至2018-12
2018,应急管理项目,A01,221,51842507,E050803,轻质材料焊接与连接基础研究发展战略调研,武传松,山东大学,10,2018-07至2019-06
2018,应急管理项目,A01,222,11847160,A05,在非均匀静电场中研究施温格效应,吾拉依木江•司提瓦力地,新疆大学,4,2019-01至2019-12
2018,应急管理项目,A01,223,51842404,E04,冶金与材料学科发展战略研讨,吴忠,天津大学,15,2018-09至2019-06
2018,应急管理项目,A01,224,11851302,A030103,基于DAMPE的暗物质属性及结构形成相关理论研究,吴岳良,中国科学院理论物理研究所,325,2018-04至2020-12
2018,应急管理项目,A01,225,11847107,A05,量子纠缠与时空几何的内在关系,吴悠,湖南文理学院,5,2019-01至2019-12
2018,应急管理项目,A01,226,L1824031,Z01,信息与通信工程发展战略研究,吴一戎,中国科学院大学,50,2019-01至2020-12
2018,应急管理项目,A01,227,71850010,G03,债券市场及其基础设施风险防范与化解研究,吴文锋,上海交通大学,199,2019-01至2021-12
2018,应急管理项目,A01,228,11845002,A05,2018年‘一带一路’西部核能发展科教融合高端论坛,吴王锁,兰州大学,10,2018-04至2018-12
2018,应急管理项目,A01,229,L1824025,Z01,海洋数据科学发展战略研究,吴立新,中国海洋大学,50,2019-01至2020-12
2018,应急管理项目,A01,230,11845007,A05,高能重离子与生物体相互作用的物理问题及其交叉学科发展战略研讨会,吴李君,中国科学院合肥物质科学研究院,2,2018-10至2018-12
2018,应急管理项目,A01,231,61851404,F04,存算融合的新型模拟型阻变器件及其集成研究,吴华强,清华大学,300,2019-01至2021-12
2018,应急管理项目,A01,232,11847002,A05,基于人工表面等离激元共振结构的多频带太赫兹定向散射天线理论研究,吴宏伟,安徽理工大学,5,2019-01至2019-12
2018,应急管理项目,A01,233,11847053,A05,极高温高压下金刚石纳米孪晶结构力学性质的理论研究,吴昊,湖南师范大学,5,2019-01至2019-12
2018,应急管理项目,A01,234,41842040,D07,环境地球科学学科战略研究,吴丰昌,中国环境科学研究院,30,2019-01至2019-12
2018,应急管理项目,A01,235,11847318,A05,厦门大学理论物理交流交叉平台,吴晨旭,厦门大学,60,2019-01至2019-12
2018,应急管理项目,A01,236,11847213,A05,基于极化子增强二氧化钛光催化机理的理论研究,闻波,北京计算科学研究中心,18,2019-01至2019-12
2018,应急管理项目,A01,237,11847231,A05,细胞缺氧响应调控过程超敏行为机制的分子模拟研究,文彬,南京大学,18,2019-01至2019-12
2018,应急管理项目,A01,238,11847245,A05,量子非线性光学中U(1)对称破缺可积模型的关联函数和量子动力学,温发楷,中国科学院武汉物理与数学研究所,18,2019-01至2019-12
2018,应急管理项目,A01,239,L1824051,Z01,新时代科学基金党风廉政建设与廉政风险防控体系构建,魏增产,北京科技大学,20,2019-01至2020-12
2018,应急管理项目,A01,240,41849902,D06,共享航次计划2018年度东海科学考察实验研究,魏泽勋,自然资源部第一海洋研究所,350,2019-01至2020-12
2018,应急管理项目,A01,241,11847238,A05,重味物理中幂次修正效应研究,魏焰冰,南开大学,18,2019-01至2019-12
2018,应急管理项目,A01,242,11847146,A05,ZnRG和CdRG系统van,der,Waals势的理论研究,魏丽敏,西安航空学院,5,2019-01至2019-12
2018,应急管理项目,A01,243,31842027,C04,动物学科发展现况及资助管理研究,魏辅文,中国科学院动物研究所,20,2018-09至2018-12
2018,应急管理项目,A01,244,11847114,A05,高能碰撞中基于横动量分布和粒子产额比的轻强子和夸克化学势,卫华荣,丽水学院,5,2019-01至2019-12
2018,应急管理项目,A01,245,61841705,F070101,云南少数民族地区普通高校就业与招生培养联动机制的研究,韦颖,云南师范大学,10,2019-01至2019-12
2018,应急管理项目,A01,246,11841006,A01,中国数学会2018年学术年会,韦维,贵州民族大学,19,2018-05至2018-12
2018,应急管理项目,A01,247,11847155,A05,强场驱动分子隧穿电离中电子与核关联动力学的理论研究,王茁,湖北第二师范学院,5,2019-01至2019-12
2018,应急管理项目,A01,248,51842801,E0804,环境工程青年学者学术沙龙,王志伟,同济大学,15,2018-04至2018-08
2018,应急管理项目,A01,249,J1824011,J0202,联合基金项目绩效指标评价体系与方法研究,王志强,华南理工大学,30,2018-07至2019-12
2018,应急管理项目,A01,250,71841010,G04,基于目标导向的新型农业支持保护政策体系研究,王志刚,中国人民大学,16,2018-06至2019-05
2018,应急管理项目,A01,251,81842040,H28,中药学学科发展战略研究,王峥涛,上海中医药大学,10,2019-01至2019-12
2018,应急管理项目,A01,252,61841602,F060302,面向网络图像在线检索的加权相对相似性保持哈希算法的研究,王振,山东理工大学,8,2019-01至2019-12
2018,应急管理项目,A01,253,31842017,C1118,生理学与整合生物学科资助范围、学科代码及优先资助领域调研,王韵,北京大学,20,2018-09至2018-12
2018,应急管理项目,A01,254,61842602,F06,人工智能领域研究前沿探测与决策支持,王曰芬,南京理工大学,29,2019-01至2019-12
2018,应急管理项目,A01,255,41849905,D06,共享航次计划2018年度南海东北部-吕宋海峡科学考察实验研究,王毅,中国海洋大学,600,2019-01至2020-12
2018,应急管理项目,A01,256,11847243,A05,强激光场分子光电子全息中的电子-核耦合动力学研究,王艳兰,中国科学院武汉物理与数学研究所,18,2019-01至2019-12
2018,应急管理项目,A01,257,11847201,A05,Twisted电子束基本性质研究,王艳,中国科学院近代物理研究所,18,2019-01至2019-12
2018,应急管理项目,A01,258,71841025,G04,重大工程全景式跟踪审计研究,王雪荣,南京审计大学,16,2018-10至2019-09
2018,应急管理项目,A01,259,J1824003,J0202,创新性非共识研究项目的遴选机制与管理模式探究,王雪青,郑州大学,30,2018-07至2019-12
2018,应急管理项目,A01,260,31842035,C2112,生物信息学学科现状与发展趋势调研,王秀杰,中国科学院遗传与发育生物学研究所,50,2019-01至2019-12
2018,应急管理项目,A01,261,L1824050,Z01,世界科技强国基础研究及资助机构发展战略调研,王鑫,中国科学院科技战略咨询研究院,20,2019-01至2019-12
2018,应急管理项目,A01,262,11847214,A05,从氢聚集和迁移行为的研究揭示高熵合金CoCrFeMnNi的氢泡形核机制,王欣欣,北京应用物理与计算数学研究所,18,2019-01至2019-12
2018,应急管理项目,A01,263,11847217,A05,Drell-Yan过程中横动量依赖演化效应的研究,王晓玉,郑州大学,18,2019-01至2019-12
2018,应急管理项目,A01,264,11847135,A05,单电极感应电元件基本物理性质的理论研究,王晓雄,青岛大学,5,2019-01至2019-12
2018,应急管理项目,A01,265,11847147,A05,一维孤立量子准周期多体系统热化问题的研究,王晓慧,江西理工大学,5,2019-01至2019-12
2018,应急管理项目,A01,266,11847306,A05,西北大学理论物理学术交流和人才培养平台建设,王晓辉,西北大学,90,2019-01至2019-12
2018,应急管理项目,A01,267,11847067,A05,石墨烯量子混沌现象的电磁波模拟研究,王晓,太原科技大学,5,2019-01至2019-12
2018,应急管理项目,A01,268,L1824013,Z01,口腔医学发展态势评估研究：2008-2017,王小梅,中国科学院科技战略咨询研究院,40,2019-01至2020-12
2018,应急管理项目,A01,269,71840025,G04,中国自然资源安全与管理,王小烈,中国地质科学院,18,2019-01至2019-12
2018,应急管理项目,A01,270,11847081,A05,有界噪声激励下脉冲切换系统的随机稳定性研究,王喜英,河南工业大学,5,2019-01至2019-12
2018,应急管理项目,A01,271,71840023,G011401,自然科学基金委管理科学部网站及数据库迁移及长期维护,王卫东,中国人民大学,5,2019-01至2019-12
2018,应急管理项目,A01,272,71840016,G0405,集群网络中非核心企业反向知识溢出机理研究,王伟光,辽宁大学,12,2019-01至2019-12
2018,应急管理项目,A01,273,11847070,A05,活性布朗颗粒系统的压强和微流变性质研究,王庭,云南大学,5,2019-01至2019-12
2018,应急管理项目,A01,274,41842008,D0212,中方主持的IGCP662国际会议及野外地质和室内培训,王涛,中国地质科学院地质研究所,9,2018-06至2018-12
2018,应急管理项目,A01,275,11847066,A05,有限温度有限密度条件下格点量子色动力学的矢量介子相变行为研究,王睿,天津理工大学,5,2019-01至2019-12
2018,应急管理项目,A01,276,51842608,E06,工程热物理学科可再生能源与新能源领域现状及发展战略调研,王如竹,上海交通大学,20,2018-07至2019-06
2018,应急管理项目,A01,277,51842604,E060103,第六届国际低温与制冷大会,王如竹,上海交通大学,8,2018-03至2018-12
2018,应急管理项目,A01,278,11847078,A05,分数阶非局域非线性薛定谔方程中空间光孤子传输特性研究,王清,上饶师范学院,5,2019-01至2019-12
2018,应急管理项目,A01,279,11847039,A05,分子异构化和质子转移动力学的理论研究,王钦鑫,吉林工程技术师范学院,5,2019-01至2019-12
2018,应急管理项目,A01,280,L1824054,Z01,国家自然科学基金资助管理规范性文件修订研究,王琦,北京工商大学,20,2019-01至2020-12
2018,应急管理项目,A01,281,61841104,F012405,基于异构神经网络的多源信息融合方法及其在药物-靶标相互作用预测中的应用研究,王普,湖北文理学院,10.2,2019-01至2019-12
2018,应急管理项目,A01,282,11847097,A05,Bc,介子非轻衰变的唯象研究,王娜,河南工业大学,5,2019-01至2019-12
2018,应急管理项目,A01,283,11847152,A05,LHC能区中喷注碎裂函数矩的研究,王梦亮,贵州财经大学,5,2019-01至2019-12
2018,应急管理项目,A01,284,71841028,G04,重大工程技术风险决策机制研究,王孟钧,中南大学,15,2018-10至2019-09
2018,应急管理项目,A01,285,11847162,A05,周期性纳米坑-纳米颗粒组合结构场增强现象及传感性能的研究,王蒙,商丘师范学院,5,2019-01至2019-12
2018,应急管理项目,A01,286,51842603,E0601,热力学与能源利用青年学术研讨,王丽伟,上海交通大学,10,2018-03至2018-12
2018,应急管理项目,A01,287,31842015,C0901,神经科学学科发展战略和优先发展领域研究,王立平,中国科学院深圳先进技术研究院,20,2018-09至2018-12
2018,应急管理项目,A01,288,61842601,F06,水下机器人目标抓取大赛科技活动,王雷,大连理工大学,95,2019-01至2019-12
2018,应急管理项目,A01,289,11847062,A05,基于深度学习的量子关联成像理论研究,王乐,南京邮电大学,5,2019-01至2019-12
2018,应急管理项目,A01,290,41842061,D0107,地球科学领域科学数据管理策略研究,王卷乐,中国科学院地理科学与资源研究所,20,2019-01至2019-12
2018,应急管理项目,A01,291,71841033,G04,军民资源功能拓展路径及制度政策研究,王健,哈尔滨工业大学,16,2018-10至2019-09
2018,应急管理项目,A01,292,51841801,E08,建筑学科现状调研及发展战略研究,王建国,东南大学,20,2018-07至2019-06
2018,应急管理项目,A01,293,11847038,A05,基于变分法研究二维光晶格自旋轨道耦合自旋-1玻色气体基态相图,王继国,石家庄铁道大学,5,2019-01至2019-12
2018,应急管理项目,A01,294,71843006,G04,科学基金人才资助体系的发展战略研究,王惠文,北京航空航天大学,60,2018-11至2020-12
2018,应急管理项目,A01,295,11847061,A05,超薄二维纳米材料中磁性的理论研究,王会平,上海工程技术大学,5,2019-01至2019-12
2018,应急管理项目,A01,296,81841003,H0203,酪氨酸激酶抑制剂所引起的心脏毒性的单细胞分子机理,王欢,北京大学,19,2019-01至2019-12
2018,应急管理项目,A01,297,31842009,C0501,生物物理学科调研,王宏伟,清华大学,20,2018-09至2018-12
2018,应急管理项目,A01,298,41849906,D06,共享航次计划2018年度南海中部海盆科学考察实验研究,王海黎,厦门大学,500,2019-01至2020-12
2018,应急管理项目,A01,299,51842509,E0505,再制造技术的发展前沿与趋势研究,王海斗,中国人民解放军陆军装甲兵学院,8,2018-07至2019-06
2018,应急管理项目,A01,300,71843009,G04,科研伦理与科研诚信治理研究,王国豫,复旦大学,60,2018-11至2020-12
2018,应急管理项目,A01,301,41842026,D071102,“一带一路”沿线中东欧国家防震减灾技术培训,王国新,大连理工大学,10,2019-01至2019-12
2018,应急管理项目,A01,302,11847602,A05,量子色动力学及其应用暑期学校,王国利,哈尔滨工业大学,31,2019-01至2019-12
2018,应急管理项目,A01,303,71850009,G03,金融市场风险防范和化解研究——完善货币政策传导机制,,防范流动性风险,王国刚,中国人民大学,200,2019-01至2021-12
2018,应急管理项目,A01,304,11842023,A0205,第七届中美生物医学工程暨海内外生物力学学术研讨会,王贵学,重庆大学,8,2019-07至2019-07
2018,应急管理项目,A01,305,11847100,A05,掺杂对钽基半导体光催化性能调控的理论研究,王广钊,长江师范学院,5,2019-01至2019-12
2018,应急管理项目,A01,306,71840026,G04,雄安新区城市地下空间资源管理与政策体系研究,王凤鸣,河北地质大学,16,2019-01至2019-12
2018,应急管理项目,A01,307,41842019,D0217,深部生命国际研讨会,王风平,上海交通大学,9,2018-10至2018-12
2018,应急管理项目,A01,308,11847027,A05,内嵌原子与锚原子联合调制的C20输运特性研究,王方原,桂林电子科技大学,5,2019-01至2019-12
2018,应急管理项目,A01,309,L1824028,Z01,轻元素体系的全量子化问题发展战略研究,王恩哥,中国科学院物理研究所,50,2019-01至2020-12
2018,应急管理项目,A01,310,11847079,A05,基于热弹性应力-应变理论研究弱吸收效应诱导KDP晶体内温度-热应力场分布特点,王端良,曲阜师范大学,5,2019-01至2019-12
2018,应急管理项目,A01,311,41842023,D0607,印度洋海洋环境遥感监测国际培训班,王东晓,中国科学院南海海洋研究所,10,2019-05至2019-05
2018,应急管理项目,A01,312,71841041,G04,军民资源双向功能拓展路径及政策制度研究,王传珂,中国工程物理研究院激光聚变研究中心,15,2018-10至2019-09
2018,应急管理项目,A01,313,51842802,E0804,环境工程青年论坛,王川,广州大学,15,2018-07至2018-12
2018,应急管理项目,A01,314,L1824017,Z01,科学基金在我国建设世界科技强国中的独特作用研究,王程韡,清华大学,20,2018-08至2019-12
2018,应急管理项目,A01,315,11847064,A05,结构缺陷对二维过渡金属碳化物电子性质影响的理论研究,王昌英,常州工学院,5,2019-01至2019-12
2018,应急管理项目,A01,316,11842009,A020317,第四届全国计算力学青年学术研讨会,王博,大连理工大学,8,2018-06至2018-12
2018,应急管理项目,A01,317,41842037,D0410,内日球层三维全景成像探测概念预先研究,汪毓明,中国科学技术大学,50,2019-01至2019-12
2018,应急管理项目,A01,318,J1824019,J0202,国家自然科学基金项目专题绩效评价研究与探索,汪雪锋,北京理工大学,100,2019-01至2019-12
2018,应急管理项目,A01,319,71843004,G04,科学基金资助导向与项目资助布局优化研究,汪寿阳,中国科学院数学与系统科学研究院,60,2018-11至2020-12
2018,应急管理项目,A01,320,L1824015,Z01,2019年度学科政策动态研究,汪凌勇,中国科学院文献情报中心,15,2019-01至2019-12
2018,应急管理项目,A01,321,11847015,A05,无序晶格系统中退局域化引起的反常能量输运现象及其微观机制,汪剑津,江西科技师范大学,5,2019-01至2019-12
2018,应急管理项目,A01,322,71841013,G04,我国经济高质量发展的内涵、趋势和特点研究,汪红驹,华侨大学,16,2018-07至2019-06
2018,应急管理项目,A01,323,61841103,F011703,基于三维复合视觉系统的多运动目标检测与跟踪方法研究,万琴,湖南工程学院,8,2019-01至2019-12
2018,应急管理项目,A01,324,81841001,H2819,青蒿素抗疟机制深化及耐药机制的探索性研究,屠呦呦,中国中医科学院中药研究所,500,2019-01至2021-12
2018,应急管理项目,A01,325,11847031,A05,视界热力学相关问题的研究,屠飞泉,遵义师范学院,5,2019-01至2019-12
2018,应急管理项目,A01,326,71841007,G04,多主体参与、场景关注与乡村智慧治理的研究,仝志辉,中国人民大学,16,2019-01至2019-05
2018,应急管理项目,A01,327,11847018,A050103,超冷里德堡介质对多光子脉冲的动态量子相干调控,田雪冬,广西师范大学,5,2019-01至2019-12
2018,应急管理项目,A01,328,71841049,G04,新兴领域军民融合产业发展的机制和政策研究,田庆锋,西北工业大学,16,2018-10至2019-09
2018,应急管理项目,A01,329,71850002,G03,宏观经济政策组合与系统性金融风险的防范与化解,——基于大型准结构一般均衡模型的模拟分析,田国强,上海财经大学,200,2019-01至2021-12
2018,应急管理项目,A01,330,61841401,F040604,LTCC微通孔沉积Cu机理与孔金属致密化研究,陶志华,电子科技大学,16,2019-01至2019-12
2018,应急管理项目,A01,331,L1824034,Z01,面向2035年的高性能医疗器械技术路线图研究,唐卓,湖南大学,20,2019-01至2020-12
2018,应急管理项目,A01,332,11844004,A0402,第十一届低能电子显微镜／光电子显微镜国际研讨会,唐文新,重庆大学,10,2018-10至2018-12
2018,应急管理项目,A01,333,11841001,A010206,第六届密码学与云计算安全国际研讨会,唐春明,广州大学,12,2018-06至2018-12
2018,应急管理项目,A01,334,21847402,B07,第24届DNA计算与分子编程国际会议,,唐波,山东师范大学,8,2018-10至2018-12
2018,应急管理项目,A01,335,11841007,A0117,国家自然科学基金委数理学部网站体验设计及系统框架优化,汤程心,杭州电子科技大学,8,2018-08至2018-12
2018,应急管理项目,A01,336,71850005,G03,汇率市场变化、跨境资本流动与金融风险防范,谭小芬,中央财经大学,200,2019-01至2021-12
2018,应急管理项目,A01,337,11847042,A05,锯齿型石墨烯纳米带中的量子关联与调控,谭小东,河南工程学院,5,2019-01至2019-12
2018,应急管理项目,A01,338,11847169,A05,三维超导外尔材料中涡旋拓扑相变研究,孙勇,浙江西湖高等研究院,5,2019-01至2019-12
2018,应急管理项目,A01,339,51842606,E06,航空发动机气动与燃烧领域现状及发展战略调研,孙晓峰,北京航空航天大学,19.8,2018-07至2019-06
2018,应急管理项目,A01,340,31842022,C13,农业科技领域重大需求调研,孙其信,中国农业大学,30,2018-09至2019-12
2018,应急管理项目,A01,341,11847127,A05,高斯激光光束在等离子体中的非线性传输特性理论研究,孙鹏,中北大学,5,2019-01至2019-12
2018,应急管理项目,A01,342,61842202,F0206,国家关键基础设施信息安全的现状、趋势及建议研究,孙利民,中国科学院信息工程研究所,20,2018-11至2019-10
2018,应急管理项目,A01,343,51841402,E0403,海洋天然气水合物高效钻采重大科学问题及基础理论,孙金声,中国石油大学（华东）,20,2018-07至2019-06
2018,应急管理项目,A01,344,81841002,H1409,基于双面微拉伸力检测技术的口腔粘结剂新评价方法的建立及临床应用,孙继皓,哈尔滨医科大学,20,2019-01至2019-12
2018,应急管理项目,A01,345,11847167,A05,TiO2表面非绝热超快电荷转移过程的理论研究,孙慧娟,青岛大学,5,2019-01至2019-12
2018,应急管理项目,A01,346,81842042,H30,药物学学科发展战略研究项目,孙宏斌,中国药科大学,10,2019-01至2019-12
2018,应急管理项目,A01,347,81842035,H24,地方病学/职业病学学科发展战略研究项目,孙殿军,哈尔滨医科大学,10,2019-01至2019-12
2018,应急管理项目,A01,348,51842607,E0602,2018年气动力学与流体机械青年学者研讨会,孙大坤,北京航空航天大学,10,2018-06至2018-12
2018,应急管理项目,A01,349,31842021,C13,作物学学科申请代码的调整与完善,孙传清,中国农业大学,24,2018-09至2018-12
2018,应急管理项目,A01,350,11844010,A04,新时代物理学科发展需求调研,孙昌璞,中国工程物理研究院研究生院,19,2018-09至2018-12
2018,应急管理项目,A01,351,31842036,C2007,食品科学发展与食品安全,孙宝国,北京工商大学,50,2019-01至2019-12
2018,应急管理项目,A01,352,11847072,A05,含过渡族金属阳离子硼酸盐的非线性光学材料的理论机制研究,苏欣,伊犁师范学院,5,2019-01至2019-12
2018,应急管理项目,A01,353,41842043,D0608,海洋科学数据组织管理与共享机制研究——以国家自然科学基金共享航次科考数据为例,苏天赟,自然资源部第一海洋研究所,30,2019-01至2019-12
2018,应急管理项目,A01,354,41842055,D06,中国近海及邻近西北太平洋可持续利用渔业资源的生态环境基础,苏纪兰,自然资源部第二海洋研究所,25,2019-01至2019-12
2018,应急管理项目,A01,355,71841017,G04,我国经济高质量发展的指标体系、统计体系和评价体系研究,宋旭光,北京师范大学,16,2018-07至2019-06
2018,应急管理项目,A01,356,11847088,A05,ZrO2，HfO2二维结构预测及物性研究,宋婷婷,西华师范大学,5,2019-01至2019-12
2018,应急管理项目,A01,357,11847041,A050101,改进型多参考态微扰理论方法研究及实现,宋齐,西北大学,5,2019-01至2019-12
2018,应急管理项目,A01,358,11847106,A05,辐照诱导的缺陷对铁电畴壁原子和电子结构及其动力学演化作用机理的第一性原理研究,宋宏甲,湘潭大学,5,2019-01至2019-12
2018,应急管理项目,A01,359,81842026,H16,肿瘤学科发展战略研究,宋尔卫,中山大学,10,2019-01至2019-12
2018,应急管理项目,A01,360,11847093,A05,随机投射Gross-Pitaevskii模型及其在耦合多分量非线性系统中的应用研究,宋东坡,江苏科技大学,5,2019-01至2019-12
2018,应急管理项目,A01,361,51842405,E04,主办第四届矿山安全科学与工程国际学术会议,宋大钊,北京科技大学,6,2018-09至2019-02
2018,应急管理项目,A01,362,51842613,E06,工程热物理与能源利用学科在研项目进展研讨及青年学者交流,帅永,哈尔滨工业大学,10,2018-10至2019-06
2018,应急管理项目,A01,363,11847612,A05,彭桓武理论物理创新研究中心,舒菁,中国科学院理论物理研究所,300,2019-01至2019-12
2018,应急管理项目,A01,364,61841704,F070105,基于ERP/fMRI和心理认知方法探索重复心念训练对负面情绪调节机制的研究,释衍空,香港大学深圳研究院,13.64,2019-01至2019-12
2018,应急管理项目,A01,365,41842027,D0201,有孔虫研究与写作短期培训班,史宇坤,南京大学,10,2019-01至2019-12
2018,应急管理项目,A01,366,11847173,A05,基于适应性功能模块耦合的类回溯效应的研究,史文佳,西安理工大学,5,2019-01至2019-12
2018,应急管理项目,A01,367,51842301,E0310,生物医用高分子材料发展战略调研,史林启,南开大学,20,2018-07至2019-06
2018,应急管理项目,A01,368,71841015,G04,我国经济高质量发展与产业结构调整升级研究,史丹,中国社会科学院工业经济研究所,16,2018-07至2019-06
2018,应急管理项目,A01,369,11847068,A05,可积系统中Camassa-Holm类方程的非局部对称及其尖峰孤子解的研究,时振华,西北大学,5,2019-01至2019-12
2018,应急管理项目,A01,370,11847156,A05,领结形纳米天线电磁场增强极限的数值计算,时华良,杭州电子科技大学,5,2019-01至2019-12
2018,应急管理项目,A01,371,41842060,D0307,月球形成时代及岩浆演化史研究-嫦娥计划月岩研究的技术储备,石玉若,中国地质科学院地质研究所,60,2019-01至2019-12
2018,应急管理项目,A01,372,11847130,A05,基于分子动力学的梯度纳米结构金属锆力学性能与变形机理研究,石银冬,河北工程大学,5,2019-01至2019-12
2018,应急管理项目,A01,373,41842033,D010505,固体废物系统生命周期评估与模拟短期人才培训,石磊,清华大学,9,2019-01至2019-12
2018,应急管理项目,A01,374,11847020,A050103,基于量子测量的多体纠缠保护研究,石甲栋,阜阳师范学院,5,2019-01至2019-12
2018,应急管理项目,A01,375,L1824020,Z01,结构优化视角下我国企业基础研究投入问题研究,施红,中国共产党中央委员会党校,20,2018-08至2019-12
2018,应急管理项目,A01,376,11847171,A05,玻尔兹曼方程研究横向自旋塞贝克效应,沈宇华,东北电力大学,5,2019-01至2019-12
2018,应急管理项目,A01,377,11847134,A050303,Li2SiO3晶体的辐照损伤性能的分子动力学模拟研究,沈艳红,成都信息工程大学,5,2019-01至2019-12
2018,应急管理项目,A01,378,11847101,A05,量子相干资源理论中非相干量子运算、度量及相关问题,邵连合,西安工程大学,5,2019-01至2019-12
2018,应急管理项目,A01,379,81842003,H1701,我国护理学与康复学领域科学研究发展的战略研究,尚少梅,北京大学,8,2018-09至2019-06
2018,应急管理项目,A01,380,71840019,G0119,第10届计算交通科学国际研讨会,尚华艳,首都经济贸易大学,5,2018-07至2018-07
2018,应急管理项目,A01,381,11847218,A05,再加热时期产生的随机引力波背景的研究,桑语,中国科学院理论物理研究所,18,2019-01至2019-12
2018,应急管理项目,A01,382,51842504,E05,国际先进制造科学研究现状及发展趋势探讨,融亦鸣,南方科技大学,10,2018-07至2019-06
2018,应急管理项目,A01,383,11847060,A05,基于链状金属纳米颗粒结构等离激元间隙的量子关联传递研究,任俊,河北师范大学,5,2019-01至2019-12
2018,应急管理项目,A01,384,11847005,A05,多体局域化相变的机器学习研究,饶文嘉,杭州电子科技大学,5,2019-01至2019-12
2018,应急管理项目,A01,385,11847172,A05,单光子强耦合腔光力系统中量子态传递的研究,饶识,湖北工业大学,4,2019-01至2019-12
2018,应急管理项目,A01,386,11842024,A02,智慧软物质力学及其在生命和健康工程中的应用,曲绍兴,浙江大学,15,2019-01至2019-12
2018,应急管理项目,A01,387,51841803,E0804,环境工程学科发展战略研究,曲久辉,中国科学院生态环境研究中心,20,2018-07至2019-06
2018,应急管理项目,A01,388,41842044,D01,主要国家地球科学基金资助格局及优先资助方向筛选,曲建升,中国科学院兰州文献情报中心,60,2019-01至2019-12
2018,应急管理项目,A01,389,71841003,G04,多主体参与、场景关注与乡村智慧治理的研究,邱泽奇,北京大学,16,2018-06至2019-05
2018,应急管理项目,A01,390,11847087,A05,超导电路量子电动力学及混合量子系统的量子计算与量子模拟,邱岳寅,重庆邮电大学,5,2019-01至2019-12
2018,应急管理项目,A01,391,31842014,C10,生物力学与组织工程学科前沿与资助重点研究,邱小忠,南方医科大学,20,2018-09至2018-12
2018,应急管理项目,A01,392,11847023,A05,非广延统计框架下等离子体截面形状对测地声模的影响,邱慧斌,南昌大学,5,2019-01至2019-12
2018,应急管理项目,A01,393,11847117,A05,氧空位型NiMoO4纳米棒的电子结构的第一性原理研究,卿晨,云南师范大学,5,2019-01至2019-12
2018,应急管理项目,A01,394,11847158,A05,半Heusler磁拓扑材料的第一性原理计算研究,秦真真,郑州大学,6,2019-01至2019-12
2018,应急管理项目,A01,395,11847059,A05,自旋-轨道耦合物质波量子隧穿逃逸的理论研究,秦杰利,广州大学,5,2019-01至2019-12
2018,应急管理项目,A01,396,11847244,A05,量子系统非对称性度量研究和量子非局域性关联研究,秦慧慧,北京计算科学研究中心,18,2019-01至2019-12
2018,应急管理项目,A01,397,L1824035,Z01,面向,2035,我国生殖健康维护与生殖医学发展战略研究,乔杰,北京大学,80,2019-01至2020-12
2018,应急管理项目,A01,398,81842012,H04,生殖医学学科发展战略研究,乔杰,北京大学,10,2019-01至2019-12
2018,应急管理项目,A01,399,11842017,A02,第一届全国软物质力学大会,钱劲,浙江大学,8,2018-11至2018-12
2018,应急管理项目,A01,400,11847004,A05,基于磁各向异性调控磁斯格明子的机理研究,钱凤娇,南京航空航天大学,5,2019-01至2019-12
2018,应急管理项目,A01,401,11847009,A05,压电纳米声子晶体梁结构带隙计算方法及特性研究,钱登辉,苏州科技大学,5,2019-01至2019-12
2018,应急管理项目,A01,402,11847149,A05,硒化锡及其掺杂体系输运性质的理论研究,祁园园,河南工业大学,5,2019-01至2019-12
2018,应急管理项目,A01,403,81842019,H10,医学免疫学研究资助的现状与未来,祁海,清华大学,10,2019-01至2019-12
2018,应急管理项目,A01,404,61841105,F012201,大功率连续波磁控管用大电流密度长寿命阴极的研究,漆世锴,九江学院,11.3,2019-01至2019-12
2018,应急管理项目,A01,405,11842001,A0202,动力学与控制发展研讨会,彭志科,上海交通大学,10,2018-03至2018-04
2018,应急管理项目,A01,406,21848401,B080802,第六届分子传感器与分子逻辑门国际会议,彭孝军,大连理工大学,5,2018-06至2018-12
2018,应急管理项目,A01,407,11844003,A040407,第五届等离激元光子学前沿国际会议,彭茹雯,南京大学,15,2018-04至2018-12
2018,应急管理项目,A01,408,L1824033,Z01,面向2035食品化学污染物对人类健康影响战略研究,庞国芳,中国检验检疫科学研究院,80,2019-01至2020-12
2018,应急管理项目,A01,409,11847121,A05,全息复杂度的一些性质的研究,,潘文剑,钦州学院,5,2019-01至2019-12
2018,应急管理项目,A01,410,61842302,F03,期刊引领推动学科发展,欧彦,中国科学院自动化研究所,4,2019-01至2019-12
2018,应急管理项目,A01,411,61851406,F04,晶圆级单晶薄膜智能剥离与转移硅基异质集成技术研究,欧欣,中国科学院上海微系统与信息技术研究所,300,2019-01至2021-12
2018,应急管理项目,A01,412,81842015,H07,中国内分泌代谢病学科发展战略研究,宁光,上海交通大学,10,2019-01至2019-12
2018,应急管理项目,A01,413,61842105,F01,《中国通信》在线发表与提升期刊质量和影响力的方法研究,聂芸,中国通信学会,5,2019-01至2019-12
2018,应急管理项目,A01,414,51841802,E08,土木工程学科现状及学科发展战略调研,聂建国,清华大学,20,2018-07至2019-06
2018,应急管理项目,A01,415,71840007,G021101,制造商与分享经济平台之间的竞争及其对合作的管理启示,倪得兵,电子科技大学,14,2019-01至2019-12
2018,应急管理项目,A01,416,61841201,F020506,基于脑电和眼动多特征融合的驾驶疲劳检测与干预模型研究,穆振东,江西科技学院,10,2019-01至2019-12
2018,应急管理项目,A01,417,71843002,G04,新时代科学基金国际合作战略与资助布局研究,穆荣平,中国科学院科技战略咨询研究院,60,2018-11至2020-12
2018,应急管理项目,A01,418,81842011,H04,儿科学发展的机遇与挑战：回顾与展望,母得志,四川大学,10,2019-01至2019-12
2018,应急管理项目,A01,419,11847246,A05,核物质中介子的综合研究,末永大辉,华中师范大学,18,2019-01至2019-12
2018,应急管理项目,A01,420,61841404,F04,突破存储墙限制的存储-计算一体化忆阻器件研究,缪向水,华中科技大学,186,2019-01至2021-12
2018,应急管理项目,A01,421,11847204,A05,任意维度推广的Kitaev自旋模型的严格解,苗舰舰,中国科学院大学,18,2019-01至2019-12
2018,应急管理项目,A01,422,11842007,A020316,“中巴经济走廊”国家战略背景下的实验力学机遇与挑战学术研讨会,米红林,喀什大学,8,2018-04至2018-12
2018,应急管理项目,A01,423,71840006,G020201,分享经济的组织性质与组织模式研究,孟韬,东北财经大学,14,2019-01至2019-12
2018,应急管理项目,A01,424,11842013,A02,大数据驱动下力学的机遇与挑战,孟松鹤,哈尔滨工业大学,8,2018-09至2018-12
2018,应急管理项目,A01,425,31842020,C120110,发育与生殖生物学学科发展现状与相关资助领域调研,孟安明,清华大学,20,2018-09至2018-12
2018,应急管理项目,A01,426,11847111,A05,多量子比特Rabi模型的量子相变和临界现象,毛丽君,太原师范学院,5,2019-01至2019-12
2018,应急管理项目,A01,427,71841030,G04,军民融合的一体化国家战略体系和能力系统构建研究,麦强,哈尔滨工业大学,16,2018-10至2019-09
2018,应急管理项目,A01,428,11847123,A05,带电毛状黑洞的熵及热力学相变研究,马宇波,山西大同大学,5,2019-01至2019-12
2018,应急管理项目,A01,429,11847310,A05,吉林大学理论物理学术交流和人才培养平台建设,马永亮,吉林大学,60,2019-01至2019-12
2018,应急管理项目,A01,430,51841701,E07,电机学科发展战略研究与规划,马伟明,中国人民解放军海军工程大学,20,2018-07至2019-06
2018,应急管理项目,A01,431,11842012,A02,力学领域仪器类项目实施与管理研讨会,马少鹏,北京理工大学,6,2018-05至2018-12
2018,应急管理项目,A01,432,11847075,A05,高红移超亮类星体对宇宙再电离的重要性研究,马清波,贵州师范大学,5,2019-01至2019-12
2018,应急管理项目,A01,433,11847071,A05,径向电场及其剪切在超声分子束缓解边缘局域模过程中的作用机理研究,马倩,宝鸡文理学院,5,2019-01至2019-12
2018,应急管理项目,A01,434,71840015,G0409,突发事件舆情风险的识别、预测与应对研究,马宁,中国科学院科技战略咨询研究院,14,2019-01至2019-12
2018,应急管理项目,A01,435,J1824028,J0202,评议人辅助指派优化与智能指派研究,马建,香港城市大学深圳研究院,50,2019-01至2019-12
2018,应急管理项目,A01,436,11847017,A05,二维硼基材料的理论预测与电子性质探究,马风仙,河北师范大学,5,2019-01至2019-12
2018,应急管理项目,A01,437,11847143,A05,非轴对称强激光传输产生长距离光丝的机理研究,马存良,江西理工大学,5,2019-01至2019-12
2018,应急管理项目,A01,438,51842103,E01,航空发动机相关基础科学问题调研,马朝利,北京航空航天大学,20,2018-07至2019-06
2018,应急管理项目,A01,439,71850012,G03,金融科技背景下非正规金融活动的风险防范与治理研究,马超群,湖南大学,200,2019-01至2021-12
2018,应急管理项目,A01,440,61841403,F040302,直接Si掺杂InAs/GaAs量子点材料研究,吕尊仁,中国科学院半导体研究所,8,2019-01至2019-12
2018,应急管理项目,A01,441,51842610,E0605,2018多相流与新能源青年学者论坛,吕友军,西安交通大学,13,2018-05至2018-12
2018,应急管理项目,A01,442,71841016,G04,我国经济高质量发展与加强生态环境保护研究,吕延方,华侨大学,16,2018-07至2019-06
2018,应急管理项目,A01,443,81842031,H20,检验医学学科发展战略调研,吕建新,杭州医学院,10,2019-01至2019-12
2018,应急管理项目,A01,444,41842041,D06,末次盛冰期以来海岸带变迁与人类活动相互作用重大方向战略研究,吕厚远,中国科学院地质与地球物理研究所,25,2019-01至2019-12
2018,应急管理项目,A01,445,61851405,F04,基于外延层转印技术的新型InAs/Si,2D-3D量子阱隧穿晶体管,吕红亮,西安电子科技大学,300,2019-01至2021-12
2018,应急管理项目,A01,446,71841052,G04,军民融合发展的多层次评价及统计体系研究,吕彬,中国人民解放军军事科学院军事科学信息研究中心,13,2018-10至2019-09
2018,应急管理项目,A01,447,41842047,D0107,地理信息系统学科发展战略研究,闾国年,南京师范大学,25,2019-01至2019-12
2018,应急管理项目,A01,448,81842029,H18,影像医学学科发展战略研究,骆清铭,华中科技大学,10,2019-01至2019-12
2018,应急管理项目,A01,449,51842803,E08,第十五届结构工程国际研讨会,罗尧治,浙江大学,15,2018-07至2018-12
2018,应急管理项目,A01,450,71840011,G030602,基于投资收益的利润操纵和股价反应,罗玫,清华大学,12,2019-01至2019-12
2018,应急管理项目,A01,451,51842505,E05,纳米精度制造装备的发展前沿与趋势研究,路新春,清华大学,20,2018-07至2019-06
2018,应急管理项目,A01,452,71841009,G04,生产要素间自由流动与合理配置的体制机制研究,路乾,中央财经大学,16,2018-06至2019-05
2018,应急管理项目,A01,453,71841053,G04,新时代中国特色军民融合发展体制、机制和政策研究,鲁若愚,电子科技大学,20,2018-11至2019-09
2018,应急管理项目,A01,454,71841055,G04,军民科技协同创新机制和政策研究,卢周来,中国人民解放军军事科学院国防科技创新研究院,15,2018-10至2019-09
2018,应急管理项目,A01,455,J1824020,J0202,国家自然科学基金依托单位的责任和权力设置和评估机制研究,卢阳旭,中国科学技术发展战略研究院,30,2019-01至2019-12
2018,应急管理项目,A01,456,11842003,A0203,软机器与力学国际研讨会,卢同庆,西安交通大学,6,2018-06至2018-06
2018,应急管理项目,A01,457,71840020,G01,管理科学与工程学会2018年年会暨第十六届中国管理科学与工程论坛,卢启程,云南财经大学,8,2018-07至2019-06
2018,应急管理项目,A01,458,11847098,A05,双晶铜中扭转晶界冲击响应的分子动力学研究,隆小江,长江师范学院,5,2019-01至2019-12
2018,应急管理项目,A01,459,11847305,A05,四川大学理论物理学术交流和人才培养平台建设,龙炳蔚,四川大学,90,2019-01至2019-12
2018,应急管理项目,A01,460,L1824009,Z01,科学基金成果应用价值分类及机制研究,柳卸林,中国科学院大学,20,2018-08至2019-12
2018,应急管理项目,A01,461,11845005,A0503,亚洲核物理理事会会议暨亚洲核物理研究设施研讨会,柳卫平,中国原子能科学研究院,15,2018-07至2018-12
2018,应急管理项目,A01,462,51842401,E0403,2018年石油工程学科发展趋势及技术前沿研讨,刘志坤,西安石油大学,15,2018-09至2018-12
2018,应急管理项目,A01,463,41842054,D04,地球深部探测国际咨询与战略研究,刘振东,中国地质科学院,30,2018-12至2019-12
2018,应急管理项目,A01,464,L1824011,Z01,科学资助机构用人制度研究,——以国家自然科学基金委员会为例,刘元春,中国人民大学,20,2018-08至2019-12
2018,应急管理项目,A01,465,41842051,D03,地球化学学科发展战略研究,刘勇胜,中国地质大学（武汉）,30,2019-01至2019-12
2018,应急管理项目,A01,466,51842902,E0910,海洋工程与海洋技术领域现状及发展战略调研,刘勇,中国海洋大学,20,2018-07至2019-06
2018,应急管理项目,A01,467,11847313,A05,扬州大学理论物理学术交流和人才培养平台建设项目申请,刘拥军,扬州大学,60,2019-01至2019-12
2018,应急管理项目,A01,468,71841022,G04,重大工程决策机制研究,刘伊生,北京交通大学,16,2018-10至2019-09
2018,应急管理项目,A01,469,11847139,A05,凹槽栅增强型AlGaN/AlN/GaN异质结场效应晶体管中极化库仑场散射机制变温研究,刘艳,杭州电子科技大学,5,2019-01至2019-12
2018,应急管理项目,A01,470,11847010,A05,一维波导量子电动力学中原子间量子关联的理论研究,刘延,衡阳师范学院,5,2019-01至2019-12
2018,应急管理项目,A01,471,61841111,F011506,基于压缩感知及虚拟光学的图像加密研究,刘效勇,石河子大学,10,2019-01至2019-12
2018,应急管理项目,A01,472,81842001,H03,湘雅消化疾病及消化内镜学术大会暨世界华人小肠疾病学术大会,刘小伟,中南大学,8,2018-04至2018-12
2018,应急管理项目,A01,473,31842013,C08,免疫学科调研,刘小龙,中国科学院上海生命科学研究院,20,2018-09至2018-12
2018,应急管理项目,A01,474,11847607,A05,软物质科学与应用国际暑期学校,刘向阳,厦门大学,30,2019-01至2019-12
2018,应急管理项目,A01,475,L1824003,Z01,从开放获取到开放科学的国外相关政策研究,刘细文,中国科学院文献情报中心,10,2019-01至2019-12
2018,应急管理项目,A01,476,41842063,D0615,观测探测技术与极地科学重大关键问题融合发展战略研究,刘文清,中国科学院合肥物质科学研究院,20,2019-01至2019-12
2018,应急管理项目,A01,477,11844006,A04,第八届全国凝聚态物理青年科学家论坛,刘韡韬,复旦大学,8,2018-10至2018-11
2018,应急管理项目,A01,478,71841040,G04,军民科技协同创新机制和政策研究,刘彤,中物院成都科学技术发展中心,15,2018-10至2019-09
2018,应急管理项目,A01,479,11847132,A05,基于气体弛豫声谱分解的声学传感方法研究,刘婷婷,湖北第二师范学院,5,2019-01至2019-12
2018,应急管理项目,A01,480,71840008,G021102,服务企业顾客融入的驱动机制及其在价值共创中的作用研究,刘婷,上海大学,12,2019-01至2019-12
2018,应急管理项目,A01,481,31842034,C0507,代谢基础研究资助现状和未来重点突破方向,刘铁民,复旦大学,50,2019-01至2019-12
2018,应急管理项目,A01,482,41849904,D06,共享航次计划2018年度台湾海峡科学考察实验研究,刘四光,福建海洋研究所,250,2019-01至2020-12
2018,应急管理项目,A01,483,71841004,G04,乡村振兴的理论、制度供求与体制政策保障,——总体思路、目标模式与基本框架,刘守英,中国人民大学,24,2018-06至2019-05
2018,应急管理项目,A01,484,11847094,A05,高温高压下叠氮化钠相变及聚合的理论研究,刘世杰,河南科技大学,5,2019-01至2019-12
2018,应急管理项目,A01,485,11847122,A05,基于第一性原理的钛酸钡/聚偏氟乙烯材料界面相互作用机制研究,刘少辉,河南工程学院,5,2019-01至2019-12
2018,应急管理项目,A01,486,11847055,A05,全息引力中混合态纠缠性质的研究,刘鹏,暨南大学,5,2019-01至2019-12
2018,应急管理项目,A01,487,71841046,G04,军民融合发展的国际比较研究,刘敏,西北工业大学,16,2018-10至2019-09
2018,应急管理项目,A01,488,11847309,A05,围绕“高海拔地基观测的天体物理学”相关理论研究平台,刘茂元,西藏大学,40,2019-01至2019-12
2018,应急管理项目,A01,489,11847105,A05,多体量子系统中量子态的可分性研究,刘璐,石家庄铁道大学,5,2019-01至2019-12
2018,应急管理项目,A01,490,11847052,A05,应用Bethe-Salpeter方程研究重味重子的稀有衰变,刘亮亮,山西师范大学,5,2019-01至2019-12
2018,应急管理项目,A01,491,81842036,H2501,老年医学学科发展战略研究项目,刘俊平,杭州师范大学,10,2019-01至2019-12
2018,应急管理项目,A01,492,71843013,G04,新时代科学基金运行与管理风险防控研究,刘金程,中国矿业大学（北京）,60,2018-11至2020-12
2018,应急管理项目,A01,493,71841026,G04,重大工程决策治理能力现代化研究,刘慧敏,南京大学,15,2018-10至2019-09
2018,应急管理项目,A01,494,L1824043,Z01,面向2035的高档数控机床技术路线图研究,刘怀兰,华中科技大学,20,2019-01至2020-12
2018,应急管理项目,A01,495,31842033,C0509,糖科学在肿瘤早期筛查和精确诊断中的应用战略研究,刘凤林,复旦大学,10,2019-01至2019-12
2018,应急管理项目,A01,496,41842045,D0307,月球撞击通量演化曲线研究-嫦娥计划月岩年代学研究的技术储备,刘敦一,中国地质科学院地质研究所,60,2019-01至2019-12
2018,应急管理项目,A01,497,11847011,A05,系外行星和原行星盘演化的研究,刘春见,渤海大学,5,2019-01至2019-12
2018,应急管理项目,A01,498,L1824019,Z01,国家自然科学基金接受社会捐资的法律问题研究,刘承韪,中国政法大学,10,2019-01至2019-12
2018,应急管理项目,A01,499,J1824029,J0202,国家自然科学基金共享航次计划顶层设计及相关管理办法研究,刘保华,国家深海基地管理中心,20,2019-01至2019-12
2018,应急管理项目,A01,500,61841107,F010502,非正交多址接入系统的资源配置机制与系统性能研究,蔺莹,兰州理工大学,12.5,2019-01至2019-12
2018,应急管理项目,A01,501,11847080,A05,协变f(T)引力中的解,林瑞辉,上海师范大学,5,2019-01至2019-12
2018,应急管理项目,A01,502,61841110,F011807,高寒地区射频/微波集成电路可靠性设计和性能分析研究,林倩,青海民族大学,10,2019-01至2019-12
2018,应急管理项目,A01,503,11842008,A02,第十届全国流体力学学术会议,林建忠,浙江大学,15,2018-10至2018-12
2018,应急管理项目,A01,504,11847021,A05,Reissner-Nordstrom黑洞时空中与外尔张量耦合的电磁场散射,廖浩,黔南民族师范学院,5,2019-01至2019-12
2018,应急管理项目,A01,505,71841038,G04,军民融合的一体化国家战略体系和能力系统构建研究,廖方伟,西南科技大学,16,2018-10至2019-09
2018,应急管理项目,A01,506,11847317,A05,广西师范大学理论物理学术交流和人才培养平台建设,梁伟红,广西师范大学,60,2019-01至2019-12
2018,应急管理项目,A01,507,11851304,A0303,基于DAMPE数据的宇宙线高能光子研究,梁恩维,广西大学,295,2018-04至2020-12
2018,应急管理项目,A01,508,11847116,A05,层状PbTaSe2相关拓扑金属中电声耦合与超导电性的理论研究,廉朝胜,郑州大学,5,2019-01至2019-12
2018,应急管理项目,A01,509,11847606,A05,高能量高精度下检验标准模型和寻找新物理,李作宏,烟台大学,31,2019-01至2019-12
2018,应急管理项目,A01,510,41842034,D0615,支持中芬北极互联互通合作的北极航行冰科学与工程夏季班,李志军,大连理工大学,10,2019-01至2019-12
2018,应急管理项目,A01,511,11847311,A05,山西大学低维量子物理及拓扑特性学术交流和人才培养平台建设,李志坚,山西大学,40,2019-01至2019-12
2018,应急管理项目,A01,512,21845401,B0502,2018年海峡两岸暨港澳高分子液晶态与超分子有序结构学术研讨会,李志波,青岛科技大学,3,2018-08至2018-12
2018,应急管理项目,A01,513,71841047,G04,军民科技协同创新机制和政策研究,李正锋,西北工业大学,16,2018-10至2019-09
2018,应急管理项目,A01,514,71843007,G04,新时代多元投入研究及联合基金的功能、运行机制和治理模式,李正风,清华大学,60,2018-11至2020-12
2018,应急管理项目,A01,515,L1824001,Z01,科学基金资助活动科研诚信管理及其监督机制优化研究,李真真,中国科学院科技战略咨询研究院,15,2019-01至2019-12
2018,应急管理项目,A01,516,11847104,A05,掺锗单晶硅中氧沉淀形成机理的原位研究与调控,李真,山东师范大学,5,2019-01至2019-12
2018,应急管理项目,A01,517,M1852006,M01,中草药足部抑菌剂技术研究与产品生产,李喆,奈曼旗扶贫开发办公室,50,2019-01至2019-12
2018,应急管理项目,A01,518,M1852002,M01,蔬菜产业深加工技术研究与应用,李喆,奈曼旗扶贫开发办公室,50,2019-01至2019-12
2018,应急管理项目,A01,519,M1852001,M01,设施蔬菜产业技术研究及应用,李喆,奈曼旗扶贫开发办公室,50,2019-01至2019-12
2018,应急管理项目,A01,520,71841032,G04,军民科技协同创新机制和政策研究,李垣,同济大学,16,2018-10至2019-09
2018,应急管理项目,A01,521,81842032,H21,特种医学学科发展战略研究,李英贤,中国航天员科研训练中心,12,2019-01至2019-12
2018,应急管理项目,A01,522,11845003,A05,我国高功率强子加速器,CSNS,,CIADS/HIAF,上的粒子物理和宇宙学高强度前沿研究,李小源,中国科学院理论物理研究所,10,2018-06至2018-12
2018,应急管理项目,A01,523,41842001,D01,第九届空间综合人文学与社会科学论坛,李响,华东师范大学,9,2018-06至2018-12
2018,应急管理项目,A01,524,61841601,F060610,工业互联网智能安全防护模型及方法研究,李文法,北京联合大学,16,2019-01至2019-12
2018,应急管理项目,A01,525,11847096,A05,偶极量子气体中的动力学与临界性质的研究,李甜甜,湘潭大学,5,2019-01至2019-12
2018,应急管理项目,A01,526,11847212,A05,关于旋转外场下漫游螺旋波锁相的定量理论研究,李腾超,浙江大学,18,2019-01至2019-12
2018,应急管理项目,A01,527,41842011,D0410,IUGG／IAGA第10届“大气长期变化和趋势”国际研讨会,李陶,中国科学技术大学,11,2018-05至2018-12
2018,应急管理项目,A01,528,11847014,A05,RHIC和LHC能区重味夸克输运特性研究,李双,三峡大学,5,2019-01至2019-12
2018,应急管理项目,A01,529,71841020,G04,发展壮大村级集体经济情况分析,李尚蒲,华南农业大学,6,2018-06至2018-12
2018,应急管理项目,A01,530,11847164,A05,钒合金材料中氦原子与缺陷协同作用的模拟研究,李瑞环,常州大学,5,2019-01至2019-12
2018,应急管理项目,A01,531,11847216,A05,基于圈量子引力的宇宙动力学及其可观测性的研究,李瀑飞,浙江工业大学,18,2019-01至2019-12
2018,应急管理项目,A01,532,11847241,A05,利用大D展开方法研究高维球对称黑洞非线性动力学,李鹏程,中山大学,18,2019-01至2019-12
2018,应急管理项目,A01,533,J1824001,J0202,新时代科学基金的资助导向下的资助模式研究,李培楠,中国科学院科技战略咨询研究院,25,2018-07至2019-12
2018,应急管理项目,A01,534,11847223,A05,基于有效可极化键模型的RNA/DNA变构研究,李民,青岛大学,18,2019-01至2019-12
2018,应急管理项目,A01,535,11847006,A05,混合光力系统中的量子非线性及相干反馈调控的多体量子关联,李凌超,河南工业大学,5,2019-01至2019-12
2018,应急管理项目,A01,536,11847032,A05,太阳风携带不同的等离子体流下地球磁层磁场重联的动力学过程,李灵杰,台州学院,5,2019-01至2019-12
2018,应急管理项目,A01,537,11847129,A05,half-heusler合金异质结及half-heusler合金-Fe3O4异质结的设计和理论计算研究,李林,宜宾学院,5,2019-01至2019-12
2018,应急管理项目,A01,538,51842612,E06,经济发展新常态下工程热物理与能源利用学科发展战略研究,李俊,重庆大学,10,2018-10至2018-12
2018,应急管理项目,A01,539,11847124,A05,新型无机硫属钙钛矿ABS3/Bi-Te基纳米片复合材料的理论设计及其能量转换研究,李钧,聊城大学,5,2019-01至2019-12
2018,应急管理项目,A01,540,61842401,F04,主办紫外材料与器件国际研讨会（2018）,李晋闽,中国科学院半导体研究所,10,2018-08至2018-12
2018,应急管理项目,A01,541,11847022,A05,特异介质中高Q值磁环偶极共振的光学特性研究,李杰,南京邮电大学,5,2019-01至2019-12
2018,应急管理项目,A01,542,41842052,D0401,我国卫星大地测量学科发展战略研究,李建成,武汉大学,25,2019-01至2019-12
2018,应急管理项目,A01,543,11847157,A05,二维铁磁体CrI3磁性性质调控的理论研究,李洪星,长沙理工大学,5,2019-01至2019-12
2018,应急管理项目,A01,544,71841035,G04,军民融合发展的多层评价及统计体系研究,李宏伟,中国电子信息产业发展研究院,16,2018-10至2019-09
2018,应急管理项目,A01,545,11847044,A05,基于量子光机械系统的转动感应,李国龙,杭州电子科技大学,5,2019-01至2019-12
2018,应急管理项目,A01,546,41842038,D010202,城市政治地理学学科发展战略研究,李贵才,北京大学深圳研究生院,25,2019-01至2019-12
2018,应急管理项目,A01,547,J1824021,J0202,国家“千人计划”网上申报和评审信息化建设研究,李风华,清华大学,20,2019-01至2019-12
2018,应急管理项目,A01,548,11842002,A0203,2018国际理论与应用力学联盟电磁功能材料与结构力学研讨会,李法新,北京大学,12,2018-03至2018-09
2018,应急管理项目,A01,549,41842062,D0705,地质工程学科发展战略研究,李德营,中国地质大学（武汉）,20,2019-01至2019-12
2018,应急管理项目,A01,550,71840004,G0116,动态视角下电力系统灾变风险演化传递机理研究,李存斌,华北电力大学,12,2019-01至2019-12
2018,应急管理项目,A01,551,41842029,D06,中国-东盟海洋地质与地球物理青年联合培训与实习,李春峰,浙江大学,10,2019-01至2019-12
2018,应急管理项目,A01,552,41849909,D06,共享航次计划2018年度西太平洋科学考察实验研究,李超伦,中国科学院海洋研究所,800,2019-01至2020-12
2018,应急管理项目,A01,553,11847095,A05,利用非平衡格林函数计算非弹性共振隧穿特征谱的方法探究,李柏林,长江师范学院,5,2019-01至2019-12
2018,应急管理项目,A01,554,61841302,F030504,中华鲟基于微卫星分子标记数据的系统发育学分析模型与算法研究,黎育红,华中科技大学,16,2019-01至2019-12
2018,应急管理项目,A01,555,11847228,A05,分立味对称性和广义CP及其在最简“跷跷板”模型中的应用,黎才昌,中国科学技术大学,18,2019-01至2019-12
2018,应急管理项目,A01,556,71841039,G04,军民融合发展的国际比较研究,雷磊,西南科技大学,16,2019-01至2019-09
2018,应急管理项目,A01,557,71841018,G0405,我国经济由高速增长转向高质量发展的现实依据和总体框架研究,（总课题）,雷家肃,清华大学,20,2018-07至2019-06
2018,应急管理项目,A01,558,11847001,A05,全息超流的朗道不稳定性及其动态演化过程的研究,蓝善权,岭南师范学院,5,2019-01至2019-12
2018,应急管理项目,A01,559,J1824009,J0202,基于绩效评估的地区科学基金项目管理优化研究,蓝波涛,广西大学,30,2018-07至2019-12
2018,应急管理项目,A01,560,71843003,G04,科学基金机构定位与治理机制改革研究,赖德胜,北京师范大学,60,2018-11至2020-12
2018,应急管理项目,A01,561,11847092,A05,非线性电动力学全息超导模型中复杂度的研究,赖楚瑜,广州大学,5,2019-01至2019-12
2018,应急管理项目,A01,562,71841051,G04,一体化应急应战体系建设及能力提升策略研究,孔昭君,北京理工大学,16,2018-10至2019-09
2018,应急管理项目,A01,563,L1824008,Z01,服务健康中国建设的资助战略与政策研究——以心血管研究为例,孔炜,北京大学,20,2018-08至2019-12
2018,应急管理项目,A01,564,81842002,H0203,第十一届亚洲及泛太平洋结缔组织学术专题研讨会暨第三次全国基质生物学大会,孔炜,北京大学,8,2018-11至2018-11
2018,应急管理项目,A01,565,11844002,A0402,第三届极端条件下物质与辐射国际学术会议,孔伟金,青岛大学,8,2018-03至2018-12
2018,应急管理项目,A01,566,11843004,A03,天文学学科战略调研,景益鹏,上海交通大学,10,2018-09至2018-12
2018,应急管理项目,A01,567,11847209,A05,量子关联的单配性关系和量子相干度量的研究,靳志祥,中国科学院大学,18,2019-01至2019-12
2018,应急管理项目,A01,568,51842502,E051002,航天制造领域基础研究需求分析与发展趋势研讨,金永乔,上海航天精密机械研究所,15,2018-09至2018-12
2018,应急管理项目,A01,569,41849901,D06,共享航次计划2018年度渤黄海科学考察实验研究,金显仕,中国水产科学研究院黄海水产研究所,450,2019-01至2020-12
2018,应急管理项目,A01,570,61842402,F04,半导体学报,金瑞琴,中国科学院半导体研究所,4,2019-01至2019-12
2018,应急管理项目,A01,571,71840017,G0411,资源型产业集聚的生态环境效应评价、困境机制与动态协调路径——源于内蒙古经验数据分析,颉茂华,内蒙古大学,12,2019-01至2019-12
2018,应急管理项目,A01,572,41842046,D06,我国对联合国海洋科学研究的贡献策略与发展对策,焦念志,厦门大学,25,2019-01至2019-12
2018,应急管理项目,A01,573,71843010,G04,新时代科学基金运行与管理风险防控研究,焦豪,北京师范大学,60,2018-11至2020-12
2018,应急管理项目,A01,574,11847610,A05,细胞生物学中的物理问题-暑期学校,蒋中英,伊犁师范学院,30,2019-01至2019-12
2018,应急管理项目,A01,575,L1824032,Z01,面向2035的天基海洋观测的前沿科技工程发展战略研究,蒋兴伟,国家卫星海洋应用中心,80,2019-01至2020-12
2018,应急管理项目,A01,576,51842105,E01,金属催化材料前沿科学问题调研,蒋青,吉林大学,20,2018-07至2019-06
2018,应急管理项目,A01,577,61841301,F030302,基于平行理论的滑坡灾变演化智能预测和控制方法研究,蒋平,湖北理工学院,8,2019-01至2019-12
2018,应急管理项目,A01,578,11847170,A05,高对称等离激元结构中高阶Fano干涉的研究,姜坤,石河子大学,5,2019-01至2019-12
2018,应急管理项目,A01,579,L1824046,Z01,面向2035的空间信息网络安全与激光通信组网发展战略研究,姜会林,长春理工大学,80,2019-01至2020-12
2018,应急管理项目,A01,580,31842023,C20,食品科学学科研究方向及关键词优化,江正强,中国农业大学,19,2018-09至2018-12
2018,应急管理项目,A01,581,11845004,A0505,第一届中国快电子学及探测器暑期学校,江晓山,中国科学院高能物理研究所,15,2018-04至2018-12
2018,应急管理项目,A01,582,11847007,A05,可见光波段超材料宽带完美吸收特性及其调制研究,贾秀丽,渤海大学,5,2019-01至2019-12
2018,应急管理项目,A01,583,11847163,A050105,多层动力系统中的摩擦现象研究,贾利平,陇东学院,5,2019-01至2019-12
2018,应急管理项目,A01,584,11847307,A05,西南交通大学理论物理2019年学术交流和人才培养平台建设,贾焕玉,西南交通大学,40,2019-01至2019-12
2018,应急管理项目,A01,585,51842202,E020301,结构陶瓷,贾德昌,哈尔滨工业大学,20,2018-07至2019-06
2018,应急管理项目,A01,586,41842039,D020102,黑龙江海德堡人类型古人类化石的演化地位及其环境背景研究,季强,河北地质大学,30,2019-01至2019-12
2018,应急管理项目,A01,587,11843005,A03,行星科学未来发展趋势调研,季江徽,中国科学院紫金山天文台,10,2019-01至2019-12
2018,应急管理项目,A01,588,61841114,F010201,矿井灾变环境下掩埋式无线应急网络信道传输机理,霍羽,中国矿业大学,8,2019-01至2019-12
2018,应急管理项目,A01,589,11847084,A050104,局域态电子自旋态劈裂展宽效应的量子计算研究,黄忠梅,贵州大学,5,2019-01至2019-12
2018,应急管理项目,A01,590,41842017,D0705,边坡工程抗震性能及设计国际研讨会,黄雨,同济大学,10,2018-05至2018-12
2018,应急管理项目,A01,591,L1824036,Z01,面向2035的稀土催化材料发展战略研究,黄小卫,有研工程技术研究院有限公司,80,2019-01至2020-12
2018,应急管理项目,A01,592,J1824006,J0202,新时代科学基金人才资助体系优化研究,黄锐,华中科技大学,35,2018-07至2019-12
2018,应急管理项目,A01,593,61851401,F04,新型混合机制超陡亚阈值摆幅器件研究,黄芊芊,北京大学,300,2019-01至2021-12
2018,应急管理项目,A01,594,31842029,C1701,畜牧学科发展战略与优先资助领域调研,黄路生,江西农业大学,20,2018-09至2018-12
2018,应急管理项目,A01,595,11847140,A05,基于周期性阵列结构SERS基底的LSPR/SPPs耦合增强机制研究,黄剑,西安石油大学,5,2019-01至2019-12
2018,应急管理项目,A01,596,41842009,D0301,非传统稳定同位素地球化学暑期学校,黄方,中国科学技术大学,10,2018-07至2018-12
2018,应急管理项目,A01,597,L1824010,Z01,基于科学基金资助导向的分类评审准则研究,黄萃,浙江大学,20,2018-08至2019-12
2018,应急管理项目,A01,598,51842506,E05,第十三届设计与制造前沿国际会议(ICFDM2018),黄传真,山东大学,15,2018-06至2018-12
2018,应急管理项目,A01,599,11847012,A05,大尺寸钠团簇光学响应研究,黄传甫,中国矿业大学,5,2019-01至2019-12
2018,应急管理项目,A01,600,71841045,G04,军民融合的一体化国家战略体系和能力系统构建研究,黄朝峰,中国人民解放军国防科技大学,16,2018-10至2019-09
2018,应急管理项目,A01,601,71841050,G04,军民融合发展的多层评价及统计体系研究,黄灿宏,科技部科技评估中心,16,2018-10至2019-09
2018,应急管理项目,A01,602,11847301,A05,重庆大学理论物理学术交流与平台建设,胡自翔,重庆大学,50,2019-01至2019-12
2018,应急管理项目,A01,603,L1824014,Z01,2019年决策参考,胡智慧,中国科学院文献情报中心,15,2018-08至2019-12
2018,应急管理项目,A01,604,51842203,E02,功能晶体材料和能源材料学科发展“短板”研究,胡章贵,天津理工大学,20,2018-07至2019-06
2018,应急管理项目,A01,605,71841023,G04,重大工程投融资模式及风险管控研究,胡毅,同济大学,15,2018-10至2019-09
2018,应急管理项目,A01,606,41842025,D0206,物源分析与热年代学短期培训,胡修棉,南京大学,10,2019-01至2019-12
2018,应急管理项目,A01,607,11843001,A030603,举办2018空间对地观测及全球变化暑期学校,胡小工,中国科学院上海天文台,10,2018-06至2018-12
2018,应急管理项目,A01,608,31842031,C19,水产学科调研,胡炜,中国科学院水生生物研究所,20,2018-09至2018-12
2018,应急管理项目,A01,609,81842006,H02,医学科学领域基础研究问题研讨会,胡盛寿,中国医学科学院阜外医院,15,2018-09至2018-12
2018,应急管理项目,A01,610,21841401,B0104,有机和高分子合成国际研讨会(ICOPS2018),胡蓉蓉,华南理工大学,5,2018-04至2018-12
2018,应急管理项目,A01,611,11842019,A02,新时代力学学科发展需求调研,胡海岩,北京理工大学,10,2018-09至2018-12
2018,应急管理项目,A01,612,11842005,A0203,IUTAM研讨会：声/弹性波超材料及其工程应用,胡更开,北京理工大学,10,2018-06至2018-12
2018,应急管理项目,A01,613,21848403,B081102,第六届国际气化与应用专题研讨会,胡常伟,四川大学,5,2018-10至2018-10
2018,应急管理项目,A01,614,11841005,A01,第16届中国工业与应用数学学会年会,胡兵,四川大学,18,2018-09至2018-12
2018,应急管理项目,A01,615,11847203,A05,介质中相似重整化群方法计算开放量子系统,胡柏山,北京大学,18,2019-01至2019-12
2018,应急管理项目,A01,616,81842034,H23,法医学科发展战略研究,侯一平,四川大学,10,2019-01至2019-12
2018,应急管理项目,A01,617,11847154,A05,机器学习辅助下的两体纠缠分类和量化,侯世尧,四川师范大学,5,2019-01至2019-12
2018,应急管理项目,A01,618,51842508,E0506,机械基础零部件设计方法前沿与发展趋势,洪军,西安交通大学,20,2018-07至2019-06
2018,应急管理项目,A01,619,11847037,A05,半导体纳米晶太阳能电池中俄歇复合的界面调控研究,贺言,广东石油化工学院,5,2019-01至2019-12
2018,应急管理项目,A01,620,61842203,F0206,科学基金网络信息系统安全测评,贺强,中国信息安全测评中心,20,2018-11至2019-06
2018,应急管理项目,A01,621,41842057,D05,从传统气象学到地球系统科学：大气科学面临的机遇与挑战,贺克斌,清华大学,60,2019-01至2019-12
2018,应急管理项目,A01,622,71841014,G04,我国经济高质量发展与推进创新驱动发展研究,贺俊,中国社会科学院工业经济研究所,16,2018-07至2019-06
2018,应急管理项目,A01,623,11847138,A05,基于飞秒激光调控金属超表面多级微纳结构制备的研究,和万霖,西安石油大学,5,2019-01至2019-12
2018,应急管理项目,A01,624,11847026,A05,诱导透明增强石墨烯等离子体逻辑运算的理论研究,何智慧,延安大学,5,2019-01至2019-12
2018,应急管理项目,A01,625,11847219,A05,反馈控制协同多种模式的阻尼机制对电阻壁模稳定化的理论研究,何玉玲,华南师范大学,18,2019-01至2019-12
2018,应急管理项目,A01,626,51842609,E06,工程热物理学科热力系统节能与储能领域现状及发展战略调研,何雅玲,西安交通大学,20,2018-07至2019-06
2018,应急管理项目,A01,627,61841113,F010505,云南高海拔多山区域移动通信系统无线电波传播模型及网络规划研究,何文学,云南师范大学,10,2019-01至2019-12
2018,应急管理项目,A01,628,11847103,A05,光脉冲在量子点半导体光放大器中放大特性的研究,何俊荣,湖北科技学院,5,2019-01至2019-12
2018,应急管理项目,A01,629,61851403,F04,新型二维半导体材料及其光电子器件的硅基集成,何军,国家纳米科学中心,300,2019-01至2021-12
2018,应急管理项目,A01,630,11847051,A05,高维动力系统混沌化的平均特征值方法及其应用研究,何建斌,闽南师范大学,5,2019-01至2019-12
2018,应急管理项目,A01,631,J1824103,J0202,从流程再造到决策支持的机关经费智能化管理平台建设研究,郝永红,清华大学,20,2018-08至2019-12
2018,应急管理项目,A01,632,61842103,F01,信息领域重大科研仪器研制项目发展调研,韩焱,中北大学,20,2019-01至2019-12
2018,应急管理项目,A01,633,11847148,A05,光激发有机多铁性理论研究,韩士轩,曲阜师范大学,5,2019-01至2019-12
2018,应急管理项目,A01,634,11847113,A05,DMD型哈达玛变换近红外光谱仪的衍射特性及光能利用率的理论研究,韩庆,周口师范学院,5,2019-01至2019-12
2018,应急管理项目,A01,635,71850007,G03,汇率市场变化、跨境资本流动与金融风险防范,韩立岩,北京航空航天大学,200,2019-01至2021-12
2018,应急管理项目,A01,636,11847151,A05,混合标量传递的标量暗物质模型的现象学研究,韩华勇,贵州财经大学,5,2019-01至2019-12
2018,应急管理项目,A01,637,11847029,A05,黑磷可见光到红外的光学和光电物理特性的理论研究,韩方微,济宁医学院,5,2019-01至2019-12
2018,应急管理项目,A01,638,81842022,H13,耳鼻咽喉头颈外科学发展战略研究,韩德民,首都医科大学,8.4,2019-01至2019-12
2018,应急管理项目,A01,639,51842402,E04,《冶金与矿业学科发展成果贯通式研究》系列书出版资助项目（第1期）,韩丹岫,中国科技出版传媒股份有限公司,13.7,2019-01至2019-12
2018,应急管理项目,A01,640,11847019,A05,在标准模型有效场理论下对LHC上Higgs粒子数据的研究,郭禹辰,辽宁师范大学,5,2019-01至2019-12
2018,应急管理项目,A01,641,11842010,A020312,面向增材制造与拓扑优化的理论与方法研讨会,郭旭,大连理工大学,12,2018-10至2018-10
2018,应急管理项目,A01,642,11847110,A05,掺杂对GaNMn3体系负热膨胀调控的第一性原理研究,郭新格,河北科技大学,5,2019-01至2019-12
2018,应急管理项目,A01,643,11847235,A05,新核素产生机制的理论研究,郭树青,深圳大学,18,2019-01至2019-12
2018,应急管理项目,A01,644,71841031,G04,军民融合发展的国际比较研究,郭世贞,同济大学,16,2018-10至2019-09
2018,应急管理项目,A01,645,11847161,A05,取样布拉格光栅电控相移半导体激光器光频对载流子浓度和温度的响应机制研究,郭仁甲,盐城师范学院,5,2019-01至2019-12
2018,应急管理项目,A01,646,71841012,G04,促进我国经济由高速增长转向高质量发展研究,郭克莎,华侨大学,24,2018-07至2019-06
2018,应急管理项目,A01,647,L1824030,Z01,系统工程学科发展战略研究,管晓宏,西安交通大学,50,2019-01至2020-12
2018,应急管理项目,A01,648,11847069,A05,穆勒矩阵数学分解与物理偏振表征方法研究,管今哥,中北大学,5,2019-01至2019-12
2018,应急管理项目,A01,649,61842604,F06,期刊助力人工智能学科发展,关柯,中国科学院合肥物质科学研究院,4,2019-01至2019-12
2018,应急管理项目,A01,650,61841501,F050404,点阵畸变调控单斜相VO2多晶薄膜相变抑制及热敏性能研究,顾德恩,电子科技大学,16,2019-01至2019-12
2018,应急管理项目,A01,651,61841204,F020510,基于残差学习和密集连接三维卷积神经网络的低剂量CT早期肺癌计算机辅助诊断研究,谷宇,内蒙古科技大学,10,2019-01至2019-12
2018,应急管理项目,A01,652,41842035,D0106,遥感科学与技术发展态势与应对策略,龚健雅,武汉大学,60,2019-01至2019-12
2018,应急管理项目,A01,653,51842104,E010101,发动机用高温合金发展现状与关键科学问题研讨,宫声凯,北京航空航天大学,20,2018-07至2019-06
2018,应急管理项目,A01,654,41842010,D04,第十二届,天线、传播与电磁理论国际学术会议,耿友林,杭州电子科技大学,10,2018-09至2018-12
2018,应急管理项目,A01,655,81842043,H31,药理学学科发展战略研究,耿美玉,中国科学院上海药物研究所,10,2019-01至2019-12
2018,应急管理项目,A01,656,71841002,G04,提升生态韧性的乡村宜居空间规划和建设指引研究,耿慧志,同济大学,16,2018-06至2019-05
2018,应急管理项目,A01,657,11845008,A0503,2019年国际核数据大会,葛智刚,中国原子能科学研究院,12,2019-01至2019-12
2018,应急管理项目,A01,658,41842004,D0107,地理数据时空尺度转换与不确定性评价,葛咏,中国科学院地理科学与资源研究所,9,2018-05至2018-12
2018,应急管理项目,A01,659,71840018,G0114,2019新兴信息技术管理国际研讨会,葛世伦,江苏科技大学,5,2019-01至2019-06
2018,应急管理项目,A01,660,L1824024,Z01,人工智能医学应用发展战略研究,葛均波,复旦大学,50,2019-01至2020-12
2018,应急管理项目,A01,661,31842007,C03,生态环境领域国家重大科学需求调研,葛剑平,北京师范大学,30,2018-09至2019-12
2018,应急管理项目,A01,662,41842036,D01,基于CERN平台构建长江流域地球系统科学与生态安全战略研究,高扬,中国科学院地理科学与资源研究所,25,2019-01至2019-12
2018,应急管理项目,A01,663,81842041,H29,中西医结合学科发展战略研究,高秀梅,天津中医药大学,10,2019-01至2019-12
2018,应急管理项目,A01,664,61842603,F060709,脑机接口比赛,高小榕,清华大学,90,2019-01至2019-10
2018,应急管理项目,A01,665,81842004,H0214,第18届国际SHR研讨会：高血压遗传、炎症与免疫,高平进,上海交通大学,8,2018-09至2018-12
2018,应急管理项目,A01,666,11842020,A0204,第十一届全国流体力学青年研讨会,高鹏,中国科学技术大学,8,2019-05至2019-06
2018,应急管理项目,A01,667,L1824016,Z01,知识体系逻辑和结构的演化及未来发展趋势研究,高璐,中国科学院自然科学史研究所,20,2018-08至2019-12
2018,应急管理项目,A01,668,11851301,A030201,基于DAMPE的邻近暗物质分布的精确研究,高亮,中国科学院国家天文台,300,2018-04至2020-12
2018,应急管理项目,A01,669,11847003,A05,RHIC,BES-II,计划中末态产物的横动量分布的研究,高丽娜,太原师范学院,5,2019-01至2019-12
2018,应急管理项目,A01,670,J1824002,J0202,强化国家自然科学基金监督体系研究,高健,科技部科技评估中心,30,2018-07至2019-12
2018,应急管理项目,A01,671,11842022,A0206,第三届全国爆炸与冲击动力学青年学者学术研讨会,高光发,南京理工大学,8,2019-10至2019-11
2018,应急管理项目,A01,672,51842510,E0501,国际智能步行机器人发展趋势研讨,高峰,上海交通大学,8,2018-07至2019-06
2018,应急管理项目,A01,673,11847613,A05,强场物理中的理论问题,傅立斌,中国工程物理研究院研究生院,25,2019-01至2019-12
2018,应急管理项目,A01,674,81842024,H15,创伤/整形学科发展战略研究,付小兵,中国人民解放军总医院,10,2019-01至2019-12
2018,应急管理项目,A01,675,11847312,A05,大连理工大学理论物理学术交流与人才培养平台建设,付伟杰,大连理工大学,40,2019-01至2019-12
2018,应急管理项目,A01,676,21845402,B05,NSFC-RSC能源化学国际会议暨Chemical,Science可持续能源会议,付宏刚,黑龙江大学,15,2018-10至2018-12
2018,应急管理项目,A01,677,11847048,A05,量子引力效应下黑洞热力学演化的研究,冯中文,西华师范大学,5,2019-01至2019-12
2018,应急管理项目,A01,678,11847034,A05,关于黑洞量子性质的相关研究,冯玉磊,山东师范大学,5,2019-01至2019-12
2018,应急管理项目,A01,679,51842111,E01,第八届全国金属材料优秀青年学者论坛,冯艳,中南大学,9,2018-05至2018-12
2018,应急管理项目,A01,680,51842601,E0603,传热传质青年学术交流,冯妍卉,北京科技大学,10,2018-04至2018-05
2018,应急管理项目,A01,681,11842006,A0203,全国固体力学青年学者学术研讨会,冯雪,清华大学,8,2018-05至2018-12
2018,应急管理项目,A01,682,11847604,A05,"格点量子色动力学前沿"国际暑期讲习班,冯旭,北京大学,31,2019-01至2019-12
2018,应急管理项目,A01,683,51842110,E01,全国金属材料优秀青年学者论坛,冯培忠,中国矿业大学,10,2019-01至2019-12
2018,应急管理项目,A01,684,51842302,E03,有机高分子材料（学科代码Ｅ03）申请代码和关键词修订,冯俊,武汉大学,20,2018-07至2019-06
2018,应急管理项目,A01,685,11847091,A05,低光度活动星系核M87的多波段辐射研究,冯建超,贵州师范大学,5,2019-01至2019-12
2018,应急管理项目,A01,686,11847131,A05,托卡马克中撕裂模与快离子相互作用的数值模拟,冯虹瑛,三峡大学,5,2019-01至2019-12
2018,应急管理项目,A01,687,J1824025,J0202,综合性国家科学中心及大科学装置科学研究联合基金需求分析,冯国星,中国科学院物理研究所,20,2019-01至2019-12
2018,应急管理项目,A01,688,81842010,H03,消化学科发展战略调研,房静远,上海交通大学,10,2019-01至2019-12
2018,应急管理项目,A01,689,11847085,A05,硫属二阶非线性光学晶体材料的结构预测与性质计算,方振兴,遵义师范学院,5,2019-01至2019-12
2018,应急管理项目,A01,690,11845006,A05,第十届中日核物理会议,方永得,中国科学院近代物理研究所,8,2018-10至2018-12
2018,应急管理项目,A01,691,71843008,G04,科学基金项目分类评审与“讲信誉+负责任+计贡献”的同行评议机制研究,方新,中国科学学与科技政策研究会,60,2018-11至2020-12
2018,应急管理项目,A01,692,11843002,A03,第二届优青学科发展研讨会,方陶陶,厦门大学,8,2018-10至2018-12
2018,应急管理项目,A01,693,11847220,A05,Wigner函数方法在高能物理中的应用,方仁洪,华中师范大学,18,2019-01至2019-12
2018,应急管理项目,A01,694,61842201,F02,软件学报学术期刊,方梅,中国科学院软件研究所,4,2019-01至2019-12
2018,应急管理项目,A01,695,31842016,C0902,心理学和认知科学学科发展战略和优先发展领域调研,方方,北京大学,20,2018-09至2018-12
2018,应急管理项目,A01,696,L1824041,Z01,面向2035的土木工程施工安全战略研究,方东平,清华大学,80,2019-01至2020-12
2018,应急管理项目,A01,697,J1824010,J0202,科学基金项目绩效评估方法与政策研究,方德斌,武汉大学,40,2018-07至2019-12
2018,应急管理项目,A01,698,61841205,F020104,布尔可满足性的分治判定方法研究,范全润,曲靖师范学院,10,2019-01至2019-12
2018,应急管理项目,A01,699,41842006,D0205,第七届亚洲流体包裹体会议,范宏瑞,中国科学院地质与地球物理研究所,9,2018-05至2018-12
2018,应急管理项目,A01,700,71841037,G04,新时代中国特色军民融合发展体制、机制和政策研究,范国滨,中国工程物理研究院机械制造工艺研究所,24,2018-10至2019-09
2018,应急管理项目,A01,701,J1824008,J0202,重大研究计划实施状况的分析及研究,樊春良,中国科学院科技战略咨询研究院,30,2018-07至2019-12
2018,应急管理项目,A01,702,J1824007,J0202,新时期学科交叉发展的趋势与资助模式研究,樊春良,中国科学院科技战略咨询研究院,30,2018-07至2019-12
2018,应急管理项目,A01,703,81842017,H09,如何提高中国神经精神疾病基础研究的调研报告,段树民,浙江大学,10,2019-01至2019-12
2018,应急管理项目,A01,704,41842012,D05,气候系统模式的发展和应用暑期讲习班,段安民,中国科学院大气物理研究所,9,2018-07至2018-12
2018,应急管理项目,A01,705,41842003,D0101,淡水生态系统研究重点与趋势：基于第34届湖沼学大会的分析,杜瑛珣,中国科学院南京地理与湖泊研究所,9,2018-06至2018-12
2018,应急管理项目,A01,706,41849910,D06,共享航次计划2018年度东印度洋科学考察实验研究,杜岩,中国科学院南海海洋研究所,650,2019-01至2020-12
2018,应急管理项目,A01,707,41849907,D06,共享航次计划2018年度珠江口-南海西部科学考察实验研究,杜岩,中国科学院南海海洋研究所,600,2019-01至2020-12
2018,应急管理项目,A01,708,51841101,E01,利用传统加工技术提升金属催化性能的综合调研,杜希文,天津大学,15,2019-01至2019-12
2018,应急管理项目,A01,709,L1824048,Z01,新时代以交叉融合为特征的科学基金学科布局研究,杜鹏,中国科学院科技战略咨询研究院,20,2019-01至2020-12
2018,应急管理项目,A01,710,J1824013,J0202,《国家自然科学基金委员会年度报告》优化研究,窦天芳,清华大学,20,2018-07至2019-12
2018,应急管理项目,A01,711,61841106,F012201,小型磁偏转质谱计性能影响机理及实验研究,董猛,兰州空间技术物理研究所,9.59,2019-01至2019-12
2018,应急管理项目,A01,712,71850014,G03,房地产市场与金融风险防范,董纪昌,中国科学院大学,200,2019-01至2021-12
2018,应急管理项目,A01,713,51842113,E010102,钢的合金化再认识,董闯,大连理工大学,10,2018-10至2019-09
2018,应急管理项目,A01,714,11847237,A05,超冷玻色凝聚中的非公度超固体研究,董彪,西安交通大学,18,2019-01至2019-12
2018,应急管理项目,A01,715,51842108,E01,金属材料制备与加工过程的基础科学问题学术研讨,董安平,上海交通大学,10,2018-05至2018-12
2018,应急管理项目,A01,716,31842003,C01,国家自然科学基金委员会微生物学科代码系统及关键词修订,东秀珠,中国科学院微生物研究所,20,2018-09至2018-12
2018,应急管理项目,A01,717,51842106,E01,有色金属可持续发展与再利用学科发展战略研讨,丁雨田,兰州理工大学,15,2018-08至2018-12
2018,应急管理项目,A01,718,11845009,A05,第11届稠密Z箍缩国际会议,丁宁,北京应用物理与计算数学研究所,12,2019-01至2019-12
2018,应急管理项目,A01,719,41842024,D071102,“铁路地质灾害防控理论与技术”短期人才培训班,丁明涛,西南交通大学,10,2019-01至2019-12
2018,应急管理项目,A01,720,L1824052,Z01,化学学科发展态势评估研究：2009-2018年,丁洁兰,中国科学院文献情报中心,40,2019-01至2021-12
2018,应急管理项目,A01,721,31842025,C15,园艺学科发展调研及同行评议专家选择辅助系统构建,邓秀新,华中农业大学,20,2018-09至2018-12
2018,应急管理项目,A01,722,J1824005,J0202,国家自然科学基金通讯评审意见表科学化与规范化改进研究,党延忠,大连理工大学,30,2018-08至2019-12
2018,应急管理项目,A01,723,11841004,A01,2018第二届现代优化与应用国际研讨会,戴彧虹,中国科学院数学与系统科学研究院,10,2018-06至2018-06
2018,应急管理项目,A01,724,41842013,D0602,海洋痕量元素与同位素生物地球化学国际讲习班,戴民汉,厦门大学,11,2018-05至2018-12
2018,应急管理项目,A01,725,11847077,A05,镁熔体除铁过程中Al8Mn5相与Fe界面性质的第一性原理研究,戴甲洪,长江师范学院,5,2019-01至2019-12
2018,应急管理项目,A01,726,41842007,D0208,第35届国际有机岩石学年会,代世峰,中国矿业大学（北京）,12,2018-08至2018-12
2018,应急管理项目,A01,727,71840021,G01,第三届国际可靠性、生命科学与运作管理随机模型会议,崔利荣,北京理工大学,3,2019-05至2019-05
2018,应急管理项目,A01,728,11841003,A011403,第六届生物数学国际会议,崔景安,北京建筑大学,16,2018-06至2018-12
2018,应急管理项目,A01,729,81842016,H08,血液学学科发展战略研究,程涛,中国医学科学院,10,2019-01至2019-12
2018,应急管理项目,A01,730,L1824023,Z01,先进电工材料发展战略研究,程时杰,华中科技大学,50,2019-01至2020-12
2018,应急管理项目,A01,731,71843001,G04,新时代科学基金发展战略定位与改革发展总体框架研究,程建平,北京师范大学,130,2018-11至2020-12
2018,应急管理项目,A01,732,71841001,G04,乡村振兴的制度供给与政策保障：总体思路、目标模式与基本框架,程国强,同济大学,24,2018-06至2019-05
2018,应急管理项目,A01,733,41842021,D020104,深时数字地球:全球古地理重建与深时大数据国际研讨会,成秋明,中国地质大学（北京）,11,2019-01至2019-12
2018,应急管理项目,A01,734,11847144,A05,漂移波湍动中超热电子的动力学研究,陈宗华,玉林师范学院,5,2019-01至2019-12
2018,应急管理项目,A01,735,61841701,F070102,在线教育区块链高效认证机制研究,陈志德,福建师范大学,16,2019-01至2019-12
2018,应急管理项目,A01,736,61841303,F030205,CTCS-4下高速列车追踪运行建模与安全控制形式化技术研究,陈永,兰州交通大学,10,2019-01至2019-12
2018,应急管理项目,A01,737,41842042,D0402,新型人工震源在资源探查的潜在应用,陈颙,南京大学,30,2019-01至2019-12
2018,应急管理项目,A01,738,11847232,A05,规范引力对偶在暗物质唯象学中的应用,陈亦点,中国科学院高能物理研究所,18,2019-01至2019-12
2018,应急管理项目,A01,739,31842019,C0713,细胞生物学学科前沿和优先发展领域调研,陈晔光,清华大学,20,2018-09至2018-12
2018,应急管理项目,A01,740,71850003,G03,国内经济政策环境与金融风险防范,陈彦斌,中国人民大学,198,2019-01至2021-12
2018,应急管理项目,A01,741,11847145,A05,非淬火夸克模型下介子谱的研究,陈晓云,金陵科技学院,5,2019-01至2019-12
2018,应急管理项目,A01,742,L1824027,Z01,固体地球物理学发展战略研究,陈晓非,南方科技大学,50,2019-01至2020-12
2018,应急管理项目,A01,743,81842020,H11,皮肤病学学科发展战略研究项目,陈翔,中南大学,10,2019-01至2019-12
2018,应急管理项目,A01,744,11847047,A05,石墨炔范德瓦尔斯异质结的电子性质和热稳定性理论研究,陈熙,西安电子科技大学,5,2019-01至2019-12
2018,应急管理项目,A01,745,61841502,F050708,转基因农产品的太赫兹光谱无损检测机理研究,陈涛,桂林电子科技大学,10,2019-01至2019-12
2018,应急管理项目,A01,746,11847046,A050106,高阶引力论的稳定性与宇宙学,陈泰润,西交利物浦大学,5,2019-01至2019-12
2018,应急管理项目,A01,747,51842805,E0805,土木工程青年论坛,陈仁朋,湖南大学,10,2018-10至2018-11
2018,应急管理项目,A01,748,51842901,E0903,水生态水环境水资源领域现状及发展战略调研,陈求稳,水利部交通运输部国家能源局南京水利科学研究院,20,2018-07至2019-06
2018,应急管理项目,A01,749,61842104,F01,电子与信息学报,陈倩,中国科学院电子学研究所,5,2019-01至2019-12
2018,应急管理项目,A01,750,11847240,A05,基于广义CP对称性研究轻子味混合与中微子质量,陈鹏,中国海洋大学,18,2019-01至2019-12
2018,应急管理项目,A01,751,41842058,D010203,交叉科学方向城镇化领域发展战略研究：国际前沿与应对建议,陈明星,中国科学院地理科学与资源研究所,20,2019-01至2019-12
2018,应急管理项目,A01,752,11847008,A05,圈量子f(R)宇宙学的背景动力学研究,陈龙,信阳师范学院,5,2019-01至2019-12
2018,应急管理项目,A01,753,81842014,H06,运动系统学科资助范围、学科代码及优先资助领域调研,陈林,中国人民解放军第三军医大学,10,2019-01至2019-12
2018,应急管理项目,A01,754,L1824007,Z01,教育信息科学与技术领域基础研究重点与资助布局,陈丽,北京师范大学,20,2018-08至2019-12
2018,应急管理项目,A01,755,31842002,C060506,2018基因组编辑前沿研讨会,陈坤玲,中国科学院遗传与发育生物学研究所,10,2018-07至2018-12
2018,应急管理项目,A01,756,L1824026,Z01,花岗岩成因与成矿机制发展战略研究,陈骏,南京大学,50,2019-01至2020-12
2018,应急管理项目,A01,757,71840009,G020702,消费者跨渠道转换与迁徙行为影响因素及机理研究,陈洁,上海交通大学,12,2019-01至2019-12
2018,应急管理项目,A01,758,L1824038,Z01,面向2035的绿色化工科学与技术发展战略研究,陈建峰,北京化工大学,80,2019-01至2020-12
2018,应急管理项目,A01,759,11842018,A020204,2018工程力学国际会议,陈建兵,同济大学,12,2018-11至2018-11
2018,应急管理项目,A01,760,81842038,H27,未来5年中医学学科发展战略研究,陈家旭,暨南大学,10,2019-01至2019-12
2018,应急管理项目,A01,761,11847033,A05,石墨烯包裹微纳颗粒体系的光操控研究,陈鸿莉,南通大学,5,2019-01至2019-12
2018,应急管理项目,A01,762,51842303,E030901,光电功能高分子材料战略研讨,陈红征,浙江大学,20,2018-07至2019-06
2018,应急管理项目,A01,763,51842611,E0607,第六届生物质能源国际会议,陈汉平,华中科技大学,8,2018-10至2019-06
2018,应急管理项目,A01,764,71850011,G03,金融科技背景下非正规金融机制设计、风险防范与治理,陈海强,厦门大学,196,2019-01至2021-12
2018,应急管理项目,A01,765,61841108,F011109,基于均匀同心圆及同心球结构的频率不变宽带近场阵列系统,陈海华,南开大学,9,2019-01至2019-12
2018,应急管理项目,A01,766,31842005,C020407,植物学科发展趋势与申请代码调整,陈凡,中国科学院遗传与发育生物学研究所,20,2018-09至2018-12
2018,应急管理项目,A01,767,41842050,D01,地理学发展的机遇与挑战,陈发虎,中国科学院青藏高原研究所,30,2019-01至2019-12
2018,应急管理项目,A01,768,61841102,F012207,多铁异质结薄膜的毫米波性能和磁电耦合效应研究,陈大明,海南大学,8,2019-01至2019-12
2018,应急管理项目,A01,769,11847030,A05,Zeeman场对非常规超导低温热力学性质的影响,陈崇巨,温州大学,5,2019-01至2019-12
2018,应急管理项目,A01,770,11847065,A05,双层过渡金属硫族化物范德华异质结能谷极化特性的第一性原理研究,陈波,太原理工大学,5,2019-01至2019-12
2018,应急管理项目,A01,771,11847603,A05,理论物理前沿讲习班—量子物理与量子精密测量理论前沿,陈爱喜,浙江理工大学,30,2019-01至2019-12
2018,应急管理项目,A01,772,81842028,H18,“健康中国2030”生物医学工程战略规划调研,常江,中国科学院上海硅酸盐研究所,10,2019-01至2019-12
2018,应急管理项目,A01,773,61842101,F01,2018亚太等离子体和太赫兹会议,常超,西安交通大学,5,2018-08至2018-12
2018,应急管理项目,A01,774,41842032,D0602,全球海洋酸化观测网络第四届国际研讨会,柴扉,自然资源部第二海洋研究所,10,2019-01至2019-12
2018,应急管理项目,A01,775,41842015,D07,AGU全球PM2.5研究与治理大会,曹军骥,中国科学院地球环境研究所,13,2018-10至2018-12
2018,应急管理项目,A01,776,11847133,A05,基于一类耦合连续时间随机行走模型的反常扩散建模研究,曹建雄,兰州理工大学,5,2019-01至2019-12
2018,应急管理项目,A01,777,11847233,A05,条纹畴结构软磁薄膜中斯格明子自旋结构的微磁学模拟计算,曹德让,青岛大学,18,2019-01至2019-12
2018,应急管理项目,A01,778,81842008,H01,我国呼吸系统疾病领域的战略研究,曹彬,中日友好医院,10,2019-01至2019-12
2018,应急管理项目,A01,779,11847611,A05,第十五届彭桓武理论物理论坛,蔡荣根,中国科学院理论物理研究所,60,2019-01至2019-12
2018,应急管理项目,A01,780,L1824042,Z01,面向2035的金属矿深部多场耦合智能开采战略研究,蔡美峰,北京科技大学,80,2019-01至2020-12
2018,应急管理项目,A01,781,J1824024,J0202,国家自然科学基金信息系统权限与责任关系优化研究,蔡晖,北京大学,30,2019-01至2019-12
2018,应急管理项目,A01,782,L1824029,Z01,病理学发展战略研究,卞修武,中国人民解放军第三军医大学,50,2019-01至2020-12
2018,应急管理项目,A01,783,81842023,H14,口腔颅颌面学科发展趋势与关键科学问题的调研报告,边专,武汉大学,10,2019-01至2019-12
2018,应急管理项目,A01,784,J1824023,J0202,无纸化背景下国家自然科学基金项目档案管理机制研究,毕建新,苏州大学,30,2019-01至2019-12
2018,应急管理项目,A01,785,71840014,G0412,集体土地上拆迁户家庭资产配置的行为特征、理论机制与整体性治理策略,鲍海君,浙江财经大学,14,2019-01至2019-12
2018,应急管理项目,A01,786,L1824047,Z01,我国水产种业2035发展战略研究,包振民,中国海洋大学,80,2019-01至2020-12
2018,应急管理项目,A01,787,11847319,A05,内蒙古大学理论物理学科学术交流平台,班士良,内蒙古大学,60,2019-01至2019-12
2018,应急管理项目,A01,788,11847227,A05,机器学习在超冷原子气体多体局域化中的应用研究,柏小东,中国科学院理论物理研究所,18,2019-01至2019-12
2018,应急管理项目,A01,789,11847221,A05,基于里德堡原子阻塞效应的单光子开关的理论研究,白正阳,华东师范大学,18,2019-01至2019-12
2018,应急管理项目,A01,790,61842501,F05,资助《Light:,Science,&,Applications》期刊,白雨虹,中国科学院长春光学精密机械与物理研究所,5,2019-01至2019-12
2018,应急管理项目,A01,791,41842014,D0607,第三届海洋碳循环遥感多学科国际研讨会和培训班,白雁,自然资源部第二海洋研究所,9,2018-04至2018-12
2018,应急管理项目,A01,792,61841206,F020605,恶意软件智能检测方法研究,白金荣,玉溪师范学院,10,2019-01至2019-12
2018,应急管理项目,A01,793,11843003,A03,中国天文学会2018年学术年会暨第十四次会员代表大会,白金明,中国科学院云南天文台,18,2018-09至2019-08
2018,应急管理项目,A01,794,11847137,A05,As/Sb二维横向异质结界面空位缺陷性质的第一性原理研究,敖蕾,江西科技师范大学,5,2019-01至2019-12
2018,应急管理项目,A01,795,41842053,D0709,中国的人类世,安芷生,中国科学院地球环境研究所,25,2019-01至2019-12
2018,应急管理项目,A01,796,11847601,A05,基于华南大科学装置集群的核物理前沿暑期讲习班,安振东,中山大学,31,2019-01至2019-12
2018,应急管理项目,A01,797,71841029,G04,新时代中国特色军民融合发展体制、机制和政策研究,安实,哈尔滨工业大学,24,2018-10至2019-09
2018,应急管理项目,A01,798,11847242,A05,高能物理中手性物质的实时输运,Miklos,Horvath,华中师范大学,18,2019-01至2019-12
2018,应急管理项目,A01,799,11847226,A05,动力学暗能量，粒子产生以及非引力相互作用的新宇宙学模型,Khurshudyan,Martiros,中国科学技术大学,18,2019-01至2019-12
2018,应急管理项目,A01,800,11847206,A0503,Non-equilibrium,dynamics,of,particle,production,in,strong,fields,Hidetoshi,Taya,复旦大学,18,2019-01至2019-12
2018,应急管理项目,A01,801,11847315,A05,湖州师范学院理论物理核结构和高能核物理交叉方向学术交流与平台建设,Fuqiang,Wang,湖州师范学院,60,2019-01至2019-12
2018,应急管理项目,A01,802,71841027,G04,“一带一路”沿线国家灾害风险评估——以中尼公路为例,BASANTA,RAJ,ADHIKARI,四川大学,16,2018-10至2019-09
