2018,联合基金项目,A01,1,U1860103,E04,基于低能界面和强磁场调控的强有序析出增强超高强钢合金设计及强韧化机制,左小伟,东北大学,50,2019-01至2021-12
2018,联合基金项目,A01,2,U1803241,L08,基于遥感的新疆水资源适应性利用理论方法及配置-调控模型研究,左其亭,郑州大学,258,2019-01至2022-12
2018,联合基金项目,A01,3,U1830204,A06,多重瞬发辐射环境下化学膜性能退化机理及损伤行为研究,祖小涛,电子科技大学,256,2019-01至2022-12
2018,联合基金项目,A01,4,U1810203,D071103,沁水煤田采空区场地高速铁路路基灾变机制与防控,邹友峰,河南理工大学,261,2019-01至2022-12
2018,联合基金项目,A01,5,U1802233,L06,自噬-溶酶体途径在南方根结线虫J2幼虫抵抗饥饿和病原微生物中的作用机制,邹成钢,云南大学,220,2019-01至2022-12
2018,联合基金项目,A01,6,U1836221,F060404,基于知识的智能机器翻译方法研究,宗成庆,中国科学院自动化研究所,260,2019-01至2022-12
2018,联合基金项目,A01,7,U1832117,A0806,大规模中子探测器的分布式触发与读出的关键技术研究,庄建,中国科学院高能物理研究所,54,2019-01至2021-12
2018,联合基金项目,A01,8,U1831118,A0904,面向FAST射电望远镜数据预处理和压缩传输研究,祝永新,中国科学院上海高等研究院,42,2019-01至2021-12
2018,联合基金项目,A01,9,U1809218,E030701,连续碳纤维增強热塑性复合材料汽车件的设计、热压成型及性能优化研究,祝颖丹,中国科学院宁波材料技术与工程研究所,200,2019-01至2022-12
2018,联合基金项目,A01,10,U1836212,F020605,基于区块链的数据隐蔽传输机制研究,祝烈煌,北京理工大学,258,2019-01至2022-12
2018,联合基金项目,A01,11,U1834207,E080701,风-浪联合作用下高速铁路桥梁行车安全性及控制方法研究,祝兵,西南交通大学,229,2019-01至2022-12
2018,联合基金项目,A01,12,U1867210,A050302,全伽玛径迹追踪和瞬发伽玛射线多举测量新技术研究,竺礼华,北京航空航天大学,270,2019-01至2022-12
2018,联合基金项目,A01,13,U1809214,D0605,中国东海近岸油品大规模污染应急及治理关键技术研究,竺柏康,浙江海洋大学,194,2019-01至2022-12
2018,联合基金项目,A01,14,U1809207,F030112,基于智能闭环建模的燃煤电厂新一代自适应控制与优化,朱豫才,浙江大学,199,2019-01至2022-12
2018,联合基金项目,A01,15,U1833125,F01,空管设备飞行校验的综合性能可信评估方法研究,朱衍波,北京航空航天大学,32,2019-01至2021-12
2018,联合基金项目,A01,16,U1801258,L04,有机分子蓝光材料及OLED器件,朱旭辉,华南理工大学,255,2019-01至2022-12
2018,联合基金项目,A01,17,U1813219,E0501,移动机器人在具有高动态复杂度的大型公共室内环境中的定位与导航关键技术,朱晓蕊,哈尔滨工业大学,291,2019-01至2022-12
2018,联合基金项目,A01,18,U1862106,B08,基于多尺度协同晶化的ZSM-5纳米薄层沸石低成本合成及其催化性能研究,朱小春,中国石油大学（北京）,42,2019-01至2021-12
2018,联合基金项目,A01,19,U1810209,E060408,焦炉烟气多污染物协同控制及资源化基础研究,朱廷钰,中国科学院过程工程研究所,260,2019-01至2022-12
2018,联合基金项目,A01,20,U1864211,E0504,新能源汽车车身碳纤维复合材料/铝合金粘铆连接结构服役性能研究,朱平,上海交通大学,210,2019-01至2022-12
2018,联合基金项目,A01,21,U1865104,E090701,基于颗粒破碎的堆石料长期变形特性与分数阶弹粘塑性模型研究,朱俊高,河海大学,50,2019-01至2021-12
2018,联合基金项目,A01,22,U1804184,L02,养殖场抗生素使用对细菌耐药性及抗生素抗性基因分布的影响,朱静媛,郑州大学,48,2019-01至2021-12
2018,联合基金项目,A01,23,U1830116,A06,基于超薄结构人工表面等离激元的太赫兹传感研究,朱锦锋,厦门大学,62,2019-01至2021-12
2018,联合基金项目,A01,24,U1805234,L01,海洋产黄青霉淬灭耐药性细菌群体感应的“动态”分子机理研究,朱虎,福建师范大学,222,2019-01至2022-12
2018,联合基金项目,A01,25,U1806225,E080505,海洋环境下高耐久FRP筋海水海砂混凝土材料与结构设计基础理论研究,朱德举,湖南大学,280,2019-01至2022-12
2018,联合基金项目,A01,26,U1804124,L04,大电流作用下Mo-Al2O3钼丝的组织与力学性能演变及损伤机制,周玉成,河南科技大学,49,2019-01至2021-12
2018,联合基金项目,A01,27,U1862111,B08,高效可见光光解硫化氢制氢用硫化物的设计及性能研究,周莹,西南石油大学,42,2019-01至2021-12
2018,联合基金项目,A01,28,U1832174,A0802,氧化钛负载贵金属催化剂的金属-载体强相互作用原位动态研究,周燕,中国科学院大连化学物理研究所,54,2019-01至2021-12
2018,联合基金项目,A01,29,U1832103,A0801,Σ超子的电磁形状因子和相位角测量,周小蓉,中国科学技术大学,54,2019-01至2021-12
2018,联合基金项目,A01,30,U1865204,E090801,特高土心墙堆石坝长期变形特性和开裂机理研究,周伟,武汉大学,290,2019-01至2022-12
2018,联合基金项目,A01,31,U1804232,L15,群居型飞蝗迁飞的分子调控机制,周树堂,河南大学,209,2019-01至2022-12
2018,联合基金项目,A01,32,U1866204,E0704,含大规模新能源的交直流混联电力系统调度运营理论与方法研究,周明,华北电力大学,260,2019-01至2022-12
2018,联合基金项目,A01,33,U1834203,E0705,高速动车组牵引变压器轻量化理论与方法研究,周利军,西南交通大学,229,2019-01至2022-12
2018,联合基金项目,A01,34,U1832119,A0806,微米级高分辨中子成像探测器物理与关键技术研究,,周健荣,中国科学院高能物理研究所,56,2019-01至2021-12
2018,联合基金项目,A01,35,U1865202,E090103,雅砻江流域流量传播规律和来水预报及梯级电站优化调控与风险决策研究,周建中,华中科技大学,290,2019-01至2022-12
2018,联合基金项目,A01,36,U1832188,A0802,土壤固碳效率差异机制分析－以红壤为例,周虎,中国科学院南京土壤研究所,52,2019-01至2021-12
2018,联合基金项目,A01,37,U1801251,L04,基于高镍三元或富锂锰基层状正极与硅碳负极的高比能动力锂电池研究,周豪慎,南京大学,255,2019-01至2022-12
2018,联合基金项目,A01,38,U1809208,F030608,城市森林资源智能监测及其生态功能智慧感知研究,周国模,浙江农林大学,197,2019-01至2022-12
2018,联合基金项目,A01,39,U1808203,C200503,辽东湾主要海珍品热加工过程质构形成的分子机制,周大勇,大连工业大学,253,2019-01至2022-12
2018,联合基金项目,A01,40,U1860202,E04,磁控电渣重熔过程中熔滴-渣池-金属熔池传输特性及凝固组织演变规律研究,钟云波,上海大学,280,2019-01至2022-12
2018,联合基金项目,A01,41,U1832173,A0801,BESIII,上Λ超子激发态和赝标粒子的理论和实验联合研究,钟显辉,湖南师范大学,54,2019-01至2021-12
2018,联合基金项目,A01,42,U1804173,L02,CK1ε通过介导MTSS1磷酸化调控结肠癌转移的机制研究,钟加滕,新乡医学院,48,2019-01至2021-12
2018,联合基金项目,A01,43,U1866603,E070403,电力变压器多参量自适应保护与安全运行基础研究,郑玉平,国网电力科学研究院有限公司,1200,2019-01至2022-12
2018,联合基金项目,A01,44,U1802284,L02,基于基因组和转录组研究HIV-1感染北平顶猴后病毒持续性低水平复制的分子免疫学机制,郑永唐,中国科学院昆明动物研究所,220,2019-01至2022-12
2018,联合基金项目,A01,45,U1803115,L08,阿尔泰变质火山建造赋存的造山型金矿金元素来源、变质变形条件与抬升剥露历史研究,郑义,中山大学,56,2019-01至2021-12
2018,联合基金项目,A01,46,U1806210,D0603,滨海含水层海水入侵形成与治理机制研究,郑西来,中国海洋大学,278,2019-01至2022-12
2018,联合基金项目,A01,47,U1838101,A03,基于慧眼卫星的脉冲星导航算法研究与在轨验证,郑世界,中国科学院高能物理研究所,46,2019-01至2021-12
2018,联合基金项目,A01,48,U1804139,L04,葡萄糖导向的核可逆交联/盐桥键合脑靶向siRNA纳米药物的构建及抗阿尔茨海默症研究,郑蒙,河南大学,48,2019-01至2021-12
2018,联合基金项目,A01,49,U1830104,A06,掺稀土离子Yb：CaF2激光晶体光谱调控技术研究,郑丽和,中国科学院上海硅酸盐研究所,62,2019-01至2021-12
2018,联合基金项目,A01,50,U1803120,L05,跨视域监控视频行人再识别的多尺度分层融合模型和行为语义学习方法,郑宏伟,中国科学院新疆生态与地理研究所,53,2019-01至2021-12
2018,联合基金项目,A01,51,U1833124,F01,基于磷光法增强飞机防冰液二次结冰的可视化预警研究,郑保战,四川大学,38,2019-01至2021-12
2018,联合基金项目,A01,52,U1832166,A0805,三角反铁磁材料M2(OH)3X在强磁场下的量子磁性,赵志颖,中国科学院福建物质结构研究所,54,2019-01至2021-12
2018,联合基金项目,A01,53,U1867208,B060505,高盐份条件下低放废水深度净化机理与方法研究,赵璇,清华大学,268,2019-01至2022-12
2018,联合基金项目,A01,54,U1806208,D0205,胶西北滨海深部含金构造探测与采动灾害防控机理研究,赵兴东,东北大学,281,2019-01至2022-12
2018,联合基金项目,A01,55,U1813214,F030918,面向康复的外肌肉式运动辅助机器人关键技术研究,赵新刚,中国科学院沈阳自动化研究所,295,2019-01至2022-12
2018,联合基金项目,A01,56,U1813210,F030917,面向减小细胞伤害的微纳操作关键技术研究,赵新,南开大学,299,2019-01至2022-12
2018,联合基金项目,A01,57,U1831135,A0901,伽玛暴甚高能辐射研究,赵晓红,中国科学院云南天文台,50,2019-01至2021-12
2018,联合基金项目,A01,58,U1864204,F0603,智能汽车复杂动态环境的深度层级感知与理解方法研究,赵祥模,长安大学,216,2019-01至2022-01
2018,联合基金项目,A01,59,U1804119,L15,小浪底大坝对黄河下游水文影响区农业景观的生态水文效应研究,赵清贺,河南大学,48,2019-01至2021-12
2018,联合基金项目,A01,60,U1804254,L04,高端装备关键零部件的极限寿命制造基础理论与方法,赵明皞,郑州大学,210,2019-01至2022-12
2018,联合基金项目,A01,61,U1831106,A0903,基于1.2m望远镜的月球及中继星深空激光测距关键技术研究,赵金宇,中国科学院长春光学精密机械与物理研究所,52,2019-01至2021-12
2018,联合基金项目,A01,62,U1836222,F060405,面向特定领域的文本语义分析关键技术,赵海,上海交通大学,252,2019-01至2022-12
2018,联合基金项目,A01,63,U1833120,F01,膨胀型阻燃剂的纳米结构设计及其阻燃、增强飞机制造用环氧树脂研究,赵乘寿,西南交通大学,34,2019-01至2021-12
2018,联合基金项目,A01,64,U1804101,L15,土壤线虫-微生物食物网结构和功能对于改变植物资源输入的响应,赵灿灿,河南大学,49,2019-01至2021-12
2018,联合基金项目,A01,65,U1804109,L15,水虻-微生物联合降解四环素类物质的行为及降解机制,章伟成,南阳师范学院,45,2019-01至2021-12
2018,联合基金项目,A01,66,U1866209,E070402,基于61850的智能电网工控域边缘安全防御理论与方法研究,章坚民,杭州电子科技大学,260,2019-01至2022-12
2018,联合基金项目,A01,67,U1802235,L06,植物布尼亚病毒诱导病理囊泡的机制及对病毒系统侵染的调控作用,张仲凯,云南省农业科学院,212,2019-01至2022-12
2018,联合基金项目,A01,68,U1832159,A0802,LuBO3:Ce3+闪烁材料的化学组成、晶体结构与相变机理的同步辐射原位高通量研究,张志军,上海大学,54,2019-01至2021-12
2018,联合基金项目,A01,69,U1832180,A0806,中子衍射原位研究甲烷活化及合成气转化催化过程,张镇,中国科学技术大学,56,2019-01至2021-12
2018,联合基金项目,A01,70,U1830103,A06,机动平台下扩展面目标宽角度雷达回波积累方法,张增辉,上海交通大学,60,2019-01至2021-12
2018,联合基金项目,A01,71,U1832218,A0804,基于同步辐射X射线谱学的固态锂硫电池原位研究,张跃钢,清华大学,248,2019-01至2022-12
2018,联合基金项目,A01,72,U1860108,E04,干法协同脱除高炉煤气中酸性腐蚀组分的机理研究,张玉文,上海大学,51,2019-01至2021-12
2018,联合基金项目,A01,73,U1836210,F020605,多源漏洞数据智能分析和漏洞智能利用与挖掘研究,张玉清,中国科学院大学,254,2019-01至2022-11
2018,联合基金项目,A01,74,U1862107,B08,油浆定向裂解制备富芳烃油与协同脱固技术基础研究,张玉明,中国石油大学（北京）,42,2019-01至2021-12
2018,联合基金项目,A01,75,U1804252,L04,力-热-电性能匹配的载流摩擦铜基复合材料研究,张永振,河南科技大学,210,2019-01至2022-12
2018,联合基金项目,A01,76,U1836109,F020204,基于大数据的特定人物社会行为分析与预测关键技术研究,张莹,南开大学,66,2019-01至2021-12
2018,联合基金项目,A01,77,U1804281,L02,食管癌微环境GPR84+MDSCs影响免疫治疗效果的机制研究,张毅,郑州大学,211,2019-01至2022-12
2018,联合基金项目,A01,78,U1805242,L03,台湾浅海热液生态系统微生物驱动的碳-氮-硫循环耦合过程演变,张瑶,厦门大学,228,2019-01至2022-12
2018,联合基金项目,A01,79,U1864212,E0603,车用动力电池系统热场分布、热传输机理及热管理研究,张扬军,清华大学,210,2019-01至2022-12
2018,联合基金项目,A01,80,U1810113,E020603,煤基三维石墨烯宏观体的设计构筑及其光催化转化CO2的性能研究,张亚婷,西安科技大学,61,2019-01至2021-12
2018,联合基金项目,A01,81,U1833104,F01,基于光纤声发射监测阵列的航空复合材料健康与损伤演化机理研究,张学智,天津大学,36,2019-01至2021-12
2018,联合基金项目,A01,82,U1862206,B08,高活性配位可控聚合制备窄分子量分布、长链支化、官能化稀土顺丁橡胶,张学全,中国科学院长春应用化学研究所,240,2019-01至2022-12
2018,联合基金项目,A01,83,U1802256,L07,高比能电化学电容器材料及储荷机理研究,张校刚,南京航空航天大学,218,2019-01至2022-12
2018,联合基金项目,A01,84,U1801287,L02,阻滞L型Ca2+通道的夹竹桃科单萜吲哚生物碱的发现及其抗成瘾作用机制研究,张晓琦,暨南大学,245,2019-01至2022-12
2018,联合基金项目,A01,85,U1832154,A0802,共聚焦软X射线扫描透射显微三维结构成像,张祥志,中国科学院上海应用物理研究所,44,2019-01至2021-12
2018,联合基金项目,A01,86,U1832213,A0805,实用化铁基超导线材及其高场内插线圈研究,张现平,中国科学院电工研究所,254,2019-01至2022-12
2018,联合基金项目,A01,87,U1810105,D0208,煤储层气水两相受限赋存输运规律及数值模拟研究,张先敏,中国石油大学（华东）,60,2019-01至2021-12
2018,联合基金项目,A01,88,U1831202,A0903,超宽带高灵敏度超导热电子混频器及阵列接收机技术,张文,中国科学院紫金山天文台,290,2019-01至2022-12
2018,联合基金项目,A01,89,U1836219,F060306,复杂环境下语音数据的说话人识别及关键词检索,张卫强,清华大学,249,2019-01至2022-12
2018,联合基金项目,A01,90,U1803109,L10,烈性噬菌体的靶向筛选及其在大肠杆菌病中的防控研究,张炜,南京农业大学,56,2019-01至2021-12
2018,联合基金项目,A01,91,U1803110,L10,薰衣草/紫花苜蓿间作提高氮素固定和转移的根土互作机理,张维,伊犁师范学院,56,2019-01至2021-12
2018,联合基金项目,A01,92,U1803234,L10,新疆棉花铃叶系统水分高效利用的光合作用机制研究,张旺锋,石河子大学,252,2019-01至2022-12
2018,联合基金项目,A01,93,U1803127,L02,新疆维吾尔族、哈萨克族和汉族人群结核分枝杆菌免疫优势CTL和Th1表位的筛选与鉴定,张万江,石河子大学,56,2019-01至2021-12
2018,联合基金项目,A01,94,U1838201,A03,基于慧眼-HXMT高统计观测的X射线双星系统高能辐射研究,张澍,中国科学院高能物理研究所,350,2019-01至2022-12
2018,联合基金项目,A01,95,U1809212,D0608,基于水下无线传感器网络的深水网箱养殖智能化监测关键技术研究,张森林,浙江大学,204,2019-01至2022-12
2018,联合基金项目,A01,96,U1862102,B08,石化丙烯腈尾气催化燃烧净化的高N2选择性分子筛催化剂设计,张润铎,北京化工大学,42,2019-01至2021-12
2018,联合基金项目,A01,97,U1867201,E010102,FeCrAl系不锈钢包壳材料的成分与组织设计及蠕变和辐照机理研究,张瑞谦,中国核动力研究设计院,267,2019-01至2022-12
2018,联合基金项目,A01,98,U1804170,L02,MicroRNA-mRNA负调控网络对wistar大鼠酒依赖行为表征的调控作用及机制研究,张瑞岭,新乡医学院,48,2019-01至2021-12
2018,联合基金项目,A01,99,U1830203,A06,极端条件下光纤微结构演变及暗化动力学过程研究,张勤远,华南理工大学,256,2019-01至2022-12
2018,联合基金项目,A01,100,U1810119,E0402,基于雷达预探与截割反馈的采煤机煤岩界面精细化建模方法研究,张强,辽宁工程技术大学,61,2019-01至2021-12
2018,联合基金项目,A01,101,U1801257,L04,高安全高比能固态锂硫电池的研究,张强,清华大学,255,2019-01至2022-12
2018,联合基金项目,A01,102,U1804122,L04,基于柱[5]芳烃的超分子聚合物的可控构筑及功能研究,张倩,河南师范大学,49,2019-01至2021-12
2018,联合基金项目,A01,103,U1834211,G0119,基于协同指挥的高铁智能调度理论与方法研究,张琦,中国铁道科学研究院集团有限公司,229,2019-01至2022-12
2018,联合基金项目,A01,104,U1810126,E060404,CFB机组变工况多参数惯性失衡及超低排放基础研究,张缦,清华大学,61,2019-01至2021-12
2018,联合基金项目,A01,105,U1832181,A0805,应用电子顺磁共振方法揭示膜铁转运蛋白的动态转运机制,张隆华,中国科学技术大学,56,2019-01至2021-12
2018,联合基金项目,A01,106,U1803129,L02,纳米材料包被的供体T细胞通过免疫隔离缓解移植物抗宿主疾病并保留移植物抗白血病研究,张玲玲,安徽医科大学,56,2019-01至2021-12
2018,联合基金项目,A01,107,U1804165,L05,可重构超材料基二维过渡金属硫化物的光电特性及纳米器件研究,张利伟,河南理工大学,47,2019-01至2021-12
2018,联合基金项目,A01,108,U1860206,E04,“精炼渣-钢液-夹杂物-合金-耐火材料-空气”多元体系下钢中非金属夹杂物瞬态现象的基础研究,张立峰,北京科技大学,300,2019-01至2022-12
2018,联合基金项目,A01,109,U1804180,L02,人表皮神经嵴干细胞在白癜风毛囊周围复色中作用的研究,张江安,郑州大学,47,2019-01至2021-12
2018,联合基金项目,A01,110,U1830134,A06,高氮金属配合物电荷转移效应与激光起爆特性关系研究,张建国,北京理工大学,62,2019-01至2021-12
2018,联合基金项目,A01,111,U1860111,E04,抗硫管铸坯凝固组织、点状偏析及其与带状组织相关性,张家泉,北京科技大学,52,2019-01至2021-12
2018,联合基金项目,A01,112,U1864201,F0304,智能网联柴油车燃烧与后处理系统多目标协调优化,张辉,北京航空航天大学,205,2019-01至2022-12
2018,联合基金项目,A01,113,U1836216,F0603,基于信息融合的精准身份识别方法,张化祥,山东师范大学,245,2019-01至2022-12
2018,联合基金项目,A01,114,U1810122,E041604,连续剪切正挤压镁合金的组织调控、强韧性能与拉深变形机理,张华,太原理工大学,62,2019-01至2021-12
2018,联合基金项目,A01,115,U1867205,B0605,PUREX流程中镎、锝与还原剂的反应过程与机理研究,张虎,中国原子能科学研究院,268,2019-01至2022-12
2018,联合基金项目,A01,116,U1801265,L05,面向医学图像信息的强泛化智能计算技术,张贺晔,中国科学院深圳先进技术研究院,271,2019-01至2022-12
2018,联合基金项目,A01,117,U1831128,A0901,基于FAST的致密射电源VLBI研究,张海燕,中国科学院国家天文台,60,2019-01至2021-12
2018,联合基金项目,A01,118,U1839205,D0402,地震、重力与大地电磁联合反演算法研究及在川滇地区岩石圈结构高分辨率成像的应用,张海江,中国科学技术大学,231,2019-01至2022-12
2018,联合基金项目,A01,119,U1838116,A03,用I型X射线暴探究热核暴在中子星表面点燃及扩展过程,张国宝,中国科学院云南天文台,46,2019-01至2021-12
2018,联合基金项目,A01,120,U1833108,F01,鸟撞风扇叶片突加不平衡诱发转子系统故障机理研究,张桂昌,中国民航大学,34,2019-01至2021-12
2018,联合基金项目,A01,121,U1832130,A0803,弱束缚核6Li+98,100Mo系统的近垒熔合反应中破裂和转移机制研究,张高龙,北京航空航天大学,54,2019-01至2021-12
2018,联合基金项目,A01,122,U1810207,E0414,超级奥氏体不锈钢凝固和热加工中的多尺度组织调控,张福成,燕山大学,260,2019-01至2022-12
2018,联合基金项目,A01,123,U1832125,A0802,基于多肽的共组装结构与生物活性研究,张峰,广州医科大学,54,2019-01至2021-12
2018,联合基金项目,A01,124,U1837602,E0503,航天器高性能惯性执行机构关键制造技术基础,张笃周,北京控制工程研究所,880,2019-01至2022-12
2018,联合基金项目,A01,125,U1830206,A06,温稠密物质太赫兹波段电导率的实验和理论研究,张栋文,中国人民解放军国防科技大学,256,2019-01至2022-12
2018,联合基金项目,A01,126,U1830111,A06,结构可控的冷原子全息光波导的设计和应用研究,张丹伟,华南师范大学,62,2019-01至2021-12
2018,联合基金项目,A01,127,U1804199,L02,新型朊蛋白/代谢型谷氨酸受体5抑制剂干预APP转基因大鼠突触可塑性的机制研究,张岱男,新乡医学院,47,2019-01至2021-12
2018,联合基金项目,A01,128,U1831105,A0903,极大望远镜宽视场光学光谱仪结构轻量化与碳纤维复合材料应用研究,张大旭,上海交通大学,55,2019-01至2021-12
2018,联合基金项目,A01,129,U1865203,E0907,深部断层活化规律与洞室群稳定性和环境安全性评价,张传庆,中国科学院武汉岩土力学研究所,290,2019-01至2022-12
2018,联合基金项目,A01,130,U1866212,E0710,冲击暂态下智能电力设备动态失效机理及电磁干扰分层协同防护技术,张波,清华大学,260,2019-01至2022-12
2018,联合基金项目,A01,131,U1831136,A0905,基于BeSSeL项目存档数据的VLBI校准源数据库,张波,中国科学院上海天文台,50,2019-01至2021-12
2018,联合基金项目,A01,132,U1831124,A0901,Fermi耀变体光学波段能谱演化及其物理机制研究,张丙开,阜阳师范学院,59,2019-01至2021-12
2018,联合基金项目,A01,133,U1804140,L04,埃洛石纳米管表面微结构调控及其纳米金属催化剂的高效负载,张冰,郑州大学,48,2019-01至2021-12
2018,联合基金项目,A01,134,U1832124,A0802,基于同步辐射X射线谱学新型硅基超分子杂化功能材料吸附放射性核素Cs-137的机制,张安运,浙江大学,56,2019-01至2021-12
2018,联合基金项目,A01,135,U1865205,A050506,极低辐射本底多电极高纯锗探测技术研究,曾志,清华大学,290,2019-01至2022-12
2018,联合基金项目,A01,136,U1804194,L02,河南汉族中高基因差异度Y-SNPs的筛选及应用研究,曾昭书,郑州大学,48,2019-01至2021-12
2018,联合基金项目,A01,137,U1833119,F01,面向机场安保领域的多生物特征身份认证关键技术研究,曾山,武汉轻工大学,34,2019-01至2021-12
2018,联合基金项目,A01,138,U1802271,G04,大数据环境下的云南边疆民族文化计算支撑技术与实证研究,岳昆,云南大学,100,2019-01至2022-12
2018,联合基金项目,A01,139,U1864210,E050203,基于载荷谱的电动汽车传动构件疲劳寿命与系统可靠性研究,苑士华,北京理工大学,210,2019-01至2022-12
2018,联合基金项目,A01,140,U1831119,A0901,基于发射线变化利用2米级望远镜分析Blazars的光变来源,袁聿海,广州大学,54,2019-01至2021-12
2018,联合基金项目,A01,141,U1832204,A0801,BESIII实验离线软件发展与研究,袁野,中国科学院高能物理研究所,248,2019-01至2022-12
2018,联合基金项目,A01,142,U1866601,E070401,电力电子化电力系统多尺度非线性耦合振荡基础理论研究,袁小明,华中科技大学,1200,2019-01至2022-12
2018,联合基金项目,A01,143,U1804164,L05,移动边缘计算中共享内容的后验式缓存机理研究,袁培燕,河南师范大学,47,2019-01至2021-12
2018,联合基金项目,A01,144,U1813220,E0501,基于人-机-物共享空间的医疗服务机器人定位和导航关键技术研究,袁亮,新疆大学,300,2019-01至2022-12
2018,联合基金项目,A01,145,U1809221,E050901,高端滚动轴承智能设计与制造关键技术及服役可靠性研究,袁巨龙,浙江工业大学,200,2019-01至2022-12
2018,联合基金项目,A01,146,U1860201,E04,热轧无缝钢管在线控制冷却机制及形变/相变一体化在线组织调控,袁国,东北大学,300,2019-01至2022-12
2018,联合基金项目,A01,147,U1834208,E080702,城区高铁大直径盾构隧道施工智能控制理论与关键技术,袁大军,北京交通大学,229,2019-01至2022-12
2018,联合基金项目,A01,148,U1833101,F01,机场场面监视中复杂目标检测与实时跟踪关键深度学习技术研究,袁春,清华大学,38,2019-01至2021-12
2018,联合基金项目,A01,149,U1832148,A0805,离子掺杂羟基磷灰石的微结构及其与BMP-7多肽相互作用机理的高场固体NMR研究,喻志武,中国科学院合肥物质科学研究院,54,2019-01至2021-12
2018,联合基金项目,A01,150,U1804134,L04,基于功能梯度压电陶瓷的高温超声导波换能器研制,禹建功,河南理工大学,49,2019-01至2021-12
2018,联合基金项目,A01,151,U1801661,L05,利用可控量子比特阵列模拟若干典型物理模型,俞大鹏,南方科技大学,1054,2019-01至2022-12
2018,联合基金项目,A01,152,U1832122,A0803,用于放射性束物理的新型大面积反符合探测技术研究,余玉洪,中国科学院近代物理研究所,54,2019-01至2021-12
2018,联合基金项目,A01,153,U1838203,A03,X射线双星爆发和演化的系统观测研究,余文飞,中国科学院上海天文台,345,2019-01至2022-12
2018,联合基金项目,A01,154,U1867219,A050504,新型燃料元件LOCA条件下复杂行为及安全特性研究,余红星,中国核动力研究设计院,230,2019-01至2022-12
2018,联合基金项目,A01,155,U1804193,L02,工程化的exosome共递送anti-PDL-1/miR-145在结肠癌免疫治疗中的作用研究,于英杰,河南科技大学,47,2019-01至2021-12
2018,联合基金项目,A01,156,U1831131,A0904,构建基于脉冲星搜索数据库的FAST多波束干扰消除和快速射电暴实时触发系统,于徐红,贵州师范大学,60,2019-01至2021-12
2018,联合基金项目,A01,157,U1806218,D071104,黄河三角洲典型河口湿地生态网络构建及其资源环境效应,于君宝,鲁东大学,280,2019-01至2022-12
2018,联合基金项目,A01,158,U1813221,E0501,面向航空狭小空间作业的柔性连续体机器人刚度调控与精度保障研究,于靖军,北京航空航天大学,300,2019-01至2022-12
2018,联合基金项目,A01,159,U1811261,F02,基于大数据的交互式个性化教学环境构建方法研究,于戈,东北大学,512,2019-01至2022-12
2018,联合基金项目,A01,160,U1806227,E090904,山东省滨海沙滩防护工程环境灾害及防灾减灾对策研究,尤再进,鲁东大学,280,2019-01至2022-12
2018,联合基金项目,A01,161,U1836113,F020303,无先验知识的虚拟化平台内核层恶意行为深度检测与动态防御,应凌云,中国科学院软件研究所,67,2019-01至2021-12
2018,联合基金项目,A01,162,U1804197,L02,Tau蛋白异常聚集激活钙神经素诱导阿尔兹海默病记忆障碍的神经网络钙振荡机制研究,尹雅玲,新乡医学院,48,2019-01至2021-12
2018,联合基金项目,A01,163,U1830121,A06,辐照条件下典型掺杂GaN力学特性的多尺度模拟研究,易新,北京大学,62,2019-01至2021-12
2018,联合基金项目,A01,164,U1810125,E060101,新型焦粉链式气化耦合焦炉煤气高值化利用基础研究,易群,太原理工大学,61,2019-01至2021-12
2018,联合基金项目,A01,165,U1812401,C03,喀斯特生物多样性形成和维持的钙依赖机制及其应用基础,乙引,贵州师范大学,2520,2019-01至2023-12
2018,联合基金项目,A01,166,U1836107,F020204,基于大数据的社会行为预测理论和关键技术,叶允明,哈尔滨工业大学,66,2019-01至2021-12
2018,联合基金项目,A01,167,U1832190,A0801,柱状阵列结构的二次电子发射和表面电阻特性研究,叶鸣,西安交通大学,54,2019-01至2021-12
2018,联合基金项目,A01,168,U1831208,A0901,利用LHAASO实验数据开展甚高能伽马射线耀变现象的观测与研究,姚志国,中国科学院高能物理研究所,270,2019-01至2022-12
2018,联合基金项目,A01,169,U1830102,A06,中子诱发重核裂变后产物的演化规律及定量描述,姚泽恩,兰州大学,60,2019-01至2021-12
2018,联合基金项目,A01,170,U1804198,L02,复合神经支架CS-HA/RES/hUMSCs移植对TBI的修复效果研究,姚明浩,郑州大学,48,2019-01至2021-12
2018,联合基金项目,A01,171,U1804130,L04,金属与二维半导体材料电学接触的第一性原理研究,杨宗献,河南师范大学,46,2019-01至2021-12
2018,联合基金项目,A01,172,U1866203,E070301,有序3D微结构大电流高压真空触头材料的设计、制备及相关物理问题,杨志懋,西安交通大学,260,2019-01至2022-12
2018,联合基金项目,A01,173,U1802286,L02,中缅边境恶性疟原虫对哌喹抗药性的分子机制研究,杨照青,昆明医科大学,220,2019-01至2022-12
2018,联合基金项目,A01,174,U1831127,A0904,基于低秩理论的天文图像重构与盲源分离研究,杨章静,南京审计大学,56,2019-01至2021-12
2018,联合基金项目,A01,175,U1803101,L10,丛枝菌根真菌多样性调节胡杨抗逆性的作用机制,杨玉海,中国科学院新疆生态与地理研究所,56,2019-01至2021-12
2018,联合基金项目,A01,176,U1867213,A050303,关键裂变产物核产额分析方法,杨毅,中国原子能科学研究院,270,2019-01至2022-12
2018,联合基金项目,A01,177,U1836117,F020705,网络流量中漏洞利用程序的识别和分类,杨轶,中国科学院软件研究所,66,2019-01至2021-12
2018,联合基金项目,A01,178,U1809219,E050302,工业燃气轮机在线监测及安全运行关键技术研究,杨世锡,浙江大学,200,2019-01至2022-12
2018,联合基金项目,A01,179,U1864213,E0608,车用动力电池系统热场分布、热传输机理及热管理研究,杨世春,北京航空航天大学,210,2019-01至2022-12
2018,联合基金项目,A01,180,U1832116,A0802,基于同步辐射的钙钛矿关联氧化物类电池忆阻突触权重调控及其阻变机制研究,杨蕊,华中科技大学,54,2019-01至2021-12
2018,联合基金项目,A01,181,U1804136,L04,低电位高精准电化学探针的设计构建及应用,杨冉,郑州大学,48,2019-01至2021-12
2018,联合基金项目,A01,182,U1802257,L07,基于二维材料的新型薄膜太阳电池及其多能集成性能研究,杨培志,云南师范大学,210,2019-01至2022-12
2018,联合基金项目,A01,183,U1865102,E0901,基于数值模拟的雅砻江流域风能资源多尺度耦合评估方法研究,杨明祥,中国水利水电科学研究院,50,2019-01至2021-12
2018,联合基金项目,A01,184,U1804143,L04,基于稳定裕度补偿的大型光伏并网系统谐波谐振抑制策略研究,杨明,河南理工大学,48,2019-01至2021-12
2018,联合基金项目,A01,185,U1837211,E060405,空间发动机离心喷嘴非定常雾化机理及动态特性研究,杨立军,北京航空航天大学,225,2019-01至2022-12
2018,联合基金项目,A01,186,U1806215,D070102,黄河三角洲盐渍农田土壤氮磷养分增效机理,杨劲松,中国科学院南京土壤研究所,280,2019-01至2022-12
2018,联合基金项目,A01,187,U1832175,A0803,共线激光光谱研究加速器离子的超精细结构和同位素位移,杨杰,中国科学院近代物理研究所,54,2019-01至2021-12
2018,联合基金项目,A01,188,U1832115,A0805,织构化BiFeO3基固溶体的强磁场下制备及其压电和多铁性能调控研究,杨杰,中国科学院合肥物质科学研究院,54,2019-01至2021-12
2018,联合基金项目,A01,189,U1833107,F01,民航网络信息系统多维安全态势评估与业务波及影响分析,杨宏宇,中国民航大学,34,2019-01至2021-12
2018,联合基金项目,A01,190,U1831133,A0903,基于高灵敏度近紫外/可见光偏振光谱观测开展中高轨空间目标特征识别的研究,,杨海马,上海理工大学,56,2019-01至2021-12
2018,联合基金项目,A01,191,U1862105,B08,具有π-π共轭超分子结构的g-C3N4光催化新体系构建及其全解水制氢性能研究,杨贵东,西安交通大学,42,2019-01至2021-12
2018,联合基金项目,A01,192,U1839206,D0402,南北地震带三维精细速度模型与快速地震定位方法研究,杨顶辉,清华大学,227,2019-01至2022-12
2018,联合基金项目,A01,193,U1864203,F030612,基于一致性超级感知容器的自动驾驶汽车传感数据智能全息融合,杨殿阁,清华大学,217,2019-01至2022-12
2018,联合基金项目,A01,194,U1865208,A050509,10μBq/m3量级氡浓度测量及低温活性炭除氡设备研制,杨长根,中国科学院高能物理研究所,292,2019-01至2022-12
2018,联合基金项目,A01,195,U1833115,F01,基于深度学习的空管指挥安全监控关键技术研究,杨波,四川大学,34,2019-01至2021-12
2018,联合基金项目,A01,196,U1832127,A0806,高熵合金氧化物复合涂层抗铅铋腐蚀机理研究,杨兵,武汉大学,54,2019-01至2021-12
2018,联合基金项目,A01,197,U1832192,A0804,基于同步辐射诊断方法的等离子体辅助燃烧动力学增强机制研究,杨斌,清华大学,54,2019-01至2021-12
2018,联合基金项目,A01,198,U1801259,L04,多场耦合控制磨料状态的新一代光电晶片超光滑平坦化加工理论与关键技术研究,阎秋生,广东工业大学,255,2019-01至2022-12
2018,联合基金项目,A01,199,U1830135,A06,大气压等离子体辅助薄膜沉积增强绝缘材料真空沿面闪络性能的研究,严萍,中国科学院电工研究所,64,2019-01至2021-12
2018,联合基金项目,A01,200,U1862109,B08,基于(聚)离子液体抗菌橡胶的设计与性能调控,严锋,苏州大学,42,2019-01至2021-12
2018,联合基金项目,A01,201,U1804150,L05,基于逻辑动态系统代数状态空间理论的有限状态自动机器的代数实现,闫永义,河南科技大学,49,2019-01至2021-12
2018,联合基金项目,A01,202,U1831102,A0901,利用FAST开展脉冲星单脉冲观测研究,闫文明,中国科学院新疆天文台,51,2019-01至2021-12
2018,联合基金项目,A01,203,U1808201,C031201,辽东山区林下植物资源形成与调控机制研究,闫巧玲,中国科学院沈阳应用生态研究所,251,2019-01至2022-12
2018,联合基金项目,A01,204,U1838112,A03,黑洞X射线双星吸积细节观测研究,鄢淑平,中国科学院紫金山天文台,48,2019-01至2021-12
2018,联合基金项目,A01,205,U1831132,A0905,小行星探测器多源跟踪数据处理与应用,鄢建国,武汉大学,50,2019-01至2021-12
2018,联合基金项目,A01,206,U1809213,D0605,基于特殊浸润多孔材料的海洋油污在线监测技术和应急处理装备的应用基础研究,薛立新,浙江工业大学,200,2019-01至2022-12
2018,联合基金项目,A01,207,U1804151,L05,基于机器-作业-物流协同的SM-CC-HR钢铁一体化新型柔性生产调度研究,轩华,郑州大学,50,2019-01至2021-12
2018,联合基金项目,A01,208,U1832146,A0802,软X射线共振散射方法发展及其在有机太阳能电池领域的应用,许子健,中国科学院上海应用物理研究所,56,2019-01至2021-12
2018,联合基金项目,A01,209,U1831108,A0902,空间引力波望远镜和激光干涉仪接口：摆镜结构关键技术研究,许明明,中国科学院国家天文台南京天文光学技术研究所,56,2019-01至2021-12
2018,联合基金项目,A01,210,U1867222,A050608,托卡马克脱靶高约束模式运行机制研究,许敏,核工业西南物理研究院,270,2019-01至2022-12
2018,联合基金项目,A01,211,U1804108,L15,猪干扰素诱导的跨膜蛋白1抑制乙型炎脑病毒感染的分子机制,许君,河南农业大学,49,2019-01至2021-12
2018,联合基金项目,A01,212,U1832216,A0802,高性能合金激光3D打印内部组织演化关键调控机制的同步辐射原位实验研究,许峰,中国科学技术大学,254,2019-01至2022-12
2018,联合基金项目,A01,213,U1865101,E060703,复杂地形与风力机涡流形成机制及其耦合演化研究,许昌,河海大学,50,2019-01至2021-12
2018,联合基金项目,A01,214,U1811461,F02,基于超算的大数据分析处理基础算法与编程支撑环境,徐宗本,西安交通大学,2155,2019-01至2022-12
2018,联合基金项目,A01,215,U1832172,A0802,同步辐射液氮冷却多层膜元件热疲劳寿命预测方法研究,徐中民,中国科学院上海应用物理研究所,56,2019-01至2021-12
2018,联合基金项目,A01,216,U1803104,L10,新疆雪白睡莲耐寒相关基因和分子标记的筛选、精细定位及其作用机制研究,徐迎春,南京农业大学,56,2019-01至2021-12
2018,联合基金项目,A01,217,U1831123,A0902,甚高精度天文卫星多元耦合振颤传递特性分析及隔振控制研究,徐洋,东华大学,52,2019-01至2021-12
2018,联合基金项目,A01,218,U1806212,D0606,山东海岸带海水入侵-土壤盐渍化灾害链发生与治理机制研究,徐兴永,自然资源部第一海洋研究所,278,2019-01至2022-12
2018,联合基金项目,A01,219,U1801262,L05,基于认知的类脑情感计算新架构与方法,徐向民,华南理工大学,277,2019-01至2022-12
2018,联合基金项目,A01,220,U1839204,D021102,阿尔金断裂东段大地震复发模型及其力学机理研究,徐锡伟,中国地震局地壳应力研究所,228,2019-01至2022-12
2018,联合基金项目,A01,221,U1808208,E010102,超高强汽车钢相变行为及亚稳组织综合调控与力学响应,徐伟,东北大学,250,2019-01至2022-12
2018,联合基金项目,A01,222,U1832187,A0804,过渡金属硼化物纳米材料的可控合成及其在锂硫电池中的应用,徐立强,山东大学,54,2019-01至2021-12
2018,联合基金项目,A01,223,U1809205,F020516,基于医学图像深度计算的乳腺癌新辅助化疗病理缓解程度评估和预测,徐军,南京信息工程大学,194,2019-01至2022-12
2018,联合基金项目,A01,224,U1832108,A0806,小角中子散射技术研究多肽溶液自组装纳米结构及动态过程,徐海,中国石油大学（华东）,54,2019-01至2021-12
2018,联合基金项目,A01,225,U1832212,A0802,应用同步辐射技术研究雾霾中颗粒物诱发过敏的机制,徐殿斗,中国科学院高能物理研究所,256,2019-01至2022-12
2018,联合基金项目,A01,226,U1813224,E050103,多移动操作机器人协同操作与控制方法与技术研究,熊振华,上海交通大学,290,2019-01至2022-12
2018,联合基金项目,A01,227,U1804146,L04,超高强度钢梯度纳米结构微观组织调控与腐蚀疲劳行为研究,熊毅,河南科技大学,48,2019-01至2021-12
2018,联合基金项目,A01,228,U1831125,A0903,丽江站富锂色球活动恒星高色散光谱和偏振光谱观测平台建立,邢丽峰,中国科学院云南天文台,54,2019-01至2021-12
2018,联合基金项目,A01,229,U1802242,L03,横断山高寒地区植物多样性形成、演变及其对环境变化的响应,星耀武,中国科学院西双版纳热带植物园,218,2019-01至2022-12
2018,联合基金项目,A01,230,U1810123,E0502,重型刮板输送机柔性起动失稳机理及其调控方法研究,谢方伟,江苏大学,61,2019-01至2021-12
2018,联合基金项目,A01,231,U1832217,A0802,X射线数字单焦点螺旋波带片聚焦及拓扑荷演化特性,谢常青,中国科学院微电子研究所,252,2019-01至2022-12
2018,联合基金项目,A01,232,U1867215,A0504,核燃料包壳FeCrAl基合金制备及抗辐照性能研究,肖湘衡,武汉大学,270,2019-01至2022-12
2018,联合基金项目,A01,233,U1810201,D0207,沁水盆地煤系页岩气的赋存富集机理及地质模型,肖贤明,中国地质大学（北京）,267,2019-01至2022-12
2018,联合基金项目,A01,234,U1806224,E0707,海浪发电捕能效率提升关键技术研究,肖曦,清华大学,280,2019-01至2022-12
2018,联合基金项目,A01,235,U1832142,A0804,层状硫属化合物电热输运协同调控的同步辐射研究,肖翀,中国科学技术大学,56,2019-01至2021-12
2018,联合基金项目,A01,236,U1834204,E070503,高速铁路信号系统雷击电磁瞬态耦合机制和防护方法研究,向念文,合肥工业大学,230,2019-01至2022-12
2018,联合基金项目,A01,237,U1801281,L02,基于肠道微生态多组学的动脉粥样硬化发病机制研究,夏敏,中山大学,245,2019-01至2022-12
2018,联合基金项目,A01,238,U1803332,L10,生物炭基解盐促生菌剂系统构建及协同改良盐碱土基础研究,武占省,石河子大学,90,2019-01至2022-12
2018,联合基金项目,A01,239,U1832106,A0805,强磁场下RxEr1-xFeO3晶体的超快光磁研究,武安华,中国科学院上海硅酸盐研究所,54,2019-01至2021-12
2018,联合基金项目,A01,240,U1832179,A0802,基于上海光源的汽油直喷发动机燃油喷雾破碎雾化机理研究,吴志军,同济大学,54,2019-01至2021-12
2018,联合基金项目,A01,241,U1810204,E0206,树枝状碳纤维-氧化石墨烯三维框架构建调控高能量密度锂硫电池研究,吴玉程,太原理工大学,260,2019-01至2022-12
2018,联合基金项目,A01,242,U1805262,L05,基于无人机通信的近海无线传输与灵活组网基础研究,吴怡,福建师范大学,240,2019-01至2022-12
2018,联合基金项目,A01,243,U1836218,F060301,行为大数据模式识别理论及方法研究,吴小俊,江南大学,259,2019-01至2022-12
2018,联合基金项目,A01,244,U1804105,L15,双苯噁唑酸对玉米烟嘧磺隆耐药性影响机制研究,吴仁海,河南省农业科学院,43,2019-01至2021-12
2018,联合基金项目,A01,245,U1866210,E070402,具有交直流互联的电力系统能量协调暂态稳定控制研究,吴青华,华南理工大学,260,2019-01至2022-12
2018,联合基金项目,A01,246,U1833106,F01,面向民机复合材料蒙皮维修曲面打磨的非对称并联机构性能研究,吴孟丽,中国民航大学,36,2019-01至2021-12
2018,联合基金项目,A01,247,U1804113,L15,Zm-Prx5在玉米茎腐病抗性中的调控作用及分子机制研究,吴刘记,河南农业大学,49,2019-01至2021-12
2018,联合基金项目,A01,248,U1810116,E020801,碳纤维表面构筑碳纳米管网笼结构用于增强碳纤维/热塑性树脂界面,吴刚平,中国科学院山西煤炭化学研究所,61,2019-01至2021-12
2018,联合基金项目,A01,249,U1862108,B08,稀土催化剂催化丁烯-1/1,3-丁二烯高顺式共聚合制备新型橡胶,吴春姬,中国科学院长春应用化学研究所,42,2019-01至2021-12
2018,联合基金项目,A01,250,U1866201,E070104,一二次融合电信号智能量测设备在暂态强电磁干扰下的失效机理及主动防护技术,邬雄,中国电力科学研究院有限公司,260,2019-01至2022-12
2018,联合基金项目,A01,251,U1804118,L15,猪抵抗素通过线粒体数量调控肌源性MSCs成脂分化与肌内脂肪沉积,文凤云,河南科技大学,48,2019-01至2021-12
2018,联合基金项目,A01,252,U1838109,A03,射电脉冲星磁层变化的多波段辐射研究,温志刚,中国科学院新疆天文台,46,2019-01至2021-12
2018,联合基金项目,A01,253,U1830126,A06,伽马射线源的多模态高分辨率定量重建与增强现实,温俊海,北京理工大学,62,2019-01至2021-12
2018,联合基金项目,A01,254,U1804138,L04,一维GeO2纳米材料的液相法可控制备及储锂性能研究,魏伟,商丘师范学院,48,2019-01至2021-12
2018,联合基金项目,A01,255,U1831122,A0901,利用FAST的射电观测检验相对论基本假设,魏俊杰,中国科学院紫金山天文台,60,2019-01至2021-12
2018,联合基金项目,A01,256,U1832201,A0803,重离子与原子分子碰撞过程中电荷交换反应绝对截面的精密测量,魏宝仁,复旦大学,252,2019-01至2022-12
2018,联合基金项目,A01,257,U1805232,L01,闽台稻瘟病菌群体变异及致灾机制研究,王宗华,福建农林大学,232,2019-01至2022-12
2018,联合基金项目,A01,258,U1810118,E030702,高性能煤基苯并噁嗪的合成、结构与性能研究,王智,中北大学,61,2019-01至2021-12
2018,联合基金项目,A01,259,U1832206,A0803,离子辐照/LBE腐蚀协同作用引起铁铬基合金结构演化的机理研究,王志光,中国科学院近代物理研究所,254,2019-01至2022-12
2018,联合基金项目,A01,260,U1803263,L05,公共安全领域的多源、时空大数据感知、融合及分析研究,王震,西北工业大学,255,2019-01至2022-12
2018,联合基金项目,A01,261,U1804142,L04,金刚石磨料固结研抛垫磨料射流自适应修整机理研究,王占奎,河南科技学院,48,2019-01至2021-12
2018,联合基金项目,A01,262,U1839208,D0402,六分量地震波场的模拟与观测,王赟,中国地质大学（北京）,228,2019-01至2022-12
2018,联合基金项目,A01,263,U1836206,F0205,基于开放知识网络的特定目标隐含线索发现研究,王元卓,中国科学院计算技术研究所,251,2019-01至2022-12
2018,联合基金项目,A01,264,U1803342,L08,干旱区盐碱土改良与盐渍化控制进程中的碳收益研究,王玉刚,中国科学院新疆生态与地理研究所,90,2019-01至2022-12
2018,联合基金项目,A01,265,U1802241,L03,澜沧江深大水库生源物质循环规律演变及水生态效应研究,王雨春,中国水利水电科学研究院,219,2019-01至2022-12
2018,联合基金项目,A01,266,U1810115,E020603,石墨烯水凝胶构架材料结构调控对准固态超级电容器增容效应影响,王永祯,太原理工大学,61,2019-01至2021-12
2018,联合基金项目,A01,267,U1801252,L04,骨科植入材料的表面功能化构建及基础科学问题研究,王迎军,华南理工大学,255,2019-01至2022-12
2018,联合基金项目,A01,268,U1804132,L04,高性能无枝晶三维石墨烯泡沫纳米复合材料钠金属负极机理和应用研究,王烨,郑州大学,49,2019-01至2021-12
2018,联合基金项目,A01,269,U1862114,B08,表面接力催化低碳分子转化制备甲基丙烯酸甲酯的新催化体系研究,王业红,中国科学院大连化学物理研究所,42,2019-01至2021-12
2018,联合基金项目,A01,270,U1832120,A0803,HIRFL上物理目标相关的若干重要形变核的结构研究,王艳召,石家庄铁道大学,54,2019-01至2021-12
2018,联合基金项目,A01,271,U1833126,F01,高度自动化系统对管制员行为影响研究,王艳军,南京航空航天大学,34,2019-01至2021-12
2018,联合基金项目,A01,272,U1804181,L02,扶正祛邪复方调控lncRNA,AB073614/MAPK、AKT信号轴抑制卵巢癌增殖转移的研究,王艳春,郑州大学,48,2019-01至2021-12
2018,联合基金项目,A01,273,U1804262,L05,基于生物计算的食管癌早期预测模型研究,王延峰,郑州轻工业学院,218,2019-01至2022-12
2018,联合基金项目,A01,274,U1804175,L02,基于TGF-β1/Smad通路的巧玲花糖苷类物质抗肝纤维化及机制,王新胜,河南科技大学,48,2019-01至2021-12
2018,联合基金项目,A01,275,U1804145,L04,薄壁轴承套圈超声滚挤压表层性能及其精确控制研究,王晓强,河南科技大学,48,2019-01至2021-12
2018,联合基金项目,A01,276,U1804168,L02,基于MAR的新型通用性非病毒附着体载体的分子优化及调控机制,王小引,新乡医学院,49,2019-01至2021-12
2018,联合基金项目,A01,277,U1804166,L02,NLRP3炎性小体活化在心源性肾功能障碍中的作用及机制研究,王现伟,新乡医学院,49,2019-01至2021-12
2018,联合基金项目,A01,278,U1804177,L02,腺苷A2A受体-cAMP-PKA信号通路介导咖啡因抗氧化应激减轻高氧肺损伤的作用研究,王席娟,郑州大学,48,2019-01至2021-12
2018,联合基金项目,A01,279,U1834202,E050402,高速列车齿轮箱轴承服役性能演化与疲劳可靠性研究,王曦,北京交通大学,229,2019-01至2022-12
2018,联合基金项目,A01,280,U1833112,F01,基于PPM信号特点的星基ADS-B多重交织信号分离算法研究,王文益,中国民航大学,34,2019-01至2021-12
2018,联合基金项目,A01,281,U1838103,A03,利用HXMT研究X射线双星能谱特征与光度的演化关系,王伟,武汉大学,49,2019-01至2021-12
2018,联合基金项目,A01,282,U1830110,A06,超精密气体静压轴承自激振动机理及抑制方法研究,王伟,电子科技大学,62,2019-01至2021-12
2018,联合基金项目,A01,283,U1806204,F030920,多水下作业机器人分布式协同控制基础理论与关键技术研究,王伟,山东大学,285,2019-01至2022-12
2018,联合基金项目,A01,284,U1867207,B060505,高放废物地质处置用玻璃固化体的辐射坚稳性研究与评估,王铁山,兰州大学,268,2019-01至2022-12
2018,联合基金项目,A01,285,U1804100,L15,异源转录因子lpRpoD调控大肠杆菌抵抗乙酸胁迫的机制研究,王天文,信阳师范学院,48,2019-01至2021-12
2018,联合基金项目,A01,286,U1810128,E060408,固废原位矿化二氧化碳的离子析出机制和矿相界面特性研究,王涛,浙江大学,61,2019-01至2021-12
2018,联合基金项目,A01,287,U1803264,L05,面向公共安全的视频信息处理技术研究,王松,天津大学,249,2019-01至2022-12
2018,联合基金项目,A01,288,U1832210,A0806,CSNS加速器功率升级关键理论和技术问题研究,王生,东莞中子科学中心,254,2019-01至2022-12
2018,联合基金项目,A01,289,U1813204,F0309,动态环境下肝脏消融机器人多针手术规划与精准控制方法研究,王平安,中国科学院深圳先进技术研究院,295,2019-01至2022-12
2018,联合基金项目,A01,290,U1867212,A050303,近垒重离子诱发裂变反应机制研究,王宁,广西师范大学,260,2019-01至2022-12
2018,联合基金项目,A01,291,U1836112,F020303,基于硬件辅助安全增强的无先验知识的虚拟化平台内核层恶意行为深度检测与动态防御研究,王丽娜,武汉大学,65,2019-01至2021-12
2018,联合基金项目,A01,292,U1804178,L02,Nr4a1通过STAT3调控Th17/Treg细胞分化及小胶质细胞/巨噬细胞M1/M2极化而影响实验性自身免疫性脑脊髓炎的机制研究,王莉梅,郑州大学,48,2019-01至2021-12
2018,联合基金项目,A01,293,U1804183,L02,肿瘤“主动招募”式仿生纳米“特工”对乳腺癌的治疗研究,王蕾,郑州大学,48,2019-01至2021-12
2018,联合基金项目,A01,294,U1805233,L01,青蟹抗菌肽在发育与生殖关键过程中的生发规律及其受激素调控的分子免疫机制,王克坚,厦门大学,229,2019-01至2022-12
2018,联合基金项目,A01,295,U1865103,E090701,考虑颗粒破碎影响的堆石料临界状态理论及本构模型,王俊杰,重庆交通大学,50,2019-01至2021-12
2018,联合基金项目,A01,296,U1831203,A0902,空间应用mK温区制冷系统关键技术研究,王俊杰,中国科学院理化技术研究所,255,2019-01至2022-12
2018,联合基金项目,A01,297,U1831205,A0901,近邻星系的弥散电离气体研究,王俊峰,厦门大学,255,2019-01至2022-12
2018,联合基金项目,A01,298,U1862203,B08,聚乙烯链段生长的休眠机制与聚集态结构调控,王靖岱,浙江大学,240,2019-01至2022-12
2018,联合基金项目,A01,299,U1804127,L04,有机溶剂高效分离用层状复合膜的制备与应用基础研究,王景涛,郑州大学,49,2019-01至2021-12
2018,联合基金项目,A01,300,U1806201,F011310,,面向复杂海洋环境的水下装备间高速可靠数据传输关键技术,王景景,青岛科技大学,278,2019-01至2022-12
2018,联合基金项目,A01,301,U1831109,A0901,G型相接双星磁场活动的观测与研究,王晶晶,中国石油大学（北京）,42,2019-01至2021-12
2018,联合基金项目,A01,302,U1862104,B08,基于数字孪生的炼化关键装备虚实融合诊断机制与早期预警方法研究,王金江,中国石油大学（北京）,42,2019-01至2021-12
2018,联合基金项目,A01,303,U1804102,L15,小麦多粒新种质“普冰3228”穗粒数主效QTL,精细定位与候选基因分析,王健胜,平顶山学院,49,2019-01至2021-12
2018,联合基金项目,A01,304,U1804190,L02,Th2细胞对高脂饮食诱导的肥胖小鼠脂肪肝形成及代谢异常的影响,王辉,新乡医学院,48,2019-01至2021-12
2018,联合基金项目,A01,305,U1833110,F01,面向复杂数据的民机系统可靠性智能监测研究,王华伟,南京航空航天大学,34,2019-01至2021-12
2018,联合基金项目,A01,306,U1804158,L05,时滞微分包含系统的脉冲控制及其在不确定型神经网络中的应用,王华敏,洛阳师范学院,48,2019-01至2021-12
2018,联合基金项目,A01,307,U1833103,F01,多扇区空中交通复杂性扩散机理及控制策略研究：基于复杂网络视角,王红勇,中国民航大学,34,2019-01至2021-12
2018,联合基金项目,A01,308,U1867221,A050508,温度层结条件下气载污染物迁移扩散规律,王汉青,南华大学,270,2019-01至2022-12
2018,联合基金项目,A01,309,U1804235,L15,玉米籽粒品质决定基因的克隆与调控网络解析,王桂凤,河南农业大学,209,2019-01至2022-12
2018,联合基金项目,A01,310,U1831204,A0904,SKA宽视场高动态成像数据处理关键技术研究,王锋,广州大学,293,2019-01至2022-12
2018,联合基金项目,A01,311,U1804187,L02,光声成像技术监测下超声微泡靶向显影并介导BDNF基因精准治疗孤独症效果的研究,王峰,新乡医学院,48,2019-01至2021-12
2018,联合基金项目,A01,312,U1811462,F02,基于大数据的地方金融安全智能预警与防控系统,王帆,中山大学,2155,2019-01至2022-12
2018,联合基金项目,A01,313,U1831207,A0901,天体高能爆发的物理机制和地球环境,王发印,南京大学,250,2019-01至2022-12
2018,联合基金项目,A01,314,U1806230,E091003,自升式平台桩靴基础的全工作周期稳定性分析,王栋,中国海洋大学,280,2019-01至2022-12
2018,联合基金项目,A01,315,U1804174,L02,Sirt3介导F1FO-ATP合成酶β亚基去乙酰化调控线粒体功能对阿尔茨海默病认知的作用及机制研究,王冬梅,河南科技大学,48,2019-01至2021-12
2018,联合基金项目,A01,316,U1808213,E050102,机床精度的机构弹性误差运动学与动力学理论基础研究,王德伦,大连理工大学,248,2019-01至2022-12
2018,联合基金项目,A01,317,U1832207,A0801,BESIII大统计量,J/psi样本中基本守恒律的实验检验,王大勇,北京大学,248,2019-01至2022-12
2018,联合基金项目,A01,318,U1804191,L02,端粒结合蛋白TRF1介导的CDK1-Plk1-AuroraB磷酸化信号通路在调控白血病细胞染色体不稳定性中的作用及机制研究,王冲,郑州大学,48,2019-01至2021-12
2018,联合基金项目,A01,319,U1802253,L07,含铷云母精矿中铝钾铷的协同提取新技术基础,王成彦,北京科技大学,218,2019-01至2022-12
2018,联合基金项目,A01,320,U1801255,L04,过渡族金属氧化物纳米复合材料的高首效储锂,王成新,中山大学,255,2019-01至2022-12
2018,联合基金项目,A01,321,U1866207,E070401,智能配电系统源-网-荷形态特征演变分析及协调规划理论,王成山,天津大学,260,2019-01至2022-12
2018,联合基金项目,A01,322,U1830139,A06,凝聚炸药爆轰高分辨率自适应模拟方法研究,王成,北京理工大学,64,2019-01至2021-12
2018,联合基金项目,A01,323,U1803102,L10,转录因子调控单叶蔷薇耐旱的作用机制解析,王长泉,南京农业大学,56,2019-01至2021-12
2018,联合基金项目,A01,324,U1804156,L05,有机界面层钙钛矿太阳能电池的稳定性,王彬彬,河南理工大学,48,2019-01至2021-12
2018,联合基金项目,A01,325,U1832102,A0802,钙钛矿结构铱酸锶薄膜中关联拓扑量子态的同步辐射光源角分辨光电子能谱研究,汪志明,中国科学院宁波材料技术与工程研究所,54,2019-01至2021-12
2018,联合基金项目,A01,326,U1833122,F01,基于RFID的民航行李管理系统中关键密码技术的研究,汪小芬,电子科技大学,34,2019-01至2021-12
2018,联合基金项目,A01,327,U1833113,F01,机舱座垫用阻燃聚氨酯软泡的设计、制备及火安全性能研究,汪碧波,中国科学技术大学,36,2019-01至2021-12
2018,联合基金项目,A01,328,U1832170,A0802,液滴蒸发中固液界面特性对咖啡环效应的影响机制研究,万荣正,中国科学院上海应用物理研究所,54,2019-01至2021-12
2018,联合基金项目,A01,329,U1801264,L05,面向智能工厂的工业物联网关键技术研究,万加富,华南理工大学,265,2019-01至2022-12
2018,联合基金项目,A01,330,U1867204,B060301,流出物中放射性核素对敏感水生动物的辐射影响,涂彧,苏州大学,268,2019-01至2022-12
2018,联合基金项目,A01,331,U1831130,A0905,脉冲星时间尺度建立及其在守时理论中的应用,童明雷,中国科学院国家授时中心,56,2019-01至2021-12
2018,联合基金项目,A01,332,U1810109,E010302,航空用钛合金齿轮高强韧渗氮层的结构控制与性能研究,佟伟平,东北大学,61,2019-01至2021-12
2018,联合基金项目,A01,333,U1833116,F01,基于飞机CFRP层合板非线性损伤特性的冲击分析与检测研究,铁瑛,郑州大学,38,2019-01至2021-12
2018,联合基金项目,A01,334,U1804171,L02,多巴胺-褪黑素失衡通过调控RDGN信号通路促进帕金森病视网膜变性的机制研究,田田,郑州大学,48,2019-01至2021-12
2018,联合基金项目,A01,335,U1813215,F030918,面向家政作业的服务机器人的知识学习与验证,田国会,山东大学,297,2019-01至2022-12
2018,联合基金项目,A01,336,U1803233,L10,干旱区真盐生植物改良利用盐碱地的根际过程与调控,田长彦,中国科学院新疆生态与地理研究所,258,2019-01至2022-12
2018,联合基金项目,A01,337,U1836103,F010203,基于多尺度流分析的隐蔽信道检测模型和技术,田斌,中国信息安全测评中心,66,2019-01至2021-11
2018,联合基金项目,A01,338,U1862112,B08,分级孔道结构光-热协同催化剂的构建及其降解石油炼化VOCs的研究,田宝柱,华东理工大学,42,2019-01至2021-12
2018,联合基金项目,A01,339,U1833203,F01,机场净空区非合作无人机目标监视的关键技术研究,陶然,北京理工大学,210,2019-01至2022-12
2018,联合基金项目,A01,340,U1838115,A03,使用慧眼-HXMT的观测限制致密天体的一些基本参数,陶炼,中国科学院高能物理研究所,50,2019-01至2021-12
2018,联合基金项目,A01,341,U1802254,L07,多场耦合高性能锂氧电池相关机理研究,唐谊平,浙江工业大学,218,2019-01至2022-12
2018,联合基金项目,A01,342,U1806213,D0605,山东半岛潮间带大型海藻鼠尾藻对UV-B辐射增强的性别差异响应及分子调控机制研究,唐学玺,中国海洋大学,286,2019-01至2022-12
2018,联合基金项目,A01,343,U1806216,D0708,黄河三角洲土壤污染生态修复机制研究,唐景春,南开大学,282,2019-01至2022-12
2018,联合基金项目,A01,344,U1806207,D010503,山东半岛生物富集类卤代物的入海通量、行为过程与环境效应,唐建辉,中国科学院烟台海岸带研究所,281,2019-01至2022-12
2018,联合基金项目,A01,345,U1867203,B06,乏燃料后处理过程中“红油”的形成及分解机理研究,唐洪彬,中国原子能科学研究院,268,2019-01至2022-12
2018,联合基金项目,A01,346,U1832111,A0806,大空间覆盖高集成度闪烁体中子探测器关键性能研究,唐彬,中国科学院高能物理研究所,56,2019-01至2021-12
2018,联合基金项目,A01,347,U1832135,A0801,THz波段高梯度加速结构物理与实验研究,汤振兴,中国科学技术大学,54,2019-01至2021-12
2018,联合基金项目,A01,348,U1866602,E070401,基于数字仿真的大电网人工智能分析方法研究,汤涌,中国电力科学研究院有限公司,1200,2019-01至2022-12
2018,联合基金项目,A01,349,U1811263,F02,基于教育大数据的精准教学评价与学习行为预测方法研究,汤庸,华南师范大学,500,2019-01至2022-12
2018,联合基金项目,A01,350,U1865207,A050507,极低本底氡浓度测量技术研究,谭延亮,衡阳师范学院,290,2019-01至2022-12
2018,联合基金项目,A01,351,U1832143,A0801,Pt/G型反铁磁绝缘体双层膜的界面特性和自旋霍尔磁电阻,谭伟石,湖南城市学院,54,2019-01至2021-12
2018,联合基金项目,A01,352,U1837209,E0511,面向航天高温、旋转环境的硅酸镓镧声表面波无线无源温/压/振多参数集成传感器基础研究,谭秋林,中北大学,232,2019-01至2022-12
2018,联合基金项目,A01,353,U1804189,L02,基于LuxS/AI-2,群体感应探讨解毒化瘀方抑制钛表面细菌生物膜形成的作用机制,谭红略,河南省正骨研究院,48,2019-01至2021-12
2018,联合基金项目,A01,354,U1808206,F0308,网联汽车群体智能决策理论与方法研究,谭国真,大连理工大学,245,2019-01至2022-12
2018,联合基金项目,A01,355,U1832208,A0802,原子层沉积构建新型纳米催化剂及其催化机理的原位XAFS研究,覃勇,中国科学院山西煤炭化学研究所,248,2019-01至2022-12
2018,联合基金项目,A01,356,U1836217,F0603,基于面部多模态生物特征信息融合的精准身份识别方法,孙哲南,中国科学院自动化研究所,252,2019-01至2022-12
2018,联合基金项目,A01,357,U1810114,E020603,磁流变“石墨烯墨水”的可控制备及其磁场辅助熔融挤出3D打印,,孙友谊,中北大学,61,2019-01至2021-12
2018,联合基金项目,A01,358,U1860104,E04,晶界铁素体与第二相粒子协同诱导异型坯表面裂纹机理研究,孙彦辉,北京科技大学,51,2019-01至2021-12
2018,联合基金项目,A01,359,U1832209,A0805,自旋阻挫材料的强磁场物性研究,孙学峰,中国科学技术大学,256,2019-01至2022-12
2018,联合基金项目,A01,360,U1836208,F020603,基于生成式对抗网络的抗统计分析的高安全信息隐藏研究,孙星明,南京信息工程大学,253,2019-01至2022-12
2018,联合基金项目,A01,361,U1803112,L08,根区灌溉条件下新疆干旱区葡萄生长对水分的响应与调控研究,孙西欢,太原理工大学,56,2019-01至2021-12
2018,联合基金项目,A01,362,U1813205,F030902,多源信息融合的室内移动机器人定位与导航关键技术,孙炜,湖南大学,291,2019-01至2022-12
2018,联合基金项目,A01,363,U1806217,D070401,黄河三角洲盐沼湿地退化与生态保护机制研究,孙涛,北京师范大学,280,2019-01至2022-12
2018,联合基金项目,A01,364,U1832165,A0804,不同主导晶面TiO2的表面羟基精确定性及吸附、光催化降解气相芳烃研究,孙松,中国科学技术大学,54,2019-01至2021-12
2018,联合基金项目,A01,365,U1803283,L02,宫颈癌多靶点精准控释给药及其作用机制研究,孙世国,石河子大学,258,2019-01至2022-12
2018,联合基金项目,A01,366,U1802232,L06,中国西南山地植物多样性的起源进化及空间格局形成机制,孙航,中国科学院昆明植物研究所,217,2019-01至2022-12
2018,联合基金项目,A01,367,U1862120,B080402,基于CO2高效分离的共价层层组装构建超薄Cardo型固有微孔聚合物膜及其性能调控,孙海翔,中国石油大学（华东）,42,2019-01至2021-12
2018,联合基金项目,A01,368,U1830205,A06,自旋回波极化中子分析新方法的研究,孙光爱,中国工程物理研究院核物理与化学研究所,256,2019-01至2022-12
2018,联合基金项目,A01,369,U1832211,A0803,基于CSR的sd壳原子核幻数演化的实验研究,孙保华,北京航空航天大学,254,2019-01至2022-12
2018,联合基金项目,A01,370,U1808207,F030802,网联汽车群体智能协同网络通信的决策理论和方法,苏洲,上海大学,249,2019-01至2022-12
2018,联合基金项目,A01,371,U1803103,L10,特有珍稀濒危植物沙生柽柳适应干旱的生理机制与分子基础,苏志豪,中国科学院新疆生态与地理研究所,56,2019-01至2021-12
2018,联合基金项目,A01,372,U1803108,L10,马腺疫链球菌毒力因子遗传多态性与其毒力及致病性关系的研究,苏艳,新疆农业大学,56,2019-01至2021-12
2018,联合基金项目,A01,373,U1867211,A050303,伽玛全能量测量方法及其在反应堆衰变热计算中的应用,苏俊,中国原子能科学研究院,270,2019-01至2022-12
2018,联合基金项目,A01,374,U1805244,L03,海峡两岸流域尺度典型新兴污染物污染特征和生态效应,苏建强,中国科学院城市环境研究所,226,2019-01至2022-12
2018,联合基金项目,A01,375,U1806205,F0310,海量数据驱动下的高分辨率海洋数值模式关键算法研究,宋振亚,自然资源部第一海洋研究所,267,2019-01至2022-12
2018,联合基金项目,A01,376,U1832105,A0803,丰质子奇特核17F在铅靶上的破裂实验研究,宋玉收,哈尔滨工程大学,54,2019-01至2021-12
2018,联合基金项目,A01,377,U1804179,L02,基于点击化学和蛋白质组学筛选和鉴定雷公藤治疗类风湿关节炎的靶点蛋白,宋新强,信阳师范学院,45,2019-01至2021-12
2018,联合基金项目,A01,378,U1804176,L02,茄呢醇衍生物的合成及其胶束作为活性药物载体的协同抗肿瘤作用,宋仕永,河南大学,48,2019-01至2021-12
2018,联合基金项目,A01,379,U1832178,A0806,Zr1-xTixCo,贮氚合金的原位中子衍射实验研究,宋江锋,中国工程物理研究院材料研究所,54,2019-01至2021-12
2018,联合基金项目,A01,380,U1801253,L04,稀土掺杂纳米晶上转换发光中的局域电磁场调控与应用,宋宏伟,吉林大学,255,2019-01至2022-12
2018,联合基金项目,A01,381,U1804123,L04,点缺陷对高熵合金结构与性能影响的理论研究,宋宏权,周口师范学院,49,2019-01至2021-12
2018,联合基金项目,A01,382,U1830106,A06,严酷环境条件下锂离子电池及其关键材料的失效机制研究,舒杰,宁波大学,62,2019-01至2021-12
2018,联合基金项目,A01,383,U1832183,A0802,铝合金晶粒细化过程中溶质抑制形核区的同步辐射成像研究,疏达,上海交通大学,54,2019-01至2021-12
2018,联合基金项目,A01,384,U1808216,E050801,金属芯骨-可变区域性能复杂砂型一体化激光3D打印原理与方法,史玉升,华中科技大学,251,2019-01至2022-12
2018,联合基金项目,A01,385,U1837205,E0307,航天贮箱用树脂基复合材料与液氧交互作用机理及性能演变规律,史汉桥,航天材料及工艺研究所,232,2019-01至2022-12
2018,联合基金项目,A01,386,U1802283,L02,非条件性刺激唤起-消退范式消除海洛因成瘾记忆的作用及其神经生物学机制,时杰,北京大学,220,2019-01至2022-12
2018,联合基金项目,A01,387,U1839207,D0402,大数据与地震数值预测探索,石耀霖,中国科学院大学,233,2019-01至2022-12
2018,联合基金项目,A01,388,U1806214,D0605,基于陆海统筹的多重人类活动对山东海湾生态系统的协同影响及适应性调控机制,石洪华,自然资源部第一海洋研究所,276,2019-01至2022-12
2018,联合基金项目,A01,389,U1804284,L02,精神分裂症遗传与微生物组的交互作用及其机制研究,师咏勇,上海交通大学,210,2019-01至2022-12
2018,联合基金项目,A01,390,U1834206,E0806,寒区高速铁路非饱和土路基水气迁移冻融机理及服役性能演化规律研究,盛岱超,中南大学,229,2019-01至2022-12
2018,联合基金项目,A01,391,U1834201,E050303,高速铁路噪声产生机理、传播规律及控制对策研究,圣小珍,西南交通大学,229,2019-01至2022-12
2018,联合基金项目,A01,392,U1803121,L02,维生素D受体调控脂代谢和胰岛素抵抗及其在脂肪肝中的作用和机制研究,沈哲,浙江大学,56,2019-01至2021-12
2018,联合基金项目,A01,393,U1830202,A06,离子液体中镧系元素的配位化学及其痕量离子的萃取研究,沈兴海,北京大学,256,2019-01至2022-12
2018,联合基金项目,A01,394,U1836115,F020601,面向通用数据库的数据安全保护关键技术研究,沈剑,南京信息工程大学,67,2019-01至2021-12
2018,联合基金项目,A01,395,U1810124,E050202,煤矿深井大吨位提升容器高速安全运行电液智能调控方法,沈刚,中国矿业大学,61,2019-01至2021-12
2018,联合基金项目,A01,396,U1831211,A0903,TMT大口径宽角谱介质膜分色镜关键技术研究,邵建达,中国科学院上海光学精密机械研究所,250,2019-01至2022-12
2018,联合基金项目,A01,397,U1811262,F02,基于大数据的精准教学评价和学习行为预测理论和方法研究,尚学群,西北工业大学,481,2019-01至2022-12
2018,联合基金项目,A01,398,U1831121,A0901,融合太阳磁场和黑子序列特征的太阳耀斑深度学习预报模型研究,桑永胜,四川大学,60,2019-01至2021-12
2018,联合基金项目,A01,399,U1806219,E010901,海洋环境用新型多元钛合金的液态结构与超常凝固机理研究,阮莹,西北工业大学,280,2019-01至2022-12
2018,联合基金项目,A01,400,U1831107,A0901,太阳大气中小尺度磁活动的精细结构研究,阮桂平,山东大学,50,2019-01至2021-12
2018,联合基金项目,A01,401,U1862113,B08,基于酸性功能型离子液体“氧化-萃取”一锅法超深度脱硫技术研究,任钟旗,北京化工大学,42,2019-01至2021-12
2018,联合基金项目,A01,402,U1810127,E060404,煤气化细灰熔融过程铁的价态对熔渣流动特性的影响机理,任强强,中国科学院工程热物理研究所,61,2019-01至2021-12
2018,联合基金项目,A01,403,U1860102,E04,反应烧结碳热还原含钛高炉渣及其在导电混凝土中的应用基础研究,冉松林,安徽工业大学,50,2019-01至2021-12
2018,联合基金项目,A01,404,U1832112,A0803,Cr涂层Zr-4合金的研制及其辐照与腐蚀行为研究,冉广,厦门大学,54,2019-01至2021-12
2018,联合基金项目,A01,405,U1833105,F01,融合气象和航班信息的基于深度学习的航班延误预测方法研究,屈景怡,中国民航大学,34,2019-01至2021-12
2018,联合基金项目,A01,406,U1803232,L10,新疆大型真菌多样性及其与生境的关系,邱君志,福建农林大学,263,2019-01至2022-12
2018,联合基金项目,A01,407,U1802234,L06,迪庆藏猪肠道微生物高效利用日粮纤维组分的机制研究,谯仕彦,中国农业大学,216,2019-01至2022-12
2018,联合基金项目,A01,408,U1810121,E041004,矿用输送带损伤线性调频红外检测方法研究,乔铁柱,太原理工大学,60,2019-01至2021-12
2018,联合基金项目,A01,409,U1806209,D0219,近海金矿深部岩体力学特征与高效安全开采技术研究,乔兰,北京科技大学,277,2019-01至2022-12
2018,联合基金项目,A01,410,U1832202,A0802,拓扑物态电子结构,钱天,中国科学院物理研究所,256,2019-01至2022-12
2018,联合基金项目,A01,411,U1833123,F01,随机激励飞机荷载作用下道基空间变形行为,钱劲松,同济大学,38,2019-01至2021-12
2018,联合基金项目,A01,412,U1832147,A0805,强磁场下磁性拓扑量子材料AMnPn2（A,=,Ca,,Sr,,Ba，Eu;,Pn,=,Sb,,Bi）的基态调控和多种量子态间耦合机制研究,钱斌,常熟理工学院,54,2019-01至2021-12
2018,联合基金项目,A01,413,U1830136,A06,AlON透明陶瓷的阻抗匹配设计与冲击物性研究,齐建起,四川大学,64,2019-01至2021-12
2018,联合基金项目,A01,414,U1803125,L02,柚皮素通过NF-κB/NLRP3通路抗炎抑制非酒精性脂肪肝的作用研究,祁荣,北京大学,56,2019-01至2021-12
2018,联合基金项目,A01,415,U1810106,D071102,高硫易燃矸石山堆积体自燃机理与阻燃机制,戚绪尧,中国矿业大学,62,2019-01至2021-12
2018,联合基金项目,A01,416,U1810120,E0402,基于电阻率管道内充填料浆动态成形监测与泵送协同控制系统研究,戚庭野,太原理工大学,61,2019-01至2021-12
2018,联合基金项目,A01,417,U1803118,L08,基于分数阶渗流蠕变模型的充填开采岩层稳定性研究,浦海,新疆工程学院,56,2019-01至2021-12
2018,联合基金项目,A01,418,U1813217,F030920,复杂海洋环境下无人艇自主感知与决策关键技术,彭艳,上海大学,296,2019-01至2022-12
2018,联合基金项目,A01,419,U1834209,E080704,基于协同指挥的高铁智能调度理论与方法研究,彭其渊,西南交通大学,229,2019-01至2022-12
2018,联合基金项目,A01,420,U1833202,F01,飞机表面超疏水涂层防冰技术及理论研究,彭华乔,中国民用航空总局第二研究所,210,2019-01至2022-12
2018,联合基金项目,A01,421,U1836205,F020204,数据共享应用的块数据融合分析理论与安全管控模型研究,彭长根,贵州大学,243,2019-01至2022-12
2018,联合基金项目,A01,422,U1804128,L04,基于活性/可控聚合的新型功能嵌段共聚物通用单分子纳米反应器可控制备两面神结构无机纳米晶体复合材料,庞新厂,郑州大学,49,2019-01至2021-12
2018,联合基金项目,A01,423,U1860105,E04,基于传统连退工艺高强塑Q&P钢多元增塑机制及组织调控技术,潘红波,安徽工业大学,52,2019-01至2021-12
2018,联合基金项目,A01,424,U1804195,L02,ASIC2/TRPV4在阻塞性睡眠呼吸暂停相关胃食管反流病中的作用机制探讨,欧阳松云,郑州大学,48,2019-01至2021-12
2018,联合基金项目,A01,425,U1808210,E0214,核用高纯硼酸裸露晶面重构及速溶性和腐蚀性调控研究,宁桂玲,大连理工大学,250,2019-01至2022-12
2018,联合基金项目,A01,426,U1803111,L10,非编码RNA在调控BVDV复制中的功能及机制研究,倪伟,石河子大学,56,2019-01至2021-12
2018,联合基金项目,A01,427,U1805235,L01,福建特色柑橘类水果琯溪蜜柚有效成分的确定及增值利用途径探索,倪辉,集美大学,220,2019-01至2022-12
2018,联合基金项目,A01,428,U1830129,A06,固体介质表面复合微结构对真空沿面闪络特性影响及绝缘性能提升技术研究,穆海宝,西安交通大学,62,2019-01至2021-12
2018,联合基金项目,A01,429,U1802282,L02,云南省农村傣族作为粪菌移植供体治疗溃疡性结肠炎的作用和机制研究,缪应雷,昆明医科大学,226,2019-01至2022-12
2018,联合基金项目,A01,430,U1837202,E020403,太赫兹连续波在航天器多孔陶瓷材料中传输机理研究,缪寅宵,北京航天计量测试技术研究所,225,2019-01至2022-12
2018,联合基金项目,A01,431,U1832191,A0806,基于中子衍射研究锰钴锗基合金磁-结构耦合机制及调控行为,缪雪飞,南京理工大学,54,2019-01至2021-12
2018,联合基金项目,A01,432,U1830131,A06,高击穿场强有机包覆纳米粒子/聚丙烯复合电介质的制备与击穿机理,闵道敏,西安交通大学,62,2019-01至2021-12
2018,联合基金项目,A01,433,U1804126,L04,异相/异质结构镍钴基化合物的构筑及其离子/电子传导性能的优化研究,米立伟,中原工学院,49,2019-01至2021-12
2018,联合基金项目,A01,434,U1809220,E0508,多孔金属-波纹基板层叠型自热重整制氢微反应器设计与制造基础研究,梅德庆,浙江大学,200,2019-01至2022-12
2018,联合基金项目,A01,435,U1836220,F060306,复杂环境下语音数据的说话人识别及关键词关联检索,毛启容,江苏大学,247,2019-01至2022-12
2018,联合基金项目,A01,436,U1833111,F01,基于激光雷达和大气透射仪的机场能见度联合探测关键技术,马愈昭,中国民航大学,34,2019-01至2021-12
2018,联合基金项目,A01,437,U1830118,A06,平板微流道流场-热-光耦合机理研究,马宇,中山大学,62,2019-01至2021-12
2018,联合基金项目,A01,438,U1838111,A03,HXMT对X射线双星时变性质的观测研究,马想,中国科学院高能物理研究所,50,2019-01至2021-12
2018,联合基金项目,A01,439,U1832152,A0802,基于同步辐射XAFS技术研究阳离子骨架基多硫化物复合材料从盐湖卤水中富集铀的机理,马淑兰,北京师范大学,54,2019-01至2021-12
2018,联合基金项目,A01,440,U1839211,D0411,断层亚失稳与地震短临前兆物理机制的实验和数值模拟研究,,马胜利,中国地震局地质研究所,232,2019-01至2022-12
2018,联合基金项目,A01,441,U1831137,A0902,深空探测弱DOR信标的射电干涉处理,马茂莉,中国科学院上海天文台,50,2019-01至2021-12
2018,联合基金项目,A01,442,U1830108,A06,镍包覆碳纳米管复合薄膜的制备及电磁防护性能研究,吕银祥,复旦大学,62,2019-01至2021-12
2018,联合基金项目,A01,443,U1811463,F02,基于大数据的智慧交通基础理论与关键技术,吕卫锋,北京航空航天大学,2155,2019-01至2022-12
2018,联合基金项目,A01,444,U1862201,B08,聚丙烯反应器放大过程的多尺度传递与反应特性研究,罗正鸿,上海交通大学,240,2019-01至2022-12
2018,联合基金项目,A01,445,U1862115,B08,后过渡金属有机配合物催化乙烯和极性单体共聚机理与催化剂理论分子设计,罗一,大连理工大学,42,2019-01至2021-12
2018,联合基金项目,A01,446,U1832141,A0805,维度对过渡金属二硫族化合物Td-MoTe2基态性质的调控研究,罗轩,中国科学院合肥物质科学研究院,54,2019-01至2021-12
2018,联合基金项目,A01,447,U1836106,F0202,深度强化学习框架下基于序列分析的工控系统恶意软件识别及预警技术研究,罗熊,北京科技大学,67,2019-01至2021-12
2018,联合基金项目,A01,448,U1833117,F01,视觉辅助的飞行校验关键技术研究,罗晓燕,北京航空航天大学,34,2019-01至2021-12
2018,联合基金项目,A01,449,U1802281,L02,选择性抑制肿瘤干细胞的甾体皂苷结构功能与药理机制,,罗晓东,中国科学院昆明植物研究所,226,2019-01至2022-12
2018,联合基金项目,A01,450,U1804263,L05,图像隐蔽通信的行为发现与主体定位关键问题研究,罗向阳,中国人民解放军战略支援部队信息工程大学,208,2019-01至2022-12
2018,联合基金项目,A01,451,U1804148,L05,电磁超表面实现菲涅耳区无线能量传输的机理与方法研究,罗文宇,华北水利水电大学,47,2019-01至2021-12
2018,联合基金项目,A01,452,U1832121,A0801,在BESIII上通过J/ψ->U,l+l-衰变过程对质量在1GeV以下暗光子的寻找与研究,罗涛,复旦大学,54,2019-01至2021-12
2018,联合基金项目,A01,453,U1804125,L04,B位离子对二维三角磁体多铁性调控与机制研究,罗世钧,华北水利水电大学,37,2019-01至2021-12
2018,联合基金项目,A01,454,U1832169,A0804,新型极化正电子源的理论与模拟研究,罗箐,中国科学技术大学,54,2019-01至2021-12
2018,联合基金项目,A01,455,U1803243,L08,中亚锡尔河流域水土开发和水利基础设施建设引起土地利用与覆被变化的气候与生态效应,罗格平,中国科学院新疆生态与地理研究所,256,2019-01至2022-12
2018,联合基金项目,A01,456,U1867202,E0104,失水事故下锆合金包壳燃料元件关键特性研究,栾佰峰,重庆大学,267,2019-01至2022-12
2018,联合基金项目,A01,457,U1832137,A0805,强磁场下铁锰基纳米结构生长调控及其磁行为高分辨成像,陆轻铱,南京大学,54,2019-01至2021-12
2018,联合基金项目,A01,458,U1860203,E04,高炉风口小套防护覆层的界面调控机制与服役强化实践,鲁雄刚,上海大学,300,2019-01至2022-12
2018,联合基金项目,A01,459,U1839209,D0402,基于密集台阵的活断层高分辨率地震干涉成像新方法,鲁来玉,中国地震局地球物理研究所,225,2019-01至2022-12
2018,联合基金项目,A01,460,U1813218,F060303,面向服务机器人的人体动作分析与识别,鲁继文,清华大学,290,2019-01至2022-12
2018,联合基金项目,A01,461,U1806222,E020501,高耐久海工混凝土组成结构设计和关键技术及其应用基础研究,芦令超,济南大学,280,2019-01至2022-12
2018,联合基金项目,A01,462,U1803331,L10,荒漠一年生短命植物植冠种子库：成因、生理与分子机制及其适应意义,芦娟娟,新疆农业大学,90,2019-01至2022-12
2018,联合基金项目,A01,463,U1804155,L05,金刚石/氧锌镁pn异质结深紫外发光器件研究,卢英杰,郑州大学,48,2019-01至2021-12
2018,联合基金项目,A01,464,U1810110,E010504,煤沥青衍生碳/金属基复合储能纳米材料的设计及其在锌离子电池中的应用研究,卢锡洪,中山大学,61,2019-01至2021-12
2018,联合基金项目,A01,465,U1804103,L15,基于陆海近等基因渐渗系的纤维长度相关QTL(qFL-12-2)精细定位与候选基因鉴定,卢全伟,安阳工学院,48,2019-01至2021-12
2018,联合基金项目,A01,466,U1862202,B08,基于离心力场-移动床协同强化机制的气固两相分离特性,卢春喜,中国石油大学（北京）,240,2019-01至2022-12
2018,联合基金项目,A01,467,U1804121,L04,镁基合金Mg-RE-H(RE=La,Ce,Nb,Y,Sc)的微观结构与储氢性研究,卢成,南阳师范学院,49,2019-01至2021-12
2018,联合基金项目,A01,468,U1832156,A0804,铜基催化剂表面结构对于催化二氧化碳与含氮化合物反应的性能调控研究,龙冉,中国科学技术大学,56,2019-01至2021-12
2018,联合基金项目,A01,469,U1830124,A06,钚镓合金中氦泡形核生长及界面元素偏析行为的相场研究,柳文波,西安交通大学,62,2019-01至2021-12
2018,联合基金项目,A01,470,U1867214,A050305,强流丰中子核束的产生、纯化与鉴别技术研究,柳卫平,中国原子能科学研究院,278,2019-01至2022-12
2018,联合基金项目,A01,471,U1862116,B08,甲烷与二氧化碳加压重整制合成气反应机理及高性能镍基催化剂研究,刘忠文,陕西师范大学,42,2019-01至2021-12
2018,联合基金项目,A01,472,U1831210,A0904,一米新真空太阳望远镜数据系统优化与集成,刘忠,中国科学院云南天文台,282,2019-01至2022-12
2018,联合基金项目,A01,473,U1867209,A05,分子影像辅助的新型硼中子俘获治疗药物摄取机制及治疗束品质表征的研究,刘志博,北京大学,270,2019-01至2022-12
2018,联合基金项目,A01,474,U1830133,A06,基于多应力时间效应的引信控制系统故障预测及健康管理方法研究,刘震,电子科技大学,64,2019-01至2021-12
2018,联合基金项目,A01,475,U1830115,A06,高聚物粘结颗粒体裂纹萌生与自愈机理研究,刘占芳,重庆大学,64,2019-01至2021-12
2018,联合基金项目,A01,476,U1832145,A0801,单原子修饰金属有机框架材料的设计合成及其光催化构效关系的X射线吸收精细结构研究,刘媛媛,山东大学,54,2019-01至2021-12
2018,联合基金项目,A01,477,U1830137,A06,电子封装材料用碳基助剂的导热阻燃协同机理研究,刘渊,四川大学,62,2019-01至2021-12
2018,联合基金项目,A01,478,U1804261,L05,高精度金属冶炼在线辐射测温理论及应用研究,刘玉芳,河南师范大学,234,2019-01至2022-12
2018,联合基金项目,A01,479,U1803245,L08,树轮多指标反映的300年来塔里木河流域水资源变化,刘禹,中国科学院地球环境研究所,255,2019-01至2022-12
2018,联合基金项目,A01,480,U1832132,A0801,高能环形对撞机真空部件材料的二次电子发射特性研究,刘瑜冬,中国科学院高能物理研究所,56,2019-01至2021-12
2018,联合基金项目,A01,481,U1832139,A0803,基于兰州强流重离子加速器装置的丰中子重核及超重核结构的研究,刘艳鑫,湖州师范学院,54,2019-01至2021-12
2018,联合基金项目,A01,482,U1833102,F01,面向大数据的机场协同频谱感知及智能频谱管理研究,刘鑫,大连理工大学,38,2019-01至2021-12
2018,联合基金项目,A01,483,U1804160,L05,基于磁控溅射技术制备高p型掺杂硒化锑薄膜及其光伏器件性能研究,刘新胜,河南大学,49,2019-01至2021-12
2018,联合基金项目,A01,484,U1832138,A0805,强磁场下磁耦合复合纤维及其图案化多层薄膜的制备与电磁性能研究,刘晓芳,北京航空航天大学,54,2019-01至2021-12
2018,联合基金项目,A01,485,U1832128,A0806,费米中子斩波器关键技术研究,刘小伟,中山大学,54,2019-01至2021-12
2018,联合基金项目,A01,486,U1804172,L02,,NASP介导UHRF1/DNMT1促胶质瘤进展及耐药的机制探究,刘献志,郑州大学,48,2019-01至2021-12
2018,联合基金项目,A01,487,U1832161,A0802,决定古菌DHH家族磷酸酯水解酶底物特异性的结构研究,刘喜朋,上海交通大学,54,2019-01至2021-12
2018,联合基金项目,A01,488,U1832193,A0801,基于X射线LIGA技术的太赫兹行波管研究,刘文鑫,中国科学院电子学研究所,54,2019-01至2021-12
2018,联合基金项目,A01,489,U1808217,E0511,高速重载永磁耦合器多场状态感知与智能调控,刘巍,大连理工大学,250,2019-01至2022-12
2018,联合基金项目,A01,490,U1809203,F011806,5G可重构高能效毫米波前端一体化设计理论及关键技术研究,刘太君,宁波大学,198,2019-01至2022-12
2018,联合基金项目,A01,491,U1806211,D0602,渤海氮循环的关键过程与调控机制,刘素美,中国海洋大学,281,2019-01至2022-12
2018,联合基金项目,A01,492,U1832158,A0806,中国散裂中子源装置辐射实时监测及增强现实可视化关键技术研究,刘双全,中国科学院高能物理研究所,50,2019-01至2021-12
2018,联合基金项目,A01,493,U1806203,F030307,海洋生态环境多系统污染扩散共性建模分形理论分析及预报,刘树堂,山东大学,278,2019-01至2022-12
2018,联合基金项目,A01,494,U1808215,E050602,高超音速飞行器增材制造结构多功能协同优化设计理论和方法,刘书田,大连理工大学,250,2019-01至2022-12
2018,联合基金项目,A01,495,U1832185,A0801,为北京正负电子对撞机开展的新型电子源实验研究,刘圣广,上海交通大学,54,2019-01至2021-12
2018,联合基金项目,A01,496,U1803281,L02,基于mRNA介导的ceRNA网络调控探讨维吾尔药香青兰防治AD的作用机理,刘睿,中国医学科学院医药生物技术研究所,258,2019-01至2022-12
2018,联合基金项目,A01,497,U1865201,E0901,流域风光水智能互补的全生命周期设计、运行及维护研究,刘攀,武汉大学,290,2019-01至2022-12
2018,联合基金项目,A01,498,U1839203,D0211,以阿尔金断裂中段为例，走滑断裂的几何构造结对断裂活动习性的控制作用,刘静,中国地震局地质研究所,230,2019-01至2022-12
2018,联合基金项目,A01,499,U1832136,A0802,Li-O2电池碳基催化剂界面反应的原位研究,刘节华,合肥工业大学,54,2019-01至2021-12
2018,联合基金项目,A01,500,U1836108,F020204,面向开放域数据的情报知识图谱构建技术研究,刘建毅,北京邮电大学,66,2019-01至2021-12
2018,联合基金项目,A01,501,U1862204,B08,具有热反馈机制的炼油过程分子水平建模及基于装置间分子组成矩阵传递的系统优化,刘纪昌,华东理工大学,240,2019-01至2022-12
2018,联合基金项目,A01,502,U1804111,L15,亚临界水环境下木瓜中木质素-果胶复合体的解离机制,刘华敏,河南工业大学,49,2019-01至2021-12
2018,联合基金项目,A01,503,U1809204,F020502,心脏图像定量分析：数据、模型及优化技术,刘华锋,浙江大学,198,2019-01至2022-12
2018,联合基金项目,A01,504,U1831110,A0903,FAST望远镜天文信号的光传输效率提升机制与性能评测技术研究,刘鸿飞,中国科学院国家天文台,60,2019-01至2021-12
2018,联合基金项目,A01,505,U1802287,L02,富含偏诺甾体皂苷药用植物资源发掘与持续利用的基础研究,刘海洋,中国科学院昆明植物研究所,220,2019-01至2022-12
2018,联合基金项目,A01,506,U1831201,A0903,大口径射电望远镜C波段相位阵馈源关键技术研究,刘海文,西安交通大学,280,2019-01至2022-12
2018,联合基金项目,A01,507,U1804153,L05,基于深度学习的甲骨文字检测与识别研究,刘国英,安阳师范学院,48,2019-01至2021-12
2018,联合基金项目,A01,508,U1836104,F010203,基于多尺度流分析的隐蔽信道检测模型与技术,刘光杰,南京理工大学,67,2019-01至2021-12
2018,联合基金项目,A01,509,U1806229,E091003,深海浮式平台Laplace域动力分析方法研究及系统构建,刘福顺,中国海洋大学,280,2019-01至2022-12
2018,联合基金项目,A01,510,U1832107,A0801,BES3实验中Ds强子末态衰变和Lambda_c重子自旋的精确测量,刘峰,华中师范大学,56,2019-01至2021-12
2018,联合基金项目,A01,511,U1803107,L10,性信息素和寄主挥发物对入侵苹果小吉丁虫的联合作用及其分子基础,刘德广,西北农林科技大学,56,2019-01至2021-12
2018,联合基金项目,A01,512,U1832160,A0801,利用极化现象在J/Psi衰变中研究反应机制和强子态的性质,刘伯超,西安交通大学,54,2019-01至2021-12
2018,联合基金项目,A01,513,U1804135,L04,纳米Pd合金/Ti基MXene的可控制备及其催化甲酸产氢性能研究,刘宝忠,河南理工大学,48,2019-01至2021-12
2018,联合基金项目,A01,514,U1832109,A0802,同步辐射红外光谱技术对基因重组蜘蛛丝蛋白多尺度自组装行为的研究,凌盛杰,上海科技大学,56,2019-01至2021-12
2018,联合基金项目,A01,515,U1810108,E010101,超细晶Al-Mg合金中溶质Mg原子调控韧性和强度的机制,林耀军,武汉理工大学,61,2019-01至2021-12
2018,联合基金项目,A01,516,U1804186,L02,经血源性子宫内膜干细胞通过调控调节性免疫细胞对神经自体免疫疾病的干预机制研究,林俊堂,新乡医学院,48,2019-01至2021-12
2018,联合基金项目,A01,517,U1832110,A0802,X-射线同步辐射光技术在荧光碳点生成过程与发光机理研究中的应用研究,林恒伟,中国科学院宁波材料技术与工程研究所,54,2019-01至2021-12
2018,联合基金项目,A01,518,U1803123,L02,鹰嘴豆调节肠道菌群结构与其改善慢性炎症抗2型糖尿病的相关性及其机制研究,廖琼峰,广州中医药大学,56,2019-01至2021-12
2018,联合基金项目,A01,519,U1838202,A03,慧眼-HXMT银道面X射线扫描巡天,廖进元,中国科学院高能物理研究所,340,2019-01至2022-12
2018,联合基金项目,A01,520,U1802251,L07,阳极泥伴生稀贵金属资源梯级高效提取的基础研究,廖春发,江西理工大学,218,2019-01至2022-12
2018,联合基金项目,A01,521,U1801261,L05,面向智慧医疗的绿色物联网信息传输与接入理论与技术研究,梁应敞,电子科技大学,276,2019-01至2022-12
2018,联合基金项目,A01,522,U1810208,E041604,基于精准局域组织预控制的镁合金复杂冲压件的成形及组织性能演变规律,梁伟,太原理工大学,260,2019-01至2022-12
2018,联合基金项目,A01,523,U1813216,F030920,空间机器人多臂协同理论与关键技术,梁斌,清华大学,299,2019-01至2022-12
2018,联合基金项目,A01,524,U1836209,F020605,漏洞相关数据集中的知识发现及在漏洞检测中的应用,梁彬,中国人民大学,248,2019-01至2022-12
2018,联合基金项目,A01,525,U1801284,L02,岭南道地药材九节茶降低HSV-1病毒“易感性”防治热疮的机制研究,栗原博,暨南大学,245,2019-01至2022-12
2018,联合基金项目,A01,526,U1804107,L15,VGLL2基因天然反义链转录本调控鸡成肌细胞增殖分化的机制解析,李转见,河南农业大学,49,2019-01至2021-12
2018,联合基金项目,A01,527,U1838104,A03,MeV脉冲星搜索以及辐射机制研究,李正伟,中国科学院高能物理研究所,48,2019-01至2021-12
2018,联合基金项目,A01,528,U1864214,E0713,大型动力电池单体及系统设计方法研究,李哲,清华大学,210,2019-01至2022-12
2018,联合基金项目,A01,529,U1832177,A0802,大分子聚集结构的小角X光散射和计算机模拟研究,李云琦,中国科学院长春应用化学研究所,54,2019-01至2021-12
2018,联合基金项目,A01,530,U1832171,A0804,航空煤油芳香烃组分同分异构体效应的同步辐射实验与动力学模型研究,李玉阳,上海交通大学,54,2019-01至2021-12
2018,联合基金项目,A01,531,U1810112,E011002,脉冲电子束作用下MCrAlY激光熔覆层组织结构调控及高温服役性能,李玉新,中北大学,61,2019-01至2021-12
2018,联合基金项目,A01,532,U1839210,D0407,华北克拉通壳幔结构与深部孕震环境研究,李永华,中国地震局地球物理研究所,227,2019-01至2022-12
2018,联合基金项目,A01,533,U1804192,L02,ILCregs,在再生障碍性贫血免疫病理机制中的作用,李英梅,郑州大学,48,2019-01至2021-12
2018,联合基金项目,A01,534,U1832157,A0805,适合于强磁场环境应用的REBCO超导带材研制及磁通钉扎机理研究,李贻杰,上海交通大学,54,2019-01至2021-12
2018,联合基金项目,A01,535,U1806228,E091002,基于海底地形特征的深海AUV同步定位与建图方法研究,李晔,哈尔滨工程大学,280,2019-01至2022-12
2018,联合基金项目,A01,536,U1809209,F031013,基于多模态深度分支融合网络的意识障碍致病机理研究及精准诊断应用,李阳,北京航空航天大学,207,2019-01至2022-12
2018,联合基金项目,A01,537,U1813207,F030906,机器人旋转机构光学触觉、视觉感知信号旁轴旋转耦合方法的研究,李学金,香港中文大学（深圳）,289,2019-01至2022-12
2018,联合基金项目,A01,538,U1864207,E020601,高性能炭纤维增强树脂复合材料汽车零部件低成本制造、服役性能与材料结构调控研究,李轩科,湖南大学,210,2019-01至2022-12
2018,联合基金项目,A01,539,U1804110,L15,四环素-重金属复合污染土壤植物修复及其对抗性基因影响机制,李旭辉,河南大学,48,2019-01至2021-12
2018,联合基金项目,A01,540,U1804106,L15,Hoxa5通过脂肪组织固有淋巴细胞促进猪白色脂肪棕色化的分子机制,李新建,河南农业大学,49,2019-01至2021-12
2018,联合基金项目,A01,541,U1836215,F020707,面向泛在网环境的异常行为融合检测技术及判定方法,李小勇,北京邮电大学,250,2019-01至2022-12
2018,联合基金项目,A01,542,U1839202,E080801,珊瑚岛礁岩土动力特性及场地地震稳定性评价方法,李小军,中国地震局地球物理研究所,229,2019-01至2022-12
2018,联合基金项目,A01,543,U1838105,A03,慧眼卫星在轨标定及联合标定的研究,李小波,中国科学院高能物理研究所,50,2019-01至2021-12
2018,联合基金项目,A01,544,U1808209,E021002,液流电池用多维纳米复合多孔离子传导膜的多尺度设计及性能研究,李先锋,中国科学院大连化学物理研究所,250,2019-01至2022-12
2018,联合基金项目,A01,545,U1834205,E070602,高速动车组综合直流系统的多变流器协同运行理论和方法研究,李武华,浙江大学,229,2019-01至2022-12
2018,联合基金项目,A01,546,U1830130,A06,多价态金属氧化物混合相光学常数、相变规律和能带结构的光谱研究,李文武,华东师范大学,62,2019-01至2021-12
2018,联合基金项目,A01,547,U1813222,E0501,约束空间下大载荷建筑施工机器人关键技术研究,李铁军,河北工业大学,295,2019-01至2022-12
2018,联合基金项目,A01,548,U1806226,E0907,海底隧道施工和运营灾害发生机理、预报预警与安全控制理论及技术,李术才,山东大学,280,2019-01至2022-12
2018,联合基金项目,A01,549,U1836204,F020204,海量多源异构数据的使用授权与鉴权体系研究,李瑞轩,华中科技大学,252,2019-01至2022-12
2018,联合基金项目,A01,550,U1830105,A06,X射线图像分析中的MCMC-Bayesian理论与计算方法研究,李庆武,河海大学,62,2019-01至2021-12
2018,联合基金项目,A01,551,U1833129,F01,含阿片药物致民航安全敏感岗位人员毒品检测假阳性的快速识别研究,李清艳,民航总医院,36,2019-01至2021-12
2018,联合基金项目,A01,552,U1832144,A0802,基于上海同步辐射光源的生物小角X-射线散射技术在膜蛋白结构生物学应用中关键技术的研究,李娜,中国科学院上海高等研究院,56,2019-01至2021-12
2018,联合基金项目,A01,553,U1832151,A0805,强磁场下非中心对称半导体材料Te新颖物性研究,李林,中国科学技术大学,54,2019-01至2021-12
2018,联合基金项目,A01,554,U1830123,A06,高功率窄线宽激光光纤放大系统的布里渊散射抑制技术研究,李力,南京理工大学,62,2019-01至2021-12
2018,联合基金项目,A01,555,U1836214,F020707,网络异常行为检测技术及定位方法,李克秋,天津大学,251,2019-01至2022-12
2018,联合基金项目,A01,556,U1804137,L04,高强不锈钢绞线网/ECC加固RC梁受弯破坏机理及计算理论研究,李可,郑州大学,48,2019-01至2021-12
2018,联合基金项目,A01,557,U1803282,L02,抗包虫先导化合物结构优化及活性筛选平台的建立,李军,新疆医科大学,258,2019-01至2022-12
2018,联合基金项目,A01,558,U1806220,E0113,低成本双相不锈钢设计及制备的基础研究,李静媛,北京科技大学,280,2019-01至2022-12
2018,联合基金项目,A01,559,U1801286,L02,环境病原生物对过敏性哮喘发病调控机制的研究,李靖,广州医科大学,245,2019-01至2022-12
2018,联合基金项目,A01,560,U1803381,L02,HPV治疗性树突状细胞疫苗与阿魏菇多糖、PD-L1抑制剂联合治疗宫颈癌研究,李金耀,新疆大学,90,2019-01至2022-12
2018,联合基金项目,A01,561,U1803116,L08,石蜡/蛭石复合定形相变储能材料的稳定性与强化传热机制研究,李金洪,中国地质大学（北京）,56,2019-01至2021-12
2018,联合基金项目,A01,562,U1867220,A050506,大尺寸高纯锗晶体关键技术研究,李荐民,清华大学,270,2019-01至2022-12
2018,联合基金项目,A01,563,U1801282,L02,结直肠癌肝转移多组学间质病理图谱及新型功能细胞亚群的研究,李建明,中山大学,245,2019-01至2022-12
2018,联合基金项目,A01,564,U1860113,E04,纯氧高炉炼铁与煤气化耦合联产工艺技术基础研究,李家新,安徽工业大学,51,2019-01至2021-12
2018,联合基金项目,A01,565,U1804149,L05,基于知识自动化理论的变电站健康运行方法研究,李继方,华北水利水电大学,46,2019-01至2021-12
2018,联合基金项目,A01,566,U1810205,E04,典型粉煤灰铝硅协同规模化制备矿物复合材料基础研究,李会泉,中国科学院过程工程研究所,260,2019-01至2022-12
2018,联合基金项目,A01,567,U1803122,L02,基于维药阿里红的急性髓系白血病靶向精准治疗药物发现,李华,华中科技大学,56,2019-01至2021-12
2018,联合基金项目,A01,568,U1808214,E050302,大型离心压缩机叶轮流致振动机理与智能诊断,李宏坤,大连理工大学,250,2019-01至2022-12
2018,联合基金项目,A01,569,U1833109,F01,通用航空器的活塞发动机增压系统安全性分析模型及风险控制策略理论与方法研究,李果,北京航空航天大学,34,2019-01至2021-12
2018,联合基金项目,A01,570,U1860205,E04,连铸中间包微孔镁质耐火材料与过滤器的制备及其对钢液的净化机理,李光强,武汉科技大学,300,2019-01至2022-12
2018,联合基金项目,A01,571,U1838110,A03,慧眼HXMT伽马射线暴与引力波电磁对应体证认方法研究,李刚,中国科学院高能物理研究所,46,2019-01至2021-12
2018,联合基金项目,A01,572,U1804231,L15,吸水链霉菌抑制作物枯萎病发生的分子机理研究,李付广,郑州大学,211,2019-01至2022-12
2018,联合基金项目,A01,573,U1836203,F020204,海量多源异构数据的使用授权与鉴权体系研究,李凤华,中国科学院信息工程研究所,257,2019-01至2022-12
2018,联合基金项目,A01,574,U1837206,E050502,高温高压燃气工况自防护自润滑磁控动密封机理及特性,李德才,清华大学,232,2019-01至2022-12
2018,联合基金项目,A01,575,U1860110,E04,超高强汽车车身结构件辊－冲复合成形基础及应用研究,李大永,上海交通大学,52,2019-01至2021-12
2018,联合基金项目,A01,576,U1803231,L10,塔里木河流域胡杨雌雄干旱适应差异的生理与分子机制,李春阳,杭州师范大学,274,2019-01至2022-12
2018,联合基金项目,A01,577,U1804157,L05,基于人类视觉分层感知的织物疵点检测算法研究,李春雷,中原工学院,49,2019-01至2021-12
2018,联合基金项目,A01,578,U1810129,E060408,基于中红外激光吸收光谱技术的燃煤烟气中SO3在线测量研究,李传亮,太原科技大学,61,2019-01至2021-12
2018,联合基金项目,A01,579,U1830113,A06,固态锂金属电池的负极改性及纳米结构电极/电解质界面研究,李驰麟,中国科学院上海硅酸盐研究所,62,2019-01至2021-12
2018,联合基金项目,A01,580,U1838113,A03,宇宙高能辐射研究,李承奎,中国科学院高能物理研究所,48,2019-01至2021-12
2018,联合基金项目,A01,581,U1801266,L05,网络化无人驾驶中智能通信与计算融合,李长乐,西安电子科技大学,256,2019-01至2022-12
2018,联合基金项目,A01,582,U1837201,E011002,液氧煤油发动机富氧燃气系统高温合金材料金属陶瓷涂层制备及防护机理,李长久,西安交通大学,232,2019-01至2022-12
2018,联合基金项目,A01,583,U1832133,A0803,快重离子辐照3C-SiC材料蠕变效应的研究,李炳生,中国科学院近代物理研究所,54,2019-01至2021-12
2018,联合基金项目,A01,584,U1803119,L05,面向公共安全的视频敏感内容识别技术研究,李兵,中国科学院自动化研究所,53,2019-01至2021-12
2018,联合基金项目,A01,585,U1832140,A0803,HIF1α和TGFβ通路互作在重离子杀灭肿瘤干细胞中的作用,李冰燕,苏州大学,54,2019-01至2021-12
2018,联合基金项目,A01,586,U1830132,A06,高平均功率连续激光作用下光学元件表面缺陷热效应演变特性研究,李斌成,电子科技大学,62,2019-01至2021-12
2018,联合基金项目,A01,587,U1866205,E0704,柔性直流电网保护与故障穿越基础理论及关键技术,李斌,天津大学,260,2019-01至2022-12
2018,联合基金项目,A01,588,U1801681,L02,帕金森病多巴胺能神经元死亡机理和再生修复研究,黎明涛,中山大学,1180,2019-01至2022-12
2018,联合基金项目,A01,589,U1830127,A06,新型含氟端羟基聚合物结构设计与交联网络调控研究,黎厚斌,武汉大学,62,2019-01至2021-12
2018,联合基金项目,A01,590,U1860107,E04,幅/频/相联合调制非稳态电磁搅拌下液相金属流动的时空演化行为及其对凝固过程的影响,雷作胜,上海大学,52,2019-01至2021-12
2018,联合基金项目,A01,591,U1862103,B08,离子液体气体干燥新技术与科学基础,雷志刚,北京化工大学,42,2019-01至2021-12
2018,联合基金项目,A01,592,U1832164,A0802,故宫出土明清铜红釉呈色机理的同步辐射应用研究,雷勇,故宫博物院,56,2019-01至2021-12
2018,联合基金项目,A01,593,U1832149,A0803,重离子辐照调控p型透明氧化物半导体CuAlO2薄膜缺陷及其热电性能研究,兰伟,兰州大学,54,2019-01至2021-12
2018,联合基金项目,A01,594,U1809202,F011406,基于海洋观测网的水下目标监测理论与关键技术研究,兰剑,西安交通大学,204,2019-01至2022-12
2018,联合基金项目,A01,595,U1832186,A0802,生物医用高分子材料的微观结构在模拉加工过程中的X射线原位研究,赖宇晴,中国科学院长春应用化学研究所,54,2019-01至2021-12
2018,联合基金项目,A01,596,U1831104,A0901,脉冲星类天体的物态方程及其观测检验,来小禹,湖北第二师范学院,50,2019-01至2021-12
2018,联合基金项目,A01,597,U1831126,A0901,2型类星体光学光谱性质的研究以及和其它类型AGN之间的联系,孔民芝,河北师范大学,46,2019-01至2021-12
2018,联合基金项目,A01,598,U1803105,L10,新疆野苹果MdWRKY1基因通过“调控矮化”适应“干旱”的分子机制,孔瑾,中国农业大学,56,2019-01至2021-12
2018,联合基金项目,A01,599,U1831114,A0903,天线阵大气相位扰动实时修正关键技术研究,孔德庆,中国科学院国家天文台,60,2019-01至2021-12
2018,联合基金项目,A01,600,U1810102,D0207,煤系气合采层间窜流与层内动态滑脱流耦合作用机理研究,康天合,太原理工大学,62,2019-01至2021-12
2018,联合基金项目,A01,601,U1809211,D0608,群岛环境下的空海地通信一体化网络研究,瞿逢重,浙江大学,202,2019-01至2022-12
2018,联合基金项目,A01,602,U1813208,F030909,基于多机器人协调的大型舱段轴孔精密装配控制方法研究,景奉水,中国科学院自动化研究所,302,2019-01至2022-12
2018,联合基金项目,A01,603,U1805255,L04,维度匹配宽/窄半导体复合基宽可见光催化能源材料的设计合成及机制研究,井立强,黑龙江大学,227,2019-01至2022-12
2018,联合基金项目,A01,604,U1804159,L05,面向商品搜索的排序学习算法研究,靳小波,河南工业大学,48,2019-01至2021-12
2018,联合基金项目,A01,605,U1811264,F02,教育大数据的获取、管理与知识构建方法研究,金澈清,华东师范大学,507,2019-01至2022-12
2018,联合基金项目,A01,606,U1806206,D010502,豆科植物-微生物共生体系改良中重度滨海盐渍土机理与模式研究,解志红,中国科学院烟台海岸带研究所,280,2019-01至2022-12
2018,联合基金项目,A01,607,U1837203,E020801,航天贮箱用树脂基复合材料与液氧交互作用机理及性能演变规律,矫维成,哈尔滨工业大学,225,2019-01至2022-12
2018,联合基金项目,A01,608,U1802285,L02,剪接因子SFPQ对三阴性乳腺癌中ERα的转录调控研究,焦保卫,中国科学院昆明动物研究所,220,2019-01至2022-12
2018,联合基金项目,A01,609,U1830119,A06,脉冲电流辅助铍热塑性变形过程中的电热效应研究,蒋少松,哈尔滨工业大学,62,2019-01至2021-12
2018,联合基金项目,A01,610,U1830122,A06,面向动力学性能优化的多组件系统保结构布局设计方法研究,蒋睿嵩,西北工业大学,60,2019-01至2021-12
2018,联合基金项目,A01,611,U1832203,A0801,高熵晶体复杂合金材料结构、热学、电学和力学性能的研究,蒋建中,浙江大学,252,2019-01至2022-12
2018,联合基金项目,A01,612,U1866211,E070602,大容量模块化多电平变流器电磁干扰机理分析与主动抑制,蒋栋,华中科技大学,260,2019-01至2022-12
2018,联合基金项目,A01,613,U1860204,E04,基于硼和稀土复合处理的超级奥氏体不锈钢凝固和热加工特性的基础研究,姜周华,东北大学,320,2019-01至2022-12
2018,联合基金项目,A01,614,U1831209,A0903,天文望远镜智能控制技术研究,姜晓军,中国科学院国家天文台,290,2019-01至2022-12
2018,联合基金项目,A01,615,U1813209,F030911,机器人灵巧手设计与自主操作关键技术研究,姜力,哈尔滨工业大学,296,2019-01至2022-12
2018,联合基金项目,A01,616,U1803235,L10,扩大管行比促进新疆滴灌春小麦水分高效利用的生理生态机制,姜东,南京农业大学,256,2019-01至2022-12
2018,联合基金项目,A01,617,U1830125,A06,激光陶瓷材料单晶化机理研究,姜本学,中国科学院上海光学精密机械研究所,62,2019-01至2021-12
2018,联合基金项目,A01,618,U1832155,A0804,基于同步辐射的原位光电离质谱研究电场耦合催化氧化挥发性有机物,江治,上海交通大学,54,2019-01至2021-12
2018,联合基金项目,A01,619,U1803261,L05,面向公共安全的视频信息处理技术研究,贾振红,新疆大学,276,2019-01至2022-12
2018,联合基金项目,A01,620,U1832214,A0805,半金属中拓扑电子的强磁场调控及相关新量子效应研究,贾爽,北京大学,254,2019-01至2022-12
2018,联合基金项目,A01,621,U1866202,E0703,面向柔性直流系统的机械式直流断路器关键基础问题研究,贾申利,西安交通大学,260,2019-01至2022-12
2018,联合基金项目,A01,622,U1804182,L02,基于网络药理学的瑶药岗松抗类风湿性关节炎RA的药效物质基础及作用机制研究,贾贝西,郑州大学,48,2019-01至2021-12
2018,联合基金项目,A01,623,U1831112,A0901,太阳色球与过渡区中磁环及其活动现象的观测研究,黄正化,山东大学,55,2019-01至2021-12
2018,联合基金项目,A01,624,U1837207,E0508,高强铝合金薄壁高筋大型壁板精确成形制造技术基础,黄元春,中南大学,225,2019-01至2022-12
2018,联合基金项目,A01,625,U1867218,A050504,超临界二氧化碳作为先进核能系统工质的热工流体力学关键基础问题研究,黄彦平,中国核动力研究设计院,270,2019-01至2022-12
2018,联合基金项目,A01,626,U1806221,E020402,大功率球形压电换能器基础理论及关键技术研究,黄世峰,济南大学,280,2019-01至2022-12
2018,联合基金项目,A01,627,U1803124,L02,LncRNA-LINC00460通过miR-149-5p调控MafA在砷所致糖尿病中作用机制及干预研究,黄瑞雪,中南大学,56,2019-01至2021-12
2018,联合基金项目,A01,628,U1833201,F01,基于多源数据融合的飞行风险时空分析与预警研究,黄荣顺,中国民航科学技术研究院,208,2019-01至2022-12
2018,联合基金项目,A01,629,U1804162,L05,压电智能刚柔并联机构多模型混合自适应滤波振动控制,黄全振,河南工程学院,48,2019-01至2021-12
2018,联合基金项目,A01,630,U1804167,L02,CD103+DC在糖尿病肾病肾小管损伤中的作用及靶向治疗研究,黄青松,新乡医学院,49,2019-01至2021-12
2018,联合基金项目,A01,631,U1837208,E050803,航天电子产品微互联焊点在尺度效应及多应力耦合作用下失效机理,黄明亮,大连理工大学,232,2019-01至2022-12
2018,联合基金项目,A01,632,U1805241,L03,台湾海峡浮游植物群落演变及其对河口羽流-上升流耦合系统的响应,黄邦钦,厦门大学,230,2019-01至2022-12
2018,联合基金项目,A01,633,U1867206,B060501,多离子印迹硅基材料用于高盐低放废水深度净化的应用基础研究,华道本,苏州大学,268,2019-01至2022-12
2018,联合基金项目,A01,634,U1805243,L03,亚热带重要人工林凋落物化学结构对土壤有机碳周转和稳定性影响及其机制,胡亚林,福建农林大学,228,2019-01至2022-12
2018,联合基金项目,A01,635,U1809210,F050211,金刚石薄膜基光波导中红外液相传感器研究,胡晓君,浙江工业大学,201,2019-01至2022-12
2018,联合基金项目,A01,636,U1830138,A06,高温高压条件下金属铌和铀的原子间相互作用势的构建与应用,胡望宇,湖南大学,60,2019-01至2021-12
2018,联合基金项目,A01,637,U1812402,D0304,我国西南（贵州）喀斯特地区特色矿产成矿理论及综合利用,胡瑞忠,中国科学院地球化学研究所,2520,2019-01至2023-12
2018,联合基金项目,A01,638,U1803262,L05,面向社会安全的视频长程群体行人重识别与多元分析技术,胡瑞敏,武汉大学,260,2019-01至2022-12
2018,联合基金项目,A01,639,U1864208,E0307,热塑性超混杂复合材料汽车零部件的材料•结构设计及成型工艺研究,胡宁,重庆大学,210,2019-01至2022-12
2018,联合基金项目,A01,640,U1830128,A06,快中子编码成像诊断技术应用研究,胡华四,西安交通大学,64,2019-01至2021-12
2018,联合基金项目,A01,641,U1836114,F020508,,基于多元知识融合的大数据自适应可视化,胡海波,重庆大学,65,2019-01至2021-12
2018,联合基金项目,A01,642,U1832219,A0806,磁相变、磁热效应、负热膨胀及其相关科学问题的中子衍射研究,胡凤霞,中国科学院物理研究所,256,2019-01至2022-12
2018,联合基金项目,A01,643,U1836102,F010203,基于混合深度学习的JEPG图像自适应隐写分析模型和方法研究,胡东辉,合肥工业大学,65,2019-01至2021-12
2018,联合基金项目,A01,644,U1802243,L03,云南地区含缓倾软弱夹层矿山高边坡成灾机理及防控研究,胡斌,武汉科技大学,217,2019-01至2022-12
2018,联合基金项目,A01,645,U1832167,A0803,中能电荷交换反应（3He，t）的实验研究,胡碧涛,兰州大学,54,2019-01至2021-12
2018,联合基金项目,A01,646,U1860101,E04,高品质钢连铸坯凝固组织与碳偏析的形貌本构关系研究,侯自兵,重庆大学,51,2019-01至2021-12
2018,联合基金项目,A01,647,U1837601,E020801,大尺寸碳纤维复合材料壳体结构隔热一体化成型基础问题,侯晓,中国航天科技集团公司第四研究院,803,2019-01至2022-12
2018,联合基金项目,A01,648,U1804233,L15,牡丹花期性状的遗传及分子调控机制解析,侯小改,河南科技大学,211,2019-01至2022-12
2018,联合基金项目,A01,649,U1832101,A0803,重离子辐射对不同肿瘤细胞中有机阴离子转运多肽表达的影响及相关分子机制研究,洪梅,华南农业大学,54,2019-01至2021-12
2018,联合基金项目,A01,650,U1867217,A050401,低活化铁素体/马氏体钢辐照脆化行为与机理的先进模拟研究,贺新福,中国原子能科学研究院,270,2019-01至2022-12
2018,联合基金项目,A01,651,U1803244,L08,干旱区膜下滴灌农田生态系统水盐与养分运移及环境效应,何新林,石河子大学,258,2019-01至2022-12
2018,联合基金项目,A01,652,U1830117,A06,金属合金位错芯结构与力学响应的相场方法研究,何陵辉,中国科学技术大学,62,2019-01至2021-12
2018,联合基金项目,A01,653,U1809206,F020516,影像组学智能分析理论与关键技术,何良华,同济大学,204,2019-01至2022-12
2018,联合基金项目,A01,654,U1864202,F0304,车用动力电池信息物理融合云系统架构及其智能管理,何洪文,北京理工大学,206,2019-01至2022-12
2018,联合基金项目,A01,655,U1808211,E031401,生物基聚酰胺56纤维聚集态结构与性能研究,郝新敏,中国人民解放军军事科学院系统工程研究院,250,2019-01至2022-12
2018,联合基金项目,A01,656,U1812403,H2818,喀斯特地区特色民族医药若干基础问题研究,郝小江,贵州医科大学,2520,2019-01至2023-12
2018,联合基金项目,A01,657,U1862117,B08,反应过程银催化剂表界面动态结构的原位研究,韩永生,中国科学院过程工程研究所,42,2019-01至2021-12
2018,联合基金项目,A01,658,U1830120,A06,光学材料激光初始损伤的分子动力学模型研究,韩雪松,天津大学,60,2019-01至2021-12
2018,联合基金项目,A01,659,U1836207,F020601,数据驱动的口令猜测理论模型与实际应用研究,韩伟力,复旦大学,248,2019-01至2022-12
2018,联合基金项目,A01,660,U1837210,E0512,基于硅酸镓镧单晶的航天用耐高温无源无线传感器微纳结构形成机理及控制工艺的研究,韩韬,上海交通大学,232,2019-01至2022-12
2018,联合基金项目,A01,661,U1865206,A050506,超低阈值（sub-keV）气液两相TPC探测器的关键技术研究,韩然,北京卫星环境工程研究所,288,2019-01至2022-12
2018,联合基金项目,A01,662,U1803106,L10,氮素的bottom-up效应对新疆加工番茄害虫-天敌食物网结构与动态的影响,韩鹏,中国科学院新疆生态与地理研究所,56,2019-01至2021-12
2018,联合基金项目,A01,663,U1809217,E0202,玻璃精益熔制与产品性能精确调控的基础研究,韩高荣,浙江大学,200,2019-01至2022-12
2018,联合基金项目,A01,664,U1832118,A0803,深度学习在MRPC性能分析中应用研究,韩冬,清华大学,54,2019-01至2021-12
2018,联合基金项目,A01,665,U1804117,L15,杓兰亚科的系统发育重建与叶绿体基因组进化研究,郭艳艳,河南农业大学,48,2019-01至2021-12
2018,联合基金项目,A01,666,U1802255,L07,微波-流场耦合强化软锰矿湿法还原浸出的基础研究,郭胜惠,昆明理工大学,218,2019-01至2022-12
2018,联合基金项目,A01,667,U1833118,F01,航空用金属/还原氧化石墨烯负载织物超临界流体制备及其电磁屏蔽性能研究,,郭荣辉,四川大学,36,2019-01至2021-12
2018,联合基金项目,A01,668,U1831116,A0902,基于GNSS/LEO电离层掩星观测资料改进电离层和等离子模型研究,郭鹏,温州大学,54,2019-01至2021-12
2018,联合基金项目,A01,669,U1860112,E04,大线能量焊接用高强钢的强有序析出行为及强化机理研究,郭菁,辽宁科技大学,52,2019-01至2021-12
2018,联合基金项目,A01,670,U1831206,A0902,下一代暗物质粒子探测卫星DAMPEII的关键技术研究,郭建华,中国科学院紫金山天文台,290,2019-01至2022-12
2018,联合基金项目,A01,671,U1810103,D0208,低阶煤微生物厌氧降解增产甲烷的真菌与产甲烷菌协同作用机理,郭红光,太原理工大学,59,2019-01至2021-12
2018,联合基金项目,A01,672,U1862118,B080303,新型-抗毒化核-壳结构加氢脱硫多金属催化材料的设计及优化：阐明“氢溢流”在加氢脱硫催化过程中的作用本质和对加氢脱硫转化率以及选择性的影响,郭海玲,中国石油大学（华东）,42,2019-01至2021-12
2018,联合基金项目,A01,673,U1808205,F0304,基于网联车辆的按需出行智能交通系统运行优化,郭戈,东北大学,256,2019-01至2022-12
2018,联合基金项目,A01,674,U1862205,B08,基于结构-功能设计的生物基聚酯合成和性能研究,郭宝华,清华大学,240,2019-01至2022-12
2018,联合基金项目,A01,675,U1804251,L04,基于全降解镁合金血管支架的材料设计与性能调控,关绍康,郑州大学,210,2019-01至2022-12
2018,联合基金项目,A01,676,U1832184,A0804,乙二醛/硫酸铵水相形成二次有机气溶胶机理研究,顾学军,中国科学院合肥物质科学研究院,54,2019-01至2021-12
2018,联合基金项目,A01,677,U1866208,E070401,能源市场环境下多能互补系统协调运行理论及方法研究,顾伟,东南大学,260,2019-01至2022-12
2018,联合基金项目,A01,678,U1838114,A03,恒星级黑洞特征参数自旋的精确测量,苟利军,中国科学院国家天文台,46,2019-01至2021-12
2018,联合基金项目,A01,679,U1862207,B08,丙烷脱氢Pt系合金催化剂的理论筛选与科学构建,巩金龙,天津大学,240,2019-01至2022-12
2018,联合基金项目,A01,680,U1831115,A0903,天文光缆结构设计及其性能检测关键技术研究,耿涛,哈尔滨工程大学,54,2019-01至2021-12
2018,联合基金项目,A01,681,U1813202,F0309,自主装修机器人关键技术,葛树志,电子科技大学,292,2019-01至2022-12
2018,联合基金项目,A01,682,U1809216,E010501,软磁复合材料界面设计及其对高频损耗抑制作用研究,葛洪良,中国计量大学,200,2019-01至2022-12
2018,联合基金项目,A01,683,U1804169,L02,乙醇脱氢酶I诱导肝星状细胞活化和PAI-1表达从而促进肝纤维化,郜娜,郑州大学,49,2019-01至2021-12
2018,联合基金项目,A01,684,U1833127,F01,机场水泥道面超疏水防覆冰微纳阶层结构作用机理及调控增效研究,高英力,长沙理工大学,34,2019-01至2021-12
2018,联合基金项目,A01,685,U1831103,A0903,佳木斯66米射电望远镜超宽带接收系统的性能标校,高旭阳,中国科学院国家天文台,55,2019-01至2021-12
2018,联合基金项目,A01,686,U1804255,L04,配位分子衍生M-N-C基高效直接甲醇燃料电池催化材料研究,高书燕,河南师范大学,210,2019-01至2022-12
2018,联合基金项目,A01,687,U1832189,A0804,二维固体光氧化一氧化碳的同步辐射研究,高山,安徽大学,56,2019-01至2021-12
2018,联合基金项目,A01,688,U1806202,F012306,海洋藻类生长环境智能传感数据采集系统及其分析技术研究,高瑞,山东大学,292,2019-01至2022-12
2018,联合基金项目,A01,689,U1832162,A0802,铟基氧化物/分子筛双功能催化CO2加氢直接合成C2+烃的研究,高鹏,中国科学院上海高等研究院,54,2019-01至2021-12
2018,联合基金项目,A01,690,U1801256,L04,面向柔性太阳能电池全印刷的分形金属网络透明电极宏量制备研究,高进伟,华南师范大学,255,2019-01至2022-12
2018,联合基金项目,A01,691,U1862119,B080307,消除气相分割的多产品反应隔板精馏塔优化与动态调控机制研究,盖晓龙,天津科技大学,42,2019-01至2021-12
2018,联合基金项目,A01,692,U1836110,F020204,基于同态加密的敏感数据内容安全保护技术研究,付章杰,南京信息工程大学,68,2019-01至2021-12
2018,联合基金项目,A01,693,U1837204,E0307,液氧贮箱用碳纤维/环氧复合材料与液氧交互作用机理及性能演变规律研究,付绍云,重庆大学,225,2019-01至2022-12
2018,联合基金项目,A01,694,U1810104,D0208,THM耦合作用下低渗透煤层孔裂隙系统渗流特性的时空演化规律研究,冯子军,太原理工大学,58,2019-01至2021-12
2018,联合基金项目,A01,695,U1804131,L04,基于铬酸根离子高灵敏检测与消除f-f'异核纳米MOFs探针的精准构建及光谱研究,冯勋,洛阳师范学院,49,2019-01至2021-12
2018,联合基金项目,A01,696,U1804163,L05,多干扰多观测平台配准及非合作目标鲁棒容差跟踪,冯肖亮,河南工业大学,47,2019-01至2021-12
2018,联合基金项目,A01,697,U1804112,L15,基于CRISPR/Cas9系统构建盐藻生物反应器高效核-质共表达体系,冯书营,河南科技大学,48,2019-01至2021-12
2018,联合基金项目,A01,698,U1831101,A0901,米波太阳射电尖峰的观测研究,冯士伟,山东大学,53,2019-01至2021-12
2018,联合基金项目,A01,699,U1804188,L02,用于食管癌早期诊断的新型F-18标记的靶向EGFR的小分子放射性药物研究,方煜,安阳师范学院,48,2019-01至2021-12
2018,联合基金项目,A01,700,U1832134,A0803,奇特核186Re的谱学研究,方永得,中国科学院近代物理研究所,54,2019-01至2021-12
2018,联合基金项目,A01,701,U1832215,A0802,基于小角X射线散射技术的黄病毒RNA的结构、动态特性及其与蛋白质相互作用的研究,方显杨,清华大学,248,2019-01至2022-12
2018,联合基金项目,A01,702,U1803126,L02,维药寒喘祖帕颗粒通过TLR4-JNK/P38-NF-κB通路调控气道上皮细胞NLRP3炎症小体活化抑制哮喘发作的分子机制,范晓云,安徽医科大学,56,2019-01至2021-12
2018,联合基金项目,A01,703,U1804120,L04,钛氧簇基多级孔金属-有机框架材料的合成与催化氧化脱硫性能研究,樊阳,信阳师范学院,49,2019-01至2021-12
2018,联合基金项目,A01,704,U1836213,F020707,基于语义和视觉差异的网络异常检测,段海新,清华大学,247,2019-01至2022-12
2018,联合基金项目,A01,705,U1836111,F020204,基于多源数据融合的异常社会行为分析及事件预测方法研究,段东圣,国家计算机网络与信息安全管理中心,66,2019-01至2021-12
2018,联合基金项目,A01,706,U1810101,D010502,晋北典型煤矿区生态系统服务的时空格局及驱动机制研究,杜自强,山西大学,61,2019-01至2021-12
2018,联合基金项目,A01,707,U1813213,F030918,口腔微创手术机器人关键技术研究,杜志江,哈尔滨工业大学,298,2019-01至2022-12
2018,联合基金项目,A01,708,U1838106,A03,基于硬X射线调制望远镜的脉冲星类致密星多波段观测研究,杜源杰,中国空间技术研究院,46,2019-01至2021-12
2018,联合基金项目,A01,709,U1839201,E080801,城市地下结构地震灾害风险评估与减震控制,杜修力,北京工业大学,230,2019-01至2022-12
2018,联合基金项目,A01,710,U1804141,L04,基于自适应多重分形分析的重型装备齿轮箱故障诊断方法研究,杜文辽,郑州轻工业学院,48,2019-01至2021-12
2018,联合基金项目,A01,711,U1831111,A0903,基于健康监测的南极望远镜在线故障检测与主动容错关键技术研究,杜福嘉,中国科学院国家天文台南京天文光学技术研究所,49,2019-01至2021-12
2018,联合基金项目,A01,712,U1830201,A06,基于大回旋电子注的超高谐波太赫兹回旋管研究,杜朝海,北京大学,256,2019-01至2022-12
2018,联合基金项目,A01,713,U1805254,L04,基于功能性多酸簇（POM）储能材料的电化学行为研究,董全峰,厦门大学,227,2019-01至2022-12
2018,联合基金项目,A01,714,U1805264,L05,面向台风灾害评估的目标快速三维重建与动态监测研究,董秋雷,中国科学院自动化研究所,218,2019-01至2022-12
2018,联合基金项目,A01,715,U1862101,B08,F-T基轻烃芳构化高效催化剂研制与反应过程研究,董梅,中国科学院山西煤炭化学研究所,42,2019-01至2021-12
2018,联合基金项目,A01,716,U1813211,F030917,面向神经接口微纳电极阵列的纳尺度能场操作机器人关键技术研究,董立新,北京理工大学,296,2019-01至2022-12
2018,联合基金项目,A01,717,U1867216,A0504,高放废物地质处置人工屏障中容器候选材料的腐蚀行为及演化规律,董俊华,中国科学院金属研究所,270,2019-01至2022-12
2018,联合基金项目,A01,718,U1810117,E021001,基于CO2燃料转化可控构建内嵌式单原子光催化纳米反应器及其催化行为机理,董红军,江苏大学,61,2019-01至2021-12
2018,联合基金项目,A01,719,U1801254,L04,滨海工程混凝土锈蚀智能抑制系统,董必钦,深圳大学,255,2019-01至2022-12
2018,联合基金项目,A01,720,U1831120,A0901,矮新星型射电发射源搜寻及物理特性研究,董爱军,贵州师范大学,49,2019-01至2021-12
2018,联合基金项目,A01,721,U1832126,A0803,内壳层洞态原子辐射退激发过程的理论研究,丁晓彬,西北师范大学,54,2019-01至2021-12
2018,联合基金项目,A01,722,U1832153,A0804,红外同步辐射条件下石墨烯等离结构系统的太赫兹光电物理特性研究,丁岚,云南大学,54,2019-01至2021-12
2018,联合基金项目,A01,723,U1833114,F01,民航重要信息系统主动容灾保护关键技术研究,丁建立,中国民航大学,34,2019-01至2021-12
2018,联合基金项目,A01,724,U1864206,F0606,基于路况预测的电动汽车智能能量管理,丁海涛,吉林大学,208,2019-01至2022-12
2018,联合基金项目,A01,725,U1838108,A03,中子星低质量X射线双星慧眼卫星观测研究,丁国强,中国科学院新疆天文台,50,2019-01至2021-12
2018,联合基金项目,A01,726,U1832131,A0803,离子辐照提高第二代高温超导带材磁通钉扎的研究,丁发柱,中国科学院电工研究所,54,2019-01至2021-12
2018,联合基金项目,A01,727,U1803113,L08,东天山黄山东含铜镍矿镁铁-超镁铁岩体两阶段岩浆活动的成因研究,邓宇峰,合肥工业大学,56,2019-01至2021-12
2018,联合基金项目,A01,728,U1810206,E041003,矿井乏风燃煤锅炉混烧氧化机理与应用基础,邓存宝,辽宁工程技术大学,260,2019-01至2022-12
2018,联合基金项目,A01,729,U1832114,A0803,奇核过渡族一价离子激发态辐射性质和超精细结构研究,戴振文,吉林大学,54,2019-01至2021-12
2018,联合基金项目,A01,730,U1802231,L06,云南木材腐朽真菌资源及其重要类群的评估和保护,戴玉成,北京林业大学,225,2019-01至2022-12
2018,联合基金项目,A01,731,U1811464,F02,基于大数据的区域海陆气环境预警预报关键技术,戴永久,中山大学,2155,2019-01至2022-12
2018,联合基金项目,A01,732,U1831134,A0903,大型太阳望远镜主动光学技术研究,戴懿纯,中国科学院云南天文台,51,2019-01至2021-12
2018,联合基金项目,A01,733,U1805253,L04,有机/无机内杂化聚合物超分子及拓扑结构精确调控与功能涂层材料基础科学问题研究,戴李宗,厦门大学,227,2019-01至2022-12
2018,联合基金项目,A01,734,U1810202,D0208,山西煤中有益金属元素的赋存与富集成矿机理,代世峰,中国矿业大学（北京）,270,2019-01至2022-12
2018,联合基金项目,A01,735,U1804133,L04,定向波纹状双网络结构柔性导电复合纤维膜的应变敏感特性研究,代坤,郑州大学,49,2019-01至2021-12
2018,联合基金项目,A01,736,U1862110,B08,强氢键识别和分子筛分协同的多功能吸附剂的构建及复杂裂解气脱炔性能研究,崔希利,浙江大学,42,2019-01至2021-12
2018,联合基金项目,A01,737,U1804185,L02,迷走神经背核内NRG1对糖尿病大鼠胃轻瘫的调控作用及其机制研究,崔卫刚,新乡医学院,48,2019-01至2021-12
2018,联合基金项目,A01,738,U1838107,A03,慧眼对银心深度曝光的科学研究,崔伟,清华大学,50,2019-01至2021-12
2018,联合基金项目,A01,739,U1831129,A0901,利用LHAASO复合阵列数据研究宇宙线大尺度各向异性多能段分布特性,崔树旺,河北师范大学,52,2019-01至2021-12
2018,联合基金项目,A01,740,U1813225,E091002,海陆两栖机器人自主感知与决策关键技术研究,崔荣鑫,西北工业大学,290,2019-01至2022-12
2018,联合基金项目,A01,741,U1864205,F0606,基于路况预测的混合动力汽车智能能量管理策略研究,崔纳新,山东大学,208,2019-01至2022-12
2018,联合基金项目,A01,742,U1804104,L15,大豆疫霉RxLR效应因子Avr3a侵染早期上调表达的转录调控机制研究,崔林开,河南科技大学,49,2019-01至2021-12
2018,联合基金项目,A01,743,U1860106,E04,高铝钢连铸坯表面纵裂纹形成机理及控制,崔衡,北京科技大学,52,2019-01至2021-12
2018,联合基金项目,A01,744,U1805251,L04,复杂形状石材制品省材高效加工关键技术基础研究,崔长彩,华侨大学,227,2019-01至2022-12
2018,联合基金项目,A01,745,U1808212,E0414,复合铁焦低碳炼铁炉料新技术基础研究,储满生,东北大学,251,2019-01至2022-12
2018,联合基金项目,A01,746,U1803128,L02,基于二维黑磷水凝胶的宫颈癌靶向治疗体系的研究,仇萌,深圳大学,56,2019-01至2021-12
2018,联合基金项目,A01,747,U1832123,A0801,高压诱导新型拓扑半金属的晶体结构及费米面演化,迟振华,中国科学院合肥物质科学研究院,54,2019-01至2021-12
2018,联合基金项目,A01,748,U1802252,L07,滇南地区风化壳淋积型稀土矿原地浸出回收稀土机理研究,池汝安,武汉工程大学,218,2019-01至2022-12
2018,联合基金项目,A01,749,U1832220,A0802,基于X射线散射技术的新型杂化软物质材料的自组装研究,程正迪,华南理工大学,248,2019-01至2022-12
2018,联合基金项目,A01,750,U1830207,A06,面向三维封装的多模态力电检测与可靠性诊断技术,程玉华,电子科技大学,246,2019-01至2022-12
2018,联合基金项目,A01,751,U1833128,F01,全封闭式高端塔台模拟机中投影显示图像高质量重现方法研究,程鹏,四川大学,34,2019-01至2021-12
2018,联合基金项目,A01,752,U1801263,L05,离散制造过程人工智能驱动的优化与控制,程良伦,广东工业大学,266,2019-01至2022-12
2018,联合基金项目,A01,753,U1804114,L15,PpDella蛋白调控桃树株高的分子机理,程钧,河南农业大学,48,2019-01至2021-12
2018,联合基金项目,A01,754,U1836118,F060405,面向特定领域的知识图谱构建与应用关键技术研究,程军军,中国信息安全测评中心,65,2019-01至2021-12
2018,联合基金项目,A01,755,U1832176,A0803,硅材料微纳结构的载能离子束调控及其声子传输特性研究,程国安,北京师范大学,54,2019-01至2021-12
2018,联合基金项目,A01,756,U1803114,L08,煤炭地下气化对地下水污染的原位修复基础研究,谌伦建,河南理工大学,56,2019-01至2021-12
2018,联合基金项目,A01,757,U1805261,L05,新型超快速多尺度磁共振成像与波谱及其高分辨重建,陈忠,厦门大学,228,2019-01至2022-12
2018,联合基金项目,A01,758,U1832205,A0803,基于HIRFL-CSR开展中高能轻核诱发核反应研究,陈志强,中国科学院近代物理研究所,248,2019-01至2022-12
2018,联合基金项目,A01,759,U1830114,A06,脉冲功率半导体开关关键技术研究,陈之战,上海师范大学,60,2019-01至2021-12
2018,联合基金项目,A01,760,U1808202,C1805,反刍动物布鲁氏菌病免疫预防的基础研究,陈泽良,沈阳农业大学,246,2019-01至2022-12
2018,联合基金项目,A01,761,U1801288,L02,靶向新型癌基因metadherin的抗肾纤维化新药研发,陈悦,南开大学,245,2019-01至2022-12
2018,联合基金项目,A01,762,U1831113,A0903,基于天文观测的InGaAs/AlAsSb级联激光器的机理和性能研究,陈宇,中国科学院半导体研究所,60,2019-01至2021-12
2018,联合基金项目,A01,763,U1803242,L08,新疆北部造山型矿床成矿规律研究,陈衍景,北京大学,263,2019-01至2022-12
2018,联合基金项目,A01,764,U1805252,L04,稀土/全无机钙钛矿量子点复合发光材料及其照明显示应用,陈学元,中国科学院福建物质结构研究所,227,2019-01至2022-12
2018,联合基金项目,A01,765,U1804253,L04,新型硼基固体离子导体材料的制备及其导电机理研究,陈学年,河南师范大学,210,2019-01至2022-12
2018,联合基金项目,A01,766,U1813201,F030209,面向精密快速加工微纳操作机器人的驱动控制关键技术,陈新开,华侨大学,289,2019-01至2022-12
2018,联合基金项目,A01,767,U1830101,A06,高温高压条件下金属铌和铀的原子间相互作用势的构建与应用,陈向荣,四川大学,62,2019-01至2021-12
2018,联合基金项目,A01,768,U1833130,F01,基于多模态成像的运输航空飞行员安全能力相关的脑网络机制研究,陈曦,中国民用航空飞行学院,34,2019-01至2021-12
2018,联合基金项目,A01,769,U1804129,L04,金属硫族化合物储钠过程中的界面演变及其精准调控,陈卫华,郑州大学,49,2019-01至2021-12
2018,联合基金项目,A01,770,U1832163,A0806,面向散裂中子源加速器升级的射频负氢离子源关键技术研究,陈卫东,中国科学院高能物理研究所,54,2019-01至2021-12
2018,联合基金项目,A01,771,U1813206,F030902,基于视觉的室内移动机器人定位与导航关键技术研究,陈卫东,上海交通大学,296,2019-01至2022-12
2018,联合基金项目,A01,772,U1801283,L02,负调控I型干扰素介导的抗病毒固有免疫的去泛素化酶功能研究及抑制剂筛选,陈玮琳,深圳大学,245,2019-01至2022-12
2018,联合基金项目,A01,773,U1803117,L08,基于高分辨率遥感的露天矿区地表覆盖信息精细尺度分类,陈伟涛,中国地质大学（武汉）,56,2019-01至2021-12
2018,联合基金项目,A01,774,U1833121,F01,面向复杂形态生长演化的飞机结冰预测关键问题研究,陈维建,南京航空航天大学,38,2019-01至2021-12
2018,联合基金项目,A01,775,U1806223,E020803,集多功能一体的海洋防污涂层的可控制备和防污机理研究,陈守刚,中国海洋大学,280,2019-01至2022-12
2018,联合基金项目,A01,776,U1813223,E050101,基于宏微机构的智能磨抛机器人关键技术研究,陈庆盈,中国科学院宁波材料技术与工程研究所,295,2019-01至2022-12
2018,联合基金项目,A01,777,U1832150,A0802,氧化石墨烯滤膜中含氧基团和离子的分布及其对离子筛选的影响,陈亮,浙江农林大学,56,2019-01至2021-12
2018,联合基金项目,A01,778,U1831138,A0901,利用高海拔宇宙线观测站研究活动星系核甚高能辐射,陈亮,中国科学院上海天文台,57,2019-01至2021-12
2018,联合基金项目,A01,779,U1805263,L05,面向大学生心理安全大数据的预警模型及应用研究,陈黎飞,福建师范大学,222,2019-01至2022-12
2018,联合基金项目,A01,780,U1836211,F020605,基于漏洞数据集的漏洞特征库分析与预测方法研究,陈恺,中国科学院信息工程研究所,253,2019-01至2022-12
2018,联合基金项目,A01,781,U1813203,F0309,动态环境中的新型人体动作识别理论与方法研究,陈俊龙,大连海事大学,294,2019-01至2022-12
2018,联合基金项目,A01,782,U1804144,L04,超薄膜中高分子自诱导成核研究,陈静波,郑州大学,48,2019-01至2021-12
2018,联合基金项目,A01,783,U1836202,F020204,海量多源异构数据的使用授权与鉴权体系研究,陈晶,武汉大学,249,2019-01至2022-12
2018,联合基金项目,A01,784,U1836116,F020705,网络流量中基于数据控制流的漏洞利用程序检测方法研究,陈锦富,江苏大学,66,2019-01至2021-12
2018,联合基金项目,A01,785,U1810111,E010505,碳基材料表界面结构的精准构建及其催化CO2加氢研究,陈金铸,暨南大学,61,2019-01至2021-12
2018,联合基金项目,A01,786,U1805231,L01,STATs蛋白在宿主抗流感病毒天然免疫中的功能研究,陈吉龙,福建农林大学,232,2019-01至2022-12
2018,联合基金项目,A01,787,U1808204,F0125,多中心、多模态抑郁症脑影像信息模式识别方法与关键技术,陈华富,电子科技大学,250,2019-01至2022-12
2018,联合基金项目,A01,788,U1804161,L05,基于消息传递的概率数据关联式多运动平台协同导航方法研究,陈红梅,河南工业大学,48,2019-01至2021-12
2018,联合基金项目,A01,789,U1860109,E04,闪速加热对高强韧冷轧带钢组织与性能的影响机理,陈浩,清华大学,52,2019-01至2021-12
2018,联合基金项目,A01,790,U1801285,L02,流感病毒抗原特异性TCR组库数据库的建立及应用,陈国兵,暨南大学,245,2019-01至2022-12
2018,联合基金项目,A01,791,U1804234,L15,小麦面团稳定时间重要基因挖掘及其功能分析,陈锋,河南农业大学,210,2019-01至2022-12
2018,联合基金项目,A01,792,U1803341,L08,树木年轮记录的中亚山地冰川物质平衡变化及其对区域水资源变化影响研究,陈峰,中国气象局乌鲁木齐沙漠气象研究所,90,2019-01至2022-12
2018,联合基金项目,A01,793,U1804152,L05,基于混合异构概率图模型的人体动作识别方法研究,陈恩庆,郑州大学,48,2019-01至2021-12
2018,联合基金项目,A01,794,U1830109,A06,室温盖革模式氮化物APD低噪声单光子探测机理研究,陈敦军,南京大学,62,2019-01至2021-12
2018,联合基金项目,A01,795,U1830107,A06,基于深度学习的函数型数据分析与处理,陈迪荣,北京航空航天大学,62,2019-01至2021-12
2018,联合基金项目,A01,796,U1832104,A0802,反铁电-铁电可逆相变调控、界面物理行为及电控反铁磁的同步辐射研究,陈德杨,华南师范大学,54,2019-01至2021-12
2018,联合基金项目,A01,797,U1860114,E04,多层结构、共格纳米析出相和纳米孪晶协同增强Maraging/,TWIP多层复合钢设计及强韧化机理研究,陈翠欣,河北工业大学,52,2019-01至2021-12
2018,联合基金项目,A01,798,U1803236,L10,布鲁氏菌关键毒力因子在持续性感染中的分子致病机制研究,陈创夫,石河子大学,245,2019-01至2022-12
2018,联合基金项目,A01,799,U1832113,A0804,基于同步辐射真空紫外光电离质谱技术的乙醇催化部分氧化机理研究,陈初升,中国科学技术大学,54,2019-01至2021-12
2018,联合基金项目,A01,800,U1836101,F010202,面向物联网设备的长距离侧信道分析与测评技术研究,陈财森,中国人民解放军陆军装甲兵学院,66,2019-01至2021-12
2018,联合基金项目,A01,801,U1809215,E010501,基于微结构调控的软磁铁氧体高频低功耗化机理及制备方法的研究,车声雷,浙江工业大学,200,2019-01至2022-12
2018,联合基金项目,A01,802,U1836105,F0202,动静协同的恶意代码智能分析方法研究,常晓林,北京交通大学,66,2019-01至2021-12
2018,联合基金项目,A01,803,U1804283,L02,新型抗HIV嘌呤核苷的设计、合成、生物活性及作用机制研究,常俊标,河南师范大学,210,2019-01至2022-12
2018,联合基金项目,A01,804,U1804116,L15,黄河鲤gsdf基因功能探究及其在全雌鲤培育中调节机制剖析,常重杰,河南师范大学,48,2019-01至2021-12
2018,联合基金项目,A01,805,U1864209,E041604,乘用车用高强韧耐疲劳铝合金组织性能调控与关键技术研究,长海博文,苏州大学,210,2019-01至2022-12
2018,联合基金项目,A01,806,U1804115,L15,保幼激素和胰岛素协同促进棉铃虫卵黄蛋白原大量表达的分子机制,柴连琴,河南大学,48,2019-01至2021-12
2018,联合基金项目,A01,807,U1810107,D071103,晋北典型露天矿区生态系统服务的时空演变及驱动机制,曹银贵,中国地质大学（北京）,58,2019-01至2021-12
2018,联合基金项目,A01,808,U1832129,A0803,28Si中奇异圆环高自旋同质异能态实验寻找,曹喜光,中国科学院上海应用物理研究所,56,2019-01至2021-12
2018,联合基金项目,A01,809,U1831117,A0903,基于焦面场特征深度理解的FAST射电望远镜探测快速射电暴关键技术研究,曹海林,重庆大学,55,2019-01至2021-12
2018,联合基金项目,A01,810,U1813212,F030918,可穿戴下肢康复运动辅助外骨骼机器人关键技术研究,曹广忠,深圳大学,278,2019-01至2022-12
2018,联合基金项目,A01,811,U1830112,A06,氮化镓电子器件三元氮化物低界面态密度栅介质及钝化介质研究,蔡勇,中国科学院苏州纳米技术与纳米仿生研究所,62,2019-01至2021-12
2018,联合基金项目,A01,812,U1804154,L05,融合时空大数据和高级空间统计模型的近地面NO2遥感估算方法研究,蔡坤,河南大学,48,2019-01至2021-12
2018,联合基金项目,A01,813,U1804147,L05,非线性网络系统的数据驱动分布式迭代学习控制及应用,卜旭辉,河南理工大学,50,2019-01至2021-12
2018,联合基金项目,A01,814,U1836201,F010603,基于自适应环境感知与融合的高隐蔽卫星通信技术,卜祥元,北京理工大学,252,2019-01至2022-12
2018,联合基金项目,A01,815,U1832168,A0801,二维材料限域单原子催化剂的设计及其CO2还原机制的同步辐射原位XAFS研究,毕文团,中国科学技术大学,54,2019-01至2021-12
2018,联合基金项目,A01,816,U1809201,F010603,基于移动卫星星座系统的海洋通信关键技术研究,包建荣,杭州电子科技大学,198,2019-01至2022-12
2018,联合基金项目,A01,817,U1832182,A0806,基于CSNS双中子星并合引力波电磁信号151,153Eu(n,γ)反应的研究,安振东,中山大学,54,2019-01至2021-12
2018,联合基金项目,A01,818,U1804282,L02,红系造血岛巨噬细胞的鉴定及其支持红细胞生成机制的研究,安秀丽,郑州大学,210,2019-01至2022-12
2018,联合基金项目,A01,819,U1866206,E070401,基于能源细胞-组织架构的区域能源网分层调控、互动机制与市场交易研究,艾芊,上海交通大学,260,2019-01至2022-12
2018,联合基金项目,A01,820,U1834210,F010505,面向高速铁路典型场景业务与应用的新一代移动通信理论与关键技术研究,艾渤,北京交通大学,229,2019-01至2022-12
2018,联合基金项目,A01,821,U1838102,A03,HXMT研究脉冲星的硬X射线/软γ射线辐射,Jumpei,Takata,华中科技大学,46,2019-01至2021-12
2018,联合基金项目,A01,822,U1804196,L02,食道癌中ACP6致癌分子机制和临床相关性研究,Dong,Joon,Kim,中美（河南）荷美尔肿瘤研究院,48,2019-01至2021-12
