2018,重大研究计划,A01,1,91845104,B020103,精确原子结构的金属簇直接催化转化甲烷制甲醇/乙醇,祝艳,南京大学,78,2019-01至2021-12
2018,重大研究计划,A01,2,91851204,C010502,湿地岸边带新型微生物氮循环过程的发生机制、热区分布及氧化亚氮减排的环境效应,祝贵兵,中国科学院生态环境研究中心,290,2019-01至2022-12
2018,重大研究计划,A01,3,91839000,H0203,血管稳态与重构的调控机制,朱毅,天津医科大学,200,2019-01至2019-12
2018,重大研究计划,A01,4,91844000,D05,中国大气复合污染的成因与应对机制的基础研究学术交流活动及项目工作计划实施,朱彤,北京大学,482,2019-01至2022-12
2018,重大研究计划,A01,5,91842105,H1005,肠道代谢产物在神经炎症性疾病中免疫致病机制的研究,朱书,中国科学技术大学,60,2019-01至2021-12
2018,重大研究计划,A01,6,91860131,E050804,超瞬态凝固增材制造航空发动机功能梯度材料的基础研究,朱强,南方科技大学,60,2019-01至2021-12
2018,重大研究计划,A01,7,91849107,H1701,非激活肌卫星细胞的体外扩增及其在肌肉衰老防治中的可能性应用,朱敏生,南京大学,60,2019-01至2021-12
2018,重大研究计划,A01,8,91849108,H2501,端粒长度对C/EBPβ活性的影响及其在肝纤维化过程中的意义,朱丽君,浙江大学,60,2019-01至2021-12
2018,重大研究计划,A01,9,91849116,C0916,基于单溶酶体代谢组质谱技术的脑衰老向神经退行性变化演变的分子机制研究,朱洪影,中国科学技术大学,60,2019-01至2021-12
2018,重大研究计划,A01,10,91860135,E050902,物理场调控的整体构件旋转套料电解加工基础研究,朱栋,南京航空航天大学,60,2019-01至2021-12
2018,重大研究计划,A01,11,91852117,A020402,基于局部流场修正的空化湍流场建模及相互作用机理研究,朱兵,上海理工大学,100,2019-01至2021-12
2018,重大研究计划,A01,12,91845112,B030104,二维材料电催化还原二氧化碳的构效关系与高效电催化剂的理性设计,周震,南开大学,76,2019-01至2021-12
2018,重大研究计划,A01,13,91860136,E050904,航空发动机高温合金涡轮叶片增材制造/修复熔池流动稳定性与缺陷形成关联研究,周鑫,中国人民解放军空军工程大学,60,2019-01至2021-12
2018,重大研究计划,A01,14,91859206,H1803,外泌体介导的129Xe/19F双核MRI用于肺癌早期探测及其演进机制的研究,周欣,中国科学院武汉物理与数学研究所,310,2019-01至2022-12
2018,重大研究计划,A01,15,91856202,B0107,酶介导的手性成环研究,周佳海,中国科学院上海有机化学研究所,340,2019-01至2022-12
2018,重大研究计划,A01,16,91856108,B010305,手性聚碳酸酯寡聚物的精准合成及其立体相互作用研究,,周辉,大连理工大学,75,2019-01至2021-12
2018,重大研究计划,A01,17,91854122,C110101,鞘磷脂代谢调控胰岛素分泌过程细胞器互作的生理病理机制研究,周红文,南京医科大学,81,2019-01至2021-12
2018,重大研究计划,A01,18,91849202,C0705,衰老细胞的示踪及其细胞命运可塑性研究,周斌,中国科学院上海生命科学研究院,200,2019-01至2022-12
2018,重大研究计划,A01,19,91849111,H0203,Elabela/Apelin-APJ轴在调控SIRT6/ku80信号和心脏衰老中的作用及其机制,钟久昌,首都医科大学,50,2019-01至2021-12
2018,重大研究计划,A01,20,91842102,H0310,肠道ILC3细胞PD-1表达及其对炎症性肠病的影响,钟超,北京大学,60,2019-01至2021-12
2018,重大研究计划,A01,21,91856203,B0201,手性铁络合物催化的不对称氧化反应、胺化反应及手性铁路易斯酸催化的不对称加成反应,支志明,香港大学深圳研究院,395,2019-01至2022-12
2018,重大研究计划,A01,22,91841303,E060406,航空发动机燃烧室高保真大规模数值模拟平台研究,郑忠华,中国空气动力研究与发展中心,1100,2019-01至2022-12
2018,重大研究计划,A01,23,91860130,E050802,钛合金微观组织结构与保载疲劳性能间的关联关系研究,郑泽邦,西北工业大学,60,2019-01至2021-12
2018,重大研究计划,A01,24,91851102,C010204,滨海湿地中光合固氮细菌驱动的碳元素循环机制,郑艳宁,中国科学院微生物研究所,80,2019-01至2021-12
2018,重大研究计划,A01,25,91856125,B050205,多层次螺旋手性TPE晶态骨架的构建及用于大幅提升圆偏振发光性能的研究,郑炎松,华中科技大学,75,2019-01至2021-12
2018,重大研究计划,A01,26,91856110,B010305,光催化合成高对映体纯邻氨基醇和邻二胺的方法学研究,郑啸,厦门大学,75,2019-01至2021-12
2018,重大研究计划,A01,27,91850206,A040407,拓扑保护连续束缚光子态新光场调控机理与高性能激光研究,郑婉华,中国科学院半导体研究所,350,2019-01至2022-12
2018,重大研究计划,A01,28,91856122,B030502,手性分子非线性和频光谱的理论研究,郑仁慧,中国科学院化学研究所,75,2019-01至2021-12
2018,重大研究计划,A01,29,91842308,H1604,脾脏微环境对肿瘤诱导髓系细胞生成和免疫特性的调控与机制,郑利民,中山大学,300,2019-01至2022-12
2018,重大研究计划,A01,30,91860132,E050901,旋转超声加工C/SiC复合材料表面的服役性能研究,郑侃,南京理工大学,60,2019-01至2021-12
2018,重大研究计划,A01,31,91857119,H0720,脂肪组织与肠道系统的“时空对话”调控糖代谢的作用与机制研究,郑竞业,香港理工大学深圳研究院,75,2019-01至2021-12
2018,重大研究计划,A01,32,91860104,E010101,PST,TiAl单晶高温长时组织稳定性研究,郑功,南京理工大学,60,2019-01至2021-12
2018,重大研究计划,A01,33,91860110,E010802,高温高频条件下镍基单晶合金超高周疲劳损伤机理研究,赵子华,北京航空航天大学,60,2019-01至2021-12
2018,重大研究计划,A01,34,91845201,B02,高分散隔离活性位催化剂上甲烷等低碳烷烃的活化与选择转化,赵震,沈阳师范大学,335,2019-01至2022-12
2018,重大研究计划,A01,35,91850201,A040305,超短阿秒脉冲产生和电子空穴动力学的多谱段探测,赵增秀,中国人民解放军国防科技大学,390,2019-01至2022-12
2018,重大研究计划,A01,36,91856126,B070201,氨基酸-核苷手性互选与遗传密码起源关联性的基础研究,赵玉芬,宁波大学,75,2019-01至2021-12
2018,重大研究计划,A01,37,91856109,B010305,手性硫醚催化的不对称氯化反应研究,赵晓丹,中山大学,75,2019-01至2021-12
2018,重大研究计划,A01,38,91858203,D0601,西太平洋典型地貌下深层边界环流与沉积输运,赵玮,中国海洋大学,253,2019-01至2022-12
2018,重大研究计划,A01,39,91857107,C111101,CD36促进脂肪酸跨膜转运机制的研究,赵同金,厦门大学,78,2019-01至2021-12
2018,重大研究计划,A01,40,91855102,D0205,土耳其西部斑岩型矿床的深部过程对新特提斯洋俯冲到陆-陆碰撞过程的响应,赵俊兴,中国科学院地质与地球物理研究所,76,2019-01至2021-12
2018,重大研究计划,A01,41,91853114,B070201,炔酰胺介导的硫肽键形成方法及其在蛋白质动态修饰中的应用研究,赵军锋,江西师范大学,60,2019-01至2021-12
2018,重大研究计划,A01,42,91848101,E050102,动态非结构环境下超冗余机械臂自主运动规划研究,赵京东,哈尔滨工业大学,65,2019-01至2021-12
2018,重大研究计划,A01,43,91842106,H1904,肺泡驻留流感病毒特异性CD4,T细胞来源、稳态维持和保护作用机制研究,赵金存,广州医科大学,60,2019-01至2021-12
2018,重大研究计划,A01,44,91837204,D05,青藏高原及周边大气水循环过程多尺度变化特征及其天气气候效应,赵传峰,北京师范大学,300,2019-01至2022-12
2018,重大研究计划,A01,45,91857203,C111101,转录因子ChREBP调节果糖代谢的感应机制及其病理作用研究,章卫平,天津医科大学,285,2019-01至2022-12
2018,重大研究计划,A01,46,91849119,C0910,衰老进程中小胶质细胞调控的神经可塑性与老年疼痛,张智,中国科学技术大学,60,2019-01至2021-12
2018,重大研究计划,A01,47,91856106,B010305,基于双环咪唑骨架的新型高效手性双功能有机小分子催化剂研究,张振锋,上海交通大学,75,2019-01至2021-12
2018,重大研究计划,A01,48,91856121,B020304,基于非线性光谱与成像技术研究界面超分子手性传递与调控的微观机制,张贞,中国科学院化学研究所,75,2019-01至2021-12
2018,重大研究计划,A01,49,91855210,D0204,冈底斯岩浆弧东段的变质−深熔−岩浆作用：大陆地壳的生长与再造,张泽明,中国地质科学院地质研究所,322,2019-01至2022-12
2018,重大研究计划,A01,50,91851205,C010502,海洋细菌驱动重要有机氮氧化三甲胺（TMAO）生物地球化学循环的生化过程与分子机制,张玉忠,山东大学,280,2019-01至2022-12
2018,重大研究计划,A01,51,91860118,E020703,碳/碳复合材料包埋固渗硅基陶瓷涂层扩散反应行为及复杂耦合环境下氧化损伤机理,张雨雷,西北工业大学,60,2019-01至2021-12
2018,重大研究计划,A01,52,91852108,A0204,基于深度学习的湍流特征量分析与建模,张宇飞,清华大学,100,2019-01至2021-12
2018,重大研究计划,A01,53,91855205,D020101,拉萨地块与相邻地块二叠纪古生物地理对比研究,张以春,中国科学院南京地质古生物研究所,318,2019-01至2022-12
2018,重大研究计划,A01,54,91858104,D0203,西太平洋俯冲带水和二氧化碳再循环的实验研究,张艳飞,河海大学,50,2019-01至2021-12
2018,重大研究计划,A01,55,91846102,H0204,基于超声影像大数据的先天性心脏病人工智能辅助诊断系统及应用研究,张鑫,首都医科大学,43,2019-01至2021-12
2018,重大研究计划,A01,56,91859115,H1805,靶向超声造影动态监测局部晚期宫颈癌序贯性治疗,张新玲,中山大学,60,2019-01至2021-12
2018,重大研究计划,A01,57,91833303,E021001,高效光电转换无机半导体微纳材料与器件的关键科学问题研究,张晓宏,苏州大学,1200,2019-01至2021-12
2018,重大研究计划,A01,58,91859101,H1819,乳腺癌演进和分子分型的红外二区荧光成像,张晓东,天津大学,70,2019-01至2021-12
2018,重大研究计划,A01,59,91850205,A040405,基于光学微纳结构奇异点的光场手征特性调控及分子手性探测,,张向东,北京理工大学,350,2019-01至2022-12
2018,重大研究计划,A01,60,91836106,A040308,基于囚禁离子的转动与振动量子精密测量实验研究,张翔,中国人民大学,80,2019-01至2021-12
2018,重大研究计划,A01,61,91848104,E050103,适应复杂地形的军用负重下肢外骨骼机器人机构设计理论与控制方法研究,张武翔,北京航空航天大学,65,2019-01至2021-12
2018,重大研究计划,A01,62,91836101,A040309,基于旋量玻色－爱因斯坦凝聚的量子磁力计,张文献,武汉大学,80,2019-01至2021-12
2018,重大研究计划,A01,63,91852115,A020415,面向翼型基于机器学习理论的湍流建模方法研究,张伟伟,西北工业大学,99,2019-01至2021-12
2018,重大研究计划,A01,64,91850202,A040401,新型宽场超分辨及超高速光学显微成像基础研究与应用,张诗按,华东师范大学,390,2019-01至2022-12
2018,重大研究计划,A01,65,91857106,C111101,核受体DAF-12调控热敏型脂滴融合的机理研究,张少兵,首都师范大学,80,2019-01至2021-12
2018,重大研究计划,A01,66,91860129,E050802,镍基变形高温合金热疲劳损伤机制多尺度研究,张鹏,哈尔滨工业大学,60,2019-01至2021-12
2018,重大研究计划,A01,67,91846101,H0518,基于大数据的慢性肾脏疾病患者跨区域就诊可视化呈现及管理决策研究,张路霞,北京大学,40,2019-01至2021-12
2018,重大研究计划,A01,68,91853118,B070202,DNA去甲基化途径关键酶Tet2的先导化合物发现及其化学干预,张良,上海交通大学,60,2019-01至2021-12
2018,重大研究计划,A01,69,91846104,F060504,众包大数据多源异构融合与知识学习,张静,南京理工大学,43,2019-01至2021-12
2018,重大研究计划,A01,70,91857116,C120107,多能干细胞和早期胚胎发育的代谢调控,张进,浙江大学,77,2019-01至2021-12
2018,重大研究计划,A01,71,91849205,H0902,胰岛素抵抗导致神经元衰老的分子机制及在老年痴呆疾病中的作用研究,张杰,厦门大学,200,2019-01至2022-12
2018,重大研究计划,A01,72,91860201,E0101,单晶高温合金再结晶及其损伤机理,张健,中国科学院金属研究所,300,2019-01至2022-12
2018,重大研究计划,A01,73,91850104,A040407,基于金属纳米结构的新型光场产生、调控及与物质相互作用研究,张家森,北京大学,80,2019-01至2021-12
2018,重大研究计划,A01,74,91846106,H0729,基于自然语言处理的内分泌常用药物不良反应监测数据库的构建,张化冰,中国医学科学院北京协和医院,43,2019-01至2021-12
2018,重大研究计划,A01,75,91860111,E010802,航空发动机高温合金激光冲击强化后的多尺度微动疲劳理论研究,张宏建,南京航空航天大学,60,2019-01至2021-12
2018,重大研究计划,A01,76,91858206,D0603,西太平洋板块俯冲体系岩浆过程中深部碳循环研究,张国良,中国科学院海洋研究所,258,2019-01至2022-12
2018,重大研究计划,A01,77,91859120,H1808,基于靶向细胞周期依赖性激酶CDK4/6的多模态分子影像技术监测乳腺癌抗肿瘤药物疗效的研究,张国君,厦门大学,100,2019-01至2021-12
2018,重大研究计划,A01,78,91860133,E050901,磁流体柔性微织构砂轮的单晶叶片形性协同磨削研究,张高峰,湘潭大学,60,2019-01至2021-12
2018,重大研究计划,A01,79,91860206,E050901,航空发动机关键构件抗疲劳制造表面的创成、演化及工艺调控,张定华,西北工业大学,300,2019-01至2022-12
2018,重大研究计划,A01,80,91848112,F060709,基于侵入式脑机接口的脑控机器人手臂研究,张定国,上海交通大学,65,2019-01至2021-12
2018,重大研究计划,A01,81,91860120,E0307,航空发动机耐高温碳纤维/聚酰亚胺复合材料设计、结构调控与性能研究,张春华,哈尔滨工业大学,60,2019-01至2021-12
2018,重大研究计划,A01,82,91854204,C0701,核膜与内质网、线粒体互作及功能研究,张传茂,北京大学,285,2019-01至2022-12
2018,重大研究计划,A01,83,91851210,D0604,近海与河口MGII古菌的碳代谢机制及其群落互作关系的研究,张传伦,南方科技大学,280,2019-01至2022-12
2018,重大研究计划,A01,84,91842305,H1010,肝脏驻留γδT细胞的区域免疫可视化与细胞亚群全景图谱研究,张彩,山东大学,300,2019-01至2022-12
2018,重大研究计划,A01,85,91859109,H1808,胃癌血管新生与乏氧间动态发展过程的在体光学多模态定量监测方法研究,詹勇华,西安电子科技大学,70,2019-01至2021-12
2018,重大研究计划,A01,86,91851112,D0604,蓝细菌噬菌体的昼夜侵染节律对海洋碳循环的驱动机制,曾庆璐,香港科技大学深圳研究院,98,2019-01至2021-12
2018,重大研究计划,A01,87,91859107,H1801,术前预测肝癌微血管侵犯的智能诊断模型建立与研究,曾蒙苏,复旦大学,60,2019-01至2021-12
2018,重大研究计划,A01,88,91853133,C060601,组蛋白β-羟丁酰基化修饰的识别与调控机制研究,臧建业,中国科学技术大学,60,2019-01至2021-12
2018,重大研究计划,A01,89,91856128,E030904,手性巨型表面活性剂的精准构筑及本体自组装研究,岳衎,华南理工大学,75,2019-01至2021-12
2018,重大研究计划,A01,90,91842309,H1904,慢性乙型肝炎组织微环境中巨噬细胞新亚群鉴定、发育来源及功能研究,袁正宏,复旦大学,282,2019-01至2022-12
2018,重大研究计划,A01,91,91856123,B040102,手性高分子固膜的精准结构调控和制备研究,袁黎明,云南师范大学,75,2019-01至2021-12
2018,重大研究计划,A01,92,91853108,B070104,蛋白质O-GlcNAc糖基化动态检测新技术的开发及其在早期胚胎发育研究中的应用,袁凯,中南大学,60,2019-01至2021-12
2018,重大研究计划,A01,93,91849204,C0706,RIPK1激酶依赖的神经炎症在脑衰老及相关疾病中的调控机制研究,袁钧瑛,中国科学院上海有机化学研究所,150,2019-01至2022-12
2018,重大研究计划,A01,94,91858204,D0601,西太平洋和印度洋通过印尼贯穿流相互作用的过程与机制,袁东亮,中国科学院海洋研究所,253,2019-01至2022-12
2018,重大研究计划,A01,95,91849126,H0902,汉族老年人群衰老过程中Aβ和tau水平的调控因素研究及其对AD发生的影响,郁金泰,青岛大学,50,2019-01至2021-12
2018,重大研究计划,A01,96,91850107,F051401,介观光波导的非线性光学及光力特性研究,虞华康,华南理工大学,80,2019-01至2021-12
2018,重大研究计划,A01,97,91860134,E050902,航空发动机叶片进排气边缘的高精度修整技术的研究,余祖元,大连理工大学,60,2019-01至2021-12
2018,重大研究计划,A01,98,91856105,B010303,金属催化的不对称成环反应：反应发展和机理研究,余志祥,北京大学,75,2019-01至2021-12
2018,重大研究计划,A01,99,91839104,H0215,FGFR1的蛋白翻译后SUMO化修饰对动脉粥样硬化血管内皮病理性表型转换的调控与机制研究,余路阳,浙江大学,50,2019-01至2021-12
2018,重大研究计划,A01,100,91854103,C060101,拟南芥叶绿体与线粒体间信号交流参与调控程序性细胞死亡的分子机制研究,余泓,中国科学院遗传与发育生物学研究所,95,2019-01至2021-12
2018,重大研究计划,A01,101,91860140,F050304,面向航空发动机苛刻环境光纤传感的关键科学问题研究,于永森,吉林大学,60,2019-01至2021-12
2018,重大研究计划,A01,102,91838302,F010906,面向空间平台的激光传输系统,于思源,哈尔滨工业大学,316,2019-01至2021-12
2018,重大研究计划,A01,103,91838000,F01,指导专家组调研和组织学术会议费用,于全,中国人民解放军军事科学院系统工程研究院,100,2019-01至2019-12
2018,重大研究计划,A01,104,91845106,B020103,二维纳米表界面限域催化甲烷转化的第一性原理研究,于良,中国科学院大连化学物理研究所,75,2019-01至2021-12
2018,重大研究计划,A01,105,91852116,A011707,基于极小作用方法和高精度算法的湍流生成机理研究,于海军,中国科学院数学与系统科学研究院,97,2019-01至2021-12
2018,重大研究计划,A01,106,91854117,C0702,Extended,Synaptotagmins在内质网与细胞质膜互作中的机制研究,于海佳,南京师范大学,92,2019-01至2021-12
2018,重大研究计划,A01,107,91856201,B010305,不对称惰性碳—氢键官能团化反应研究,游书力,中国科学院上海有机化学研究所,400,2019-01至2022-12
2018,重大研究计划,A01,108,91857112,C111101,乙醛脱氢酶2在动脉粥样硬化中对脂代谢的时空网络调控,尹慧勇,中国科学院上海生命科学研究院,85,2019-01至2021-12
2018,重大研究计划,A01,109,91848102,E050102,纤维阵列驱动刚柔软机械臂的变刚度驱动机理与实验研究,尹海斌,武汉理工大学,65,2019-01至2021-12
2018,重大研究计划,A01,110,91833305,E030901,有机能源材料电子态的本质,易院平,中国科学院化学研究所,150,2019-01至2021-12
2018,重大研究计划,A01,111,91853122,B070203,新型唾液酸转移酶抑制剂的发现研究,叶新山,北京大学,60,2019-01至2021-12
2018,重大研究计划,A01,112,91856104,B010303,不对称C-H羰基化反应,叶萌春,南开大学,75,2019-01至2021-12
2018,重大研究计划,A01,113,91834302,B0803,甲醇制烯烃过程介尺度机制与调控及其在新一代技术中的示范应用,叶茂,中国科学院大连化学物理研究所,1000,2019-01至2021-12
2018,重大研究计划,A01,114,91854203,C0701,ACAP4调控管状囊泡-细胞质膜动态互作的新机制,姚雪彪,中国科学技术大学,288,2019-01至2022-12
2018,重大研究计划,A01,115,91854111,C0701,mTORC2介导的内质网－线粒体互作在心脏发育过程中的作用及调控机制,杨中州,南京大学,99,2019-01至2021-12
2018,重大研究计划,A01,116,91850119,A040407,基于表面等离激元磁共振的光场调控研究,杨志林,厦门大学,80,2019-01至2021-12
2018,重大研究计划,A01,117,91855216,D0212,印度-亚洲碰撞过程拉萨地块和特提斯喜马拉雅地体的运动学研究,杨振宇,首都师范大学,324,2019-01至2022-12
2018,重大研究计划,A01,118,91849118,H2501,脂代谢与认知和长寿共有基因的遗传变异及分子机制研究,杨泽,北京医院,60,2019-01至2021-12
2018,重大研究计划,A01,119,91857202,C0713,基于高性能遗传编码荧光探针的中心碳代谢活细胞成像与时空动态分析,杨弋,华东理工大学,275,2019-01至2022-12
2018,重大研究计划,A01,120,91852107,A020401,带水平剪切的双扩散对流流动结构及输运特性,杨延涛,北京大学,100,2019-01至2021-12
2018,重大研究计划,A01,121,91857120,H1606,尿苷二磷酸葡萄糖脱氢酶UGDH在肺癌转移过程中的功能及调控机制,杨巍维,中国科学院上海生命科学研究院,76,2019-01至2021-12
2018,重大研究计划,A01,122,91853104,B040401,p66Shc蛋白磷酸化调控肾小管上皮细胞凋亡通路的原位荧光分析,杨荣华,长沙理工大学,60,2019-01至2021-12
2018,重大研究计划,A01,123,91842302,H10,肠道微生态与肠免疫自身调控网络研究,杨荣存,南开大学,260,2019-01至2022-12
2018,重大研究计划,A01,124,91834303,B080301,复杂多相体系介尺度机制的基本问题与计算模式,杨宁,中国科学院过程工程研究所,1000,2019-01至2021-12
2018,重大研究计划,A01,125,91851104,C010502,亚热带河流水库浮游微生物群落构建及其碳氮循环耦合机制与效应,杨军,中国科学院城市环境研究所,80,2019-01至2021-12
2018,重大研究计划,A01,126,91849114,H0609,基于酸碱微环境调控的腰椎间盘退变修复新技术的建立及其机制研究,杨惠林,苏州大学,50,2019-01至2021-12
2018,重大研究计划,A01,127,91850111,A040405,基于飞秒光电子显微镜技术的载流子动力学多维度研究,杨宏,北京大学,80,2019-01至2021-12
2018,重大研究计划,A01,128,91833302,E0210,面向能源的新型光电材料光电转换过程的核心共性机理研究,杨国伟,中山大学,300,2019-01至2021-12
2018,重大研究计划,A01,129,91853127,B070505,特异性调控PP2C蛋白去磷酸化分子探针的设计及分子机制,杨光富,华中师范大学,60,2019-01至2021-12
2018,重大研究计划,A01,130,91854101,B070104,新型化学生物学工具的建立并应用于细胞自噬小体与其他细胞器互作网络的绘制,杨爱民,重庆大学,90,2019-01至2021-12
2018,重大研究计划,A01,131,91856120,B02,基于超分子作用的手性翻转精准调控,阎云,北京大学,75,2019-01至2021-12
2018,重大研究计划,A01,132,91855101,D0603,南沙腹地隐伏背斜构造的成因及对古南海的指示,阎贫,中国科学院南海海洋研究所,73,2019-01至2021-12
2018,重大研究计划,A01,133,91858202,D0601,热带西太平洋地形、环流和涡旋共同调控下的暖池形态年代际演变过程,严晓海,厦门大学,253,2019-01至2022-12
2018,重大研究计划,A01,134,91857114,C111101,RNA,m6A修饰调控脂代谢的机制研究,严冬,中国科学院上海生命科学研究院,76,2019-01至2021-12
2018,重大研究计划,A01,135,91849121,H0912,miR-7-1-3p调控神经元自噬功能减退在脑衰老和帕金森病发病中的机制研究,薛峥,华中科技大学,50,2019-01至2021-12
2018,重大研究计划,A01,136,91849115,H0902,CHIP调控的蛋白质质量控制系统参与阿尔茨海默病发病的分子机制及治疗策略研究,许予明,郑州大学,50,2019-01至2021-12
2018,重大研究计划,A01,137,91851114,D0604,印度洋热液区赤杆菌水体垂直分布特征及其碳代谢特点研究,许学伟,自然资源部第二海洋研究所,80,2019-01至2021-12
2018,重大研究计划,A01,138,91858211,D0204,西北太平洋从活动陆缘到沟-弧-盆体系转换的时间与机制：晚白垩世-古近纪岩浆作用记录,许文良,吉林大学,253,2019-01至2022-12
2018,重大研究计划,A01,139,91853204,B070201,组蛋白乙酰化的调控机制与干预策略研究,许瑞明,中国科学院生物物理研究所,320,2019-01至2022-12
2018,重大研究计划,A01,140,91833000,E03,指导专家组调研和学术交流会组织费用,许宁生,复旦大学,400,2018-01至2020-12
2018,重大研究计划,A01,141,91851202,C010502,微生物电网驱动河流异质性沉积物中长距离氮硫元素循环机制,许玫英,广东省微生物研究所,290,2019-01至2022-12
2018,重大研究计划,A01,142,91858103,D0601,西北太平洋复杂地形下内潮能量辐射途径和耗散机制,徐振华,中国科学院海洋研究所,50,2019-01至2021-12
2018,重大研究计划,A01,143,91858207,D0603,西太平洋马里亚纳海沟俯冲板片含水量探测及水岩相互作用研究,徐敏,中国科学院南海海洋研究所,253,2019-01至2022-12
2018,重大研究计划,A01,144,91854104,C0713,Cide缺失的脂肪细胞中脂滴及其互作细胞器协同调控脂分解代谢的机制研究,徐俐,清华大学,94,2019-01至2021-12
2018,重大研究计划,A01,145,91852114,A020401,基于非平衡气体动理学的时间松弛湍流建模,徐昆,香港科技大学深圳研究院,100,2019-01至2021-12
2018,重大研究计划,A01,146,91860000,E01,航空发动机高温材料/先进制造及故障诊断科学基础战略研究,徐惠彬,北京航空航天大学,500,2019-01至2022-12
2018,重大研究计划,A01,147,91852106,A020401,涡扇发动机中湍流特性及宽频噪生产生机理的数值研究,徐辉,上海交通大学,96,2019-01至2021-12
2018,重大研究计划,A01,148,91850207,A040407,可片上集成的突破衍射极限光场的产生与传输,徐红星,武汉大学,390,2019-01至2022-12
2018,重大研究计划,A01,149,91852104,A020401,基于拉格朗日加速度测量的湍流压力场统计特性研究,徐海涛,清华大学,99,2019-01至2021-12
2018,重大研究计划,A01,150,91858106,D0603,上新世以来热带西太平洋深部呼吸碳库的演化及其与大气pCO2冰期旋回的关联,熊志方,自然资源部第一海洋研究所,50,2019-01至2021-12
2018,重大研究计划,A01,151,91849206,H09,脑衰老及退行性病变的多尺度全脑胆固醇图谱研究,熊伟,中国科学技术大学,200,2019-01至2022-12
2018,重大研究计划,A01,152,91853126,B070503,基于化学生物学方法的精氨酸甲基化酶PRMT4靶点确证研究,熊兵,中国科学院上海药物研究所,60,2019-01至2021-12
2018,重大研究计划,A01,153,91848202,E0501,面向太空望远镜在轨组装的空间机器人系统关键技术研究,谢宗武,哈尔滨工业大学,280,2019-01至2022-12
2018,重大研究计划,A01,154,91849110,H0609,锌指蛋白Zbtb20缺失导致严重早发退行性骨关节病的机制研究,谢志芳,天津医科大学,50,2019-01至2021-12
2018,重大研究计划,A01,155,91845202,B020103,陶瓷电极新型活性界面体系及电解CO2同步电氧化CH4制化学品研究,谢奎,中国科学院福建物质结构研究所,330,2019-01至2022-12
2018,重大研究计划,A01,156,91846103,G040603,基于大数据的精准血液管理模式优化研究,谢珏,浙江大学,43,2019-01至2021-12
2018,重大研究计划,A01,157,91852112,A020401,超高负荷低压涡轮叶栅的流动损失机理和控制方法,肖左利,北京大学,100,2019-01至2021-12
2018,重大研究计划,A01,158,91852113,A020401,凹腔诱发高超声速边界层转捩机理及气动加热研究,肖志祥,清华大学,100,2019-01至2021-12
2018,重大研究计划,A01,159,91856112,B010305,合成生物学构筑多层次光系统驱动的黄素依赖单加氧酶催化的硫醚不对称氧化,肖友利,中国科学院上海生命科学研究院,75,2019-01至2021-12
2018,重大研究计划,A01,160,91845113,E041203,二氧化碳甲烷低温重整制合成气的熔盐电化学池,肖巍,武汉大学,78,2019-01至2021-12
2018,重大研究计划,A01,161,91850105,A040408,钙钛矿受限量子体系相干动力学的多维电子光谱研究,肖敏,南京大学,80,2019-01至2021-12
2018,重大研究计划,A01,162,91845103,B020101,催化动力学模拟方法开发和碳-碳成键的理论研究,肖建平,中国科学院大连化学物理研究所,75,2019-01至2021-12
2018,重大研究计划,A01,163,91836103,A040309,氟化镁分子的磁光囚禁及其在质子-电子的质量比常数精密测量上的应用,夏勇,华东师范大学,80,2019-01至2021-12
2018,重大研究计划,A01,164,91860121,E04,超快速凝固法（SHRS）变抽拉速度条件下制备单晶空心涡轮叶片的研究,夏明许,上海交通大学,60,2019-01至2021-12
2018,重大研究计划,A01,165,91854108,C0701,MCL-1蛋白调控线粒体自噬的功能和机制研究,夏宏光,浙江大学,96,2019-01至2021-12
2018,重大研究计划,A01,166,91849120,H0214,延髓头端腹外侧区衰老细胞参与老年血压稳态失衡的机制研究,武宇明,河北医科大学,60,2019-01至2021-12
2018,重大研究计划,A01,167,91847301,E0901,西南河流源区水文-环境监测体系及数据集成平台,吴永祥,水利部交通运输部国家能源局南京水利科学研究院,400,2019-01至2023-12
2018,重大研究计划,A01,168,91859102,H1803,磁共振pH定量成像无创监测胶质瘤乏氧微环境的关键技术研究,吴垠,中国科学院深圳先进技术研究院,60,2019-01至2021-12
2018,重大研究计划,A01,169,91836105,A050106,基于扭摆的空间引力波探测中检验质量磁性干扰及磁性测量的研究,吴书朝,华中科技大学,80,2019-01至2021-12
2018,重大研究计划,A01,170,91853203,B070103,以核受体Nur77为靶向发现调控脂代谢抑制乳腺癌进程的小分子化合物,吴乔,厦门大学,280,2019-01至2022-12
2018,重大研究计划,A01,171,91837206,D0507,青藏高原积雪年代际变率归因与全球气候效应研究,吴其冈,复旦大学,298,2019-01至2022-12
2018,重大研究计划,A01,172,91858208,D0603,冲绳海槽海底冷泉—热液系统相互作用及资源效应,吴能友,青岛海洋地质研究所,253,2019-01至2022-12
2018,重大研究计划,A01,173,91858000,D06,西太平洋地球系统多圈层相互作用学术活动和战略研究,(第一阶段),吴立新,中国海洋大学,300,2019-01至2020-12
2018,重大研究计划,A01,174,91845108,B020104,前过渡金属茂基配合物催化的低碳烷烃活化转化新体系研究,吴立朋,中国科学院兰州化学物理研究所,78,2019-01至2021-12
2018,重大研究计划,A01,175,91848106,E051002,面向柔性电路板装配的协作机器人拖动演示编程研究,吴建华,上海交通大学,65,2019-01至2021-12
2018,重大研究计划,A01,176,91855211,D0403,青藏高原古-新特提斯洋转换阶段关键块体裂解-汇聚过程的古地磁约束,吴汉宁,西北大学,318,2019-01至2022-12
2018,重大研究计划,A01,177,91853112,B070201,噬菌体展示非天然多元环肽库的设计合成与蛋白识别分子筛选,吴川六,厦门大学,60,2019-01至2021-12
2018,重大研究计划,A01,178,91856102,B01,基于阴离子配位的手性超分子体系的构筑与多级组装,吴彪,西北大学,75,2019-01至2021-12
2018,重大研究计划,A01,179,91843302,B06,大气细颗粒物与人群心肺疾病的关联性及机制,,邬堂春,华中科技大学,1250,2019-01至2021-12
2018,重大研究计划,A01,180,91848105,E0507,䲟鱼仿生机器人游动-吸附-脱附机理、制造与控制关键技术,文力,北京航空航天大学,65,2019-01至2021-12
2018,重大研究计划,A01,181,91859103,C0706,靶向LC3分子的AIE探针用于细胞自噬可视化的研究,温龙平,华南理工大学,70,2019-01至2021-12
2018,重大研究计划,A01,182,91850209,A040406,调控超快光场的相干合成及驱动产生阿秒脉冲的研究,魏志义,中国科学院物理研究所,390,2019-01至2022-12
2018,重大研究计划,A01,183,91859112,B0405,功能化核酸增强原发性肝癌荧光可视化成像研究,魏辉,南京大学,70,2019-01至2021-12
2018,重大研究计划,A01,184,91854123,C120201,线粒体与内质网互作在生殖细胞发育中的建立、维持及其机制研究,王媛,华东师范大学,89,2019-01至2021-12
2018,重大研究计划,A01,185,91837207,D0506,青藏高原中小尺度地形动力学研究,王元,南京大学,296,2019-01至2022-12
2018,重大研究计划,A01,186,91849104,H2501,RBM8a介导Wnt信号调节神经元再生在衰老过程中的作用及机制研究,王永刚,上海交通大学,50,2019-01至2021-12
2018,重大研究计划,A01,187,91860138,E060604,面向航空发动机状态监测与故障诊断的高温动态光纤传感机理及关键技术研究,王英,深圳大学,60,2019-01至2021-12
2018,重大研究计划,A01,188,91854118,C0702,内质网至高尔基体运输网络在神经发育中的重要功能及机制研究,王雅清,中国科学院遗传与发育生物学研究所,84,2019-01至2021-12
2018,重大研究计划,A01,189,91858210,D0602,西北太平洋黑潮和黑潮延伸体环流、水团结构特性及其对碳循环的影响：天然碳-14研究,王旭晨,中国海洋大学,253,2019-01至2022-12
2018,重大研究计划,A01,190,91850116,A040407,结合矢量光束与电子隧穿方法构建纳米尺度局域光场及其调控物理研究,王笑,湖南大学,80,2019-01至2021-12
2018,重大研究计划,A01,191,91839107,H0223,TFEB硝基化修饰在高同型半胱氨酸血症促进血管老化中的分子机制研究,王雯,首都医科大学,50,2019-01至2021-12
2018,重大研究计划,A01,192,91848110,F030918,面向下肢康复机器人临床应用的双向感知增强人机交互方法,王卫群,中国科学院自动化研究所,65,2019-01至2021-12
2018,重大研究计划,A01,193,91857205,H0712,肠道菌群-代谢物-免疫轴调节糖脂代谢稳态作用,王卫庆,上海交通大学,293,2019-01至2022-12
2018,重大研究计划,A01,194,91860126,E050302,基于共振耦合的航空发动机涡轮叶片/轮盘损伤实时识别方法研究,王维民,北京化工大学,60,2019-01至2021-12
2018,重大研究计划,A01,195,91854209,C110101,心肌细胞横管-肌质网-线粒体五膜耦联与兴奋-钙信号-代谢调控轴,王世强,北京大学,279,2019-01至2022-12
2018,重大研究计划,A01,196,91860125,E050302,航空发动机快变信号的稀疏结构化增强原理研究,王诗彬,西安交通大学,60,2019-01至2021-12
2018,重大研究计划,A01,197,91855209,D0205,喜马拉雅淡色花岗岩稀有金属成矿作用研究,王汝成,南京大学,332,2019-01至2022-12
2018,重大研究计划,A01,198,91860108,E010603,Ni基高温合金的团簇成分式及其应用,王清,大连理工大学,60,2019-01至2021-12
2018,重大研究计划,A01,199,91842103,H1002,角化细胞中FXYD3对皮肤炎症的免疫调控作用及其机制研究,王青青,浙江大学,60,2019-01至2021-12
2018,重大研究计划,A01,200,91855215,D0204,青藏高原中北部Sn波不发育区地幔演化及深部过程,王强,中国科学院广州地球化学研究所,328,2019-01至2022-12
2018,重大研究计划,A01,201,91851103,C010403,水圈碳循环原驱动力——水体初级生产力的原位无损分析方法的建立与应用,王强,中国科学院水生生物研究所,80,2019-01至2021-12
2018,重大研究计划,A01,202,91854102,C020101,植物内质网-质膜连接点与VAP27蛋白所调控的细胞自噬机制对生物胁迫的响应,王鹏蔚,华中农业大学,92,2019-01至2021-12
2018,重大研究计划,A01,203,91849135,H2501,GPX4依赖的铁死亡通过调控TET2参与血管平滑肌衰老及其分子机制,王培,同济大学,60,2019-01至2021-12
2018,重大研究计划,A01,204,91838303,F011303,遥感影像稀疏表征与融合处理综合集成演示验证,王密,武汉大学,307,2019-01至2021-12
2018,重大研究计划,A01,205,91839105,C060703,基于多组学数据构建血管稳态调控网络数据库,王猛,中国科学院遗传与发育生物学研究所,50,2019-01至2021-12
2018,重大研究计划,A01,206,91839106,H0109,MALAT1/miR-503相关自噬途径与低氧性肺血管重建关系的分子机制和双氢青蒿素的干预研究,王良兴,温州医科大学,50,2019-01至2021-12
2018,重大研究计划,A01,207,91852205,A020401,含离散物质两相壁湍流中的湍流结构和流动阻力调控机理研究,王连平,南方科技大学,400,2019-01至2022-12
2018,重大研究计划,A01,208,91849124,H2501,肺泡干细胞稳态异常与肺早衰及纤维化的机制,王丽辉,杭州师范大学,50,2019-01至2021-12
2018,重大研究计划,A01,209,91855104,D0205,东特提斯域白垩纪中期思茅-呵叻海及其与巨量钾盐形成的关系,王立成,中国科学院青藏高原研究所,75,2019-01至2021-12
2018,重大研究计划,A01,210,91850113,A040405,基于贵金属纳米孔/单层二维材料复合超构表面的二次谐波多维度调控,王凯,华中科技大学,80,2019-01至2021-12
2018,重大研究计划,A01,211,91857101,C0104,肠-肝轴调控糖脂代谢中淋巴和血液循环系统的各自作用,王军,中国科学院微生物研究所,81,2019-01至2021-12
2018,重大研究计划,A01,212,91854115,C0709,COPII衣被蛋白Sec24磷酸化调控COPII囊泡-自噬隔离膜互作和自噬体形成的机制,王娟,北京工业大学,82,2019-01至2021-12
2018,重大研究计划,A01,213,91853107,B070101,脂基化修饰分子-长链脂肪酰辅酶A的生物荧光探针构建和时空特异性检测技术,王晶,北京大学,60,2019-01至2021-12
2018,重大研究计划,A01,214,91852206,A020401,壁面几何形状对湍流边界层湍流/非湍流界面特性影响的实验研究,王晋军,北京航空航天大学,420,2019-01至2022-12
2018,重大研究计划,A01,215,91849106,H08,探寻慢性炎症调控造血干细胞衰老的分子生物学机制,王建伟,清华大学,60,2019-01至2021-12
2018,重大研究计划,A01,216,91851117,D070401,典型气候带湖泊微生物群落形成机制及其与碳循环的耦合,王建军,中国科学院南京地理与湖泊研究所,100,2019-01至2021-12
2018,重大研究计划,A01,217,91846203,G0409,城市洪涝灾害预警与全景式决策云平台,王慧敏,河海大学,240,2019-01至2022-12
2018,重大研究计划,A01,218,91859205,H16,基于重要靶点的肝癌多模态诊疗研究,王红阳,中国人民解放军第二军医大学,310,2019-01至2022-12
2018,重大研究计划,A01,219,91829000,H1602,指导专家组调研和组织学术交流会费用,王红阳,中国人民解放军第二军医大学,157.5,2019-01至2019-12
2018,重大研究计划,A01,220,91860103,E0101,镍基高温合金单晶叶片中“马赛克”缺陷的形成机理及控制研究,王富,西安交通大学,60,2019-01至2021-12
2018,重大研究计划,A01,221,91853101,B040303,基于紫外激光解离-质谱的蛋白质多位点修饰分析新方法,王方军,中国科学院大连化学物理研究所,60,2019-01至2021-12
2018,重大研究计划,A01,222,91860122,E0417,NiAl/TiAl基梯度合金空心结构电流辅助构筑烧结形性协同控制基础研究,王东君,哈尔滨工业大学,60,2019-01至2021-12
2018,重大研究计划,A01,223,91837205,D0507,青藏高原地区融冻的气候效应及机理研究,王澄海,兰州大学,300,2019-01至2022-12
2018,重大研究计划,A01,224,91839302,H02,血管细胞外基质重构参与主动脉夹层/主动脉瘤的发生与发展的机制研究,汪道文,华中科技大学,300,2019-01至2021-12
2018,重大研究计划,A01,225,91855207,D0212,俯冲－碰撞转化带板片深部形态与地质响应,万博,中国科学院地质与地球物理研究所,333,2019-01至2022-12
2018,重大研究计划,A01,226,91853119,B070202,可调控CRISPR-Cas系统发展及用于核酸表观遗传修饰动态调控研究,田沺,武汉大学,60,2019-01至2021-12
2018,重大研究计划,A01,227,91852207,A020401,高能量密度下汇聚几何界面失稳诱导的转捩和湍流混合机理研究,田保林,北京应用物理与计算数学研究所,400,2019-01至2022-12
2018,重大研究计划,A01,228,91856113,B010406,基于指数迭代增长和"异氰酸酯-胺"点击反应的手性聚氨基酸衍生物的精准合成及性能研究,陶友华,中国科学院长春应用化学研究所,75,2019-01至2021-12
2018,重大研究计划,A01,229,91859202,H1808,MET靶向纳米显像系统在头颈部鳞癌可视化诊疗中的研究,陶晓峰,上海交通大学,290,2019-01至2022-12
2018,重大研究计划,A01,230,91837312,D0509,青藏高原典型生态系统碳氮水循环过程及其气候效应,唐艳鸿,北京大学,384,2019-01至2022-12
2018,重大研究计划,A01,231,91842101,C0808,肝脏不同解剖区域巨噬细胞功能异质性的调控网络研究,唐丽,中国人民解放军军事科学院军事医学研究院,60,2019-01至2021-12
2018,重大研究计划,A01,232,91853120,B070203,蛋白糖基化的深入研究及其在新型药物和诊断技术发现中的应用,谭忠平,中国医学科学院药物研究所,60,2019-01至2021-12
2018,重大研究计划,A01,233,91860123,E0418,高温合金高纯化制备过程中电子束与微量杂质元素交互作用机理研究,谭毅,大连理工大学,60,2019-01至2021-12
2018,重大研究计划,A01,234,91850110,A040404,基于光波导的光场调控及其在微流传感中的应用,谭杨,山东大学,80,2019-01至2021-12
2018,重大研究计划,A01,235,91860127,E050302,航空发动机叶片表面梯度强化层裂纹扩展监测方法研究,孙瑜,西安交通大学,60,2019-01至2021-12
2018,重大研究计划,A01,236,91853109,B0702,线粒体自噬关键蛋白Parkin的动态修饰与化学小分子干预,孙洋,南京大学,60,2019-01至2021-12
2018,重大研究计划,A01,237,91849130,H0902,AF1Q调控TCF7-Wnt通路在老年痴呆症发生中的作用,孙秀莲,山东大学,60,2019-01至2021-12
2018,重大研究计划,A01,238,91855213,D0205,特提斯构造域碰撞造山型金矿成矿机制,孙晓明,中山大学,311,2019-01至2022-12
2018,重大研究计划,A01,239,91853123,B070203,完整糖肽上N-连接糖链结构的从头测序新技术研究,孙士生,西北大学,60,2019-01至2021-12
2018,重大研究计划,A01,240,91849132,H2501,基于长寿人群探索“菌群-脑-肠轴”平衡的正性作用和机制,孙亮,北京医院,50,2019-01至2021-12
2018,重大研究计划,A01,241,91860139,F030811,航空发动机多时空尺度数据关联分析与深度融合预测方法研究,孙见忠,南京航空航天大学,60,2019-01至2021-12
2018,重大研究计划,A01,242,91846202,G0119,大数据环境下汽车共享出行管理优化与智能服务,孙会君,北京交通大学,240,2019-01至2022-12
2018,重大研究计划,A01,243,91853125,B0705,去泛素化酶USP7,C端结构域的调控机制及化学干预,孙宏斌,中国药科大学,60,2019-01至2021-12
2018,重大研究计划,A01,244,91848206,F06,人机共融多模态传感软体操作理论与应用,孙富春,清华大学,280,2019-01至2022-12
2018,重大研究计划,A01,245,91860112,E010802,压气机叶片用TC17钛合金高温超高周疲劳行为与缺陷敏感性研究,孙成奇,中国科学院力学研究所,60,2019-01至2021-12
2018,重大研究计划,A01,246,91852202,A020401,封闭湍流系统中粗糙壁面对湍流结构生成演化及输运的影响研究,孙超,清华大学,420,2019-01至2022-12
2018,重大研究计划,A01,247,91859114,H1825,用于肝癌早期检测的外泌体可视化集成流式细胞仪研究,苏绚涛,山东大学,70,2019-01至2021-12
2018,重大研究计划,A01,248,91848109,F030913,面向大尺寸、高精密光学元件装配的人-机器人协作方法研究,苏建华,中国科学院自动化研究所,65,2019-01至2021-12
2018,重大研究计划,A01,249,91854107,C0701,线粒体内外膜接触调控线粒体与内质网互作研究,宋质银,武汉大学,96,2019-01至2021-12
2018,重大研究计划,A01,250,91855214,D0205,陆–陆碰撞褶皱逆冲带内MVT铅锌成矿作用：青藏高原与扎格罗斯造山带对比研究,宋玉财,中国地质科学院地质研究所,323,2019-01至2022-12
2018,重大研究计划,A01,251,91857000,C1111,糖脂代谢的时空网络调控,宋保亮,武汉大学,260,2019-01至2020-12
2018,重大研究计划,A01,252,91852105,A020401,不可压缩壁面剪切流动中层流-湍流界面处湍流生成和扩展机制研究,宋保方,天津大学,94,2019-01至2021-12
2018,重大研究计划,A01,253,91849112,H0919,谷氨酸受体调节亚基TARP,g-8缺失导致精神分裂症样脑衰老的机制研究,石云,南京大学,50,2019-01至2021-12
2018,重大研究计划,A01,254,91858209,D0603,西太平洋富稀土沉积大规模成矿作用研究,石学法,自然资源部第一海洋研究所,253,2019-01至2022-12
2018,重大研究计划,A01,255,91856111,B010305,基于优势手性片段策略的配体设计及在烯烃不对称氢芳基化反应和聚合反应中的应用,施世良,中国科学院上海有机化学研究所,75,2019-01至2021-12
2018,重大研究计划,A01,256,91850115,A040403,基于石墨烯辅助的耦合微腔系统中宇称时间对称性及其应用研究,施雷,华中科技大学,80,2019-01至2021-12
2018,重大研究计划,A01,257,91860101,A020303,接触晶向和温度相关的镍基单晶合金微动疲劳损伤机理及寿命评估模型,施惠基,清华大学,60,2019-01至2021-12
2018,重大研究计划,A01,258,91859117,H1808,近红外二区荧光分子探针用于胰管恶性病变的动态可视化研究,盛宗海,中国科学院深圳先进技术研究院,60,2019-01至2021-12
2018,重大研究计划,A01,259,91839101,H0216,重症主动脉病变的遗传多态性预警及相关机制研究,沈振亚,苏州大学,50,2019-01至2021-12
2018,重大研究计划,A01,260,91857104,C1111,下丘脑BDNF信号与代谢疾病,沈伟,上海科技大学,75,2019-01至2021-12
2018,重大研究计划,A01,261,91849000,H25,器官衰老研究相关的新策略及新技术的战略调查,申勇,中国科学技术大学,200,2019-01至2019-12
2018,重大研究计划,A01,262,91851203,C010502,海洋细菌对烃类物质的细胞感应、跨膜转运与代谢调控机制研究,邵宗泽,自然资源部第三海洋研究所,320,2019-01至2022-12
2018,重大研究计划,A01,263,91852204,A020402,云空化汽液两相湍流的建模及其时空演化机理研究,邵雪明,浙江大学,420,2019-01至2022-12
2018,重大研究计划,A01,264,91850108,A040407,微纳金属结构矢量光场变换及在光学模拟计算中的应用,阮智超,浙江大学,79,2019-01至2021-12
2018,重大研究计划,A01,265,91854116,C0709,内质网与自噬溶酶体互作的分子机制,荣岳光,华中科技大学,84,2019-01至2021-12
2018,重大研究计划,A01,266,91841302,E0604,发动机湍流燃烧耦合作用机理和物理建模研究,任祝寅,清华大学,1100,2019-01至2022-12
2018,重大研究计划,A01,267,91848204,E050701,仿生拉压体双足机器人原理与关键技术,任雷,吉林大学,280,2019-01至2022-12
2018,重大研究计划,A01,268,91854206,C0701,微丝骨架调节植物细胞分泌囊泡与质膜融合机制的研究,任海云,北京师范大学,279,2019-01至2022-12
2018,重大研究计划,A01,269,91850112,F050207,基于超表面嵌入结构的高效偏振GaN基LED研究,任芳芳,南京大学,80,2019-01至2021-12
2018,重大研究计划,A01,270,91853129,C0502,CRL泛素连接酶受拟素化修饰(Neddylation)动态调控的机制与功能研究,饶枫,南方科技大学,60,2019-01至2021-12
2018,重大研究计划,A01,271,91856205,B070202,手性调控G-四链DNA生物功能及其在抗肿瘤中的应用,曲晓刚,中国科学院长春应用化学研究所,360,2019-01至2022-12
2018,重大研究计划,A01,272,91860208,E050902,难切削加工材料电解机械复合铣削加工技术,曲宁松,南京航空航天大学,300,2019-01至2022-12
2018,重大研究计划,A01,273,91847302,E090104,西南河流源区空-地水资源联合调控理论与技术研究,裘钧,青海大学,400,2019-01至2023-12
2018,重大研究计划,A01,274,91859121,H1808,基于高灵敏超极化13C,MRI的肝细胞癌的动态演化研究,邱本胜,中国科学技术大学,100,2019-01至2021-12
2018,重大研究计划,A01,275,91846105,G020902,共享经济中消费者行为模式挖掘及其对平台效率的影响研究,钱宇,电子科技大学,43,2019-01至2021-12
2018,重大研究计划,A01,276,91842306,H1012,病理损伤修复中肺脏和肠道区域免疫特性对比分析及潜在功能关联分析,钱友存,中国科学院上海生命科学研究院,300,2019-01至2022-12
2018,重大研究计划,A01,277,91850203,A040406,长波中红外（8微米）周期量级超快光场的产生与操控技术研究,钱列加,上海交通大学,350,2019-01至2022-12
2018,重大研究计划,A01,278,91853121,B070203,基于化学干预CD33的AML靶向治疗研究,彭文杰,上海交通大学,60,2019-01至2021-12
2018,重大研究计划,A01,279,91859123,B0405,活体微循环的微米级分辨动态分子影像技术与恶性实体瘤早期诊断,庞代文,南开大学,100,2019-01至2021-12
2018,重大研究计划,A01,280,91859113,H1807,跨尺度光声分子成像分型诊断脑胶质瘤及其高分辨率可视化,聂立铭,厦门大学,70,2019-01至2021-12
2018,重大研究计划,A01,281,91857110,C111101,染色质重塑因子BAF60s介导的糖脂代谢重塑在2型糖尿病胰岛β细胞功能损伤中的作用与机制研究,孟卓贤,浙江大学,85,2019-01至2021-12
2018,重大研究计划,A01,282,91850120,A040405,强场驱动下量子材料的阿秒动力学,孟胜,中国科学院物理研究所,80,2019-01至2021-12
2018,重大研究计划,A01,283,91853131,C050204,运用差异糖蛋白组学探索O-GalNAc糖基转移酶的特异性底物与功能,毛洋,中山大学,60,2019-01至2021-12
2018,重大研究计划,A01,284,91860128,E050401,航空发动机用增材制造钛合金的高温疲劳和蠕变断裂行为及其失效机理,马玉娥,西北工业大学,60,2019-01至2021-12
2018,重大研究计划,A01,285,91833304,E030901,面向电致发光显示的高性能纯有机发光材料,马於光,华南理工大学,1150,2019-01至2021-12
2018,重大研究计划,A01,286,91837208,D0502,泛第三极地区多圈层地气相互作用过程及其影响区域能量和水分循环的机制研究,马耀明,中国科学院青藏高原研究所,307,2019-01至2022-12
2018,重大研究计划,A01,287,91851107,C010504,嗜热脱氮地芽孢杆菌NG80-2的厌氧解烃机制研究,马挺,南开大学,70,2019-01至2021-12
2018,重大研究计划,A01,288,91842304,H1005,肺脏γδ,T细胞的区域免疫特性及其在抗病毒免疫反应中的功能研究,吕力为,香港大学深圳研究院,300,2019-01至2022-12
2018,重大研究计划,A01,289,91852103,A020402,典型空化状态下空化与湍流的相互作用机制,罗先武,清华大学,100,2019-01至2021-12
2018,重大研究计划,A01,290,91853116,B070201,磷酸化和甲基化调控U1-70K聚集和相分离的分子机制研究,罗施中,北京化工大学,60,2019-01至2021-12
2018,重大研究计划,A01,291,91860137,E051002,基于学习模型的刀具磨损少传感识别及表面状态预测与控制方法,罗明,西北工业大学,60,2019-01至2021-12
2018,重大研究计划,A01,292,91836000,A0403,指导专家组项目调研和组织学术交流会费用,罗俊,中山大学,350,2019-01至2021-12
2018,重大研究计划,A01,293,91853134,C0709,Myh9蛋白整体磷酸化修饰的动态变化、调控及功能研究,罗金才,北京大学,60,2019-01至2021-12
2018,重大研究计划,A01,294,91853205,B070502,基于翻译后修饰的难靶蛋白质化学探针发现技术体系构建及化学干预,罗成,中国科学院上海药物研究所,280,2019-01至2022-12
2018,重大研究计划,A01,295,91850117,A040407,芯片上金属纳米颗粒-光子晶体复合微腔的制备及应用研究,路翠翠,北京理工大学,80,2019-01至2021-12
2018,重大研究计划,A01,296,91857117,H0713,生命早期饥饿与成年饱食“两次打击”导致机体糖脂代谢感应网络重塑的机制研究,陆颖理,上海交通大学,76,2019-01至2021-12
2018,重大研究计划,A01,297,91859110,H1808,近红外I/II双色荧光显微成像研究结肠癌演进中肿瘤细胞与免疫微环境的相互作用,陆伟,复旦大学,70,2019-01至2021-12
2018,重大研究计划,A01,298,91836303,A040408,基于高品质单光子和多光子纠缠的超越标准量子极限精密测量技术,陆朝阳,中国科学技术大学,430,2019-01至2021-12
2018,重大研究计划,A01,299,91857118,H0719,基于大规模队列揭示血脂基因MCU和EEPD1在糖脂代谢调节中的作用及功能研究,鲁向锋,中国医学科学院阜外医院,78,2019-01至2021-12
2018,重大研究计划,A01,300,91851208,D0203,近海与河口透光层半导体矿物协同微生物驱动碳氮硫循环的机制研究,鲁安怀,北京大学,290,2019-01至2022-12
2018,重大研究计划,A01,301,91845105,B020103,双功能催化CO2加氢直接高选择性合成对二甲苯的研究,刘子玉,中国科学院上海高等研究院,78,2019-01至2021-12
2018,重大研究计划,A01,302,91858201,D0601,西太平洋关键中小尺度过程能量串级与相互作用机理研究,刘志宇,厦门大学,253,2019-01至2022-12
2018,重大研究计划,A01,303,91860207,E050901,面向航空发动机高温合金盘件长疲劳寿命的加工表面状态与性质演化及调控机制研究,刘战强,山东大学,300,2019-01至2022-12
2018,重大研究计划,A01,304,91860116,E020601,航空发动机封严用石墨/BN/Si3N4复合材料结构调控及摩擦磨损机制研究,刘占军,中国科学院山西煤炭化学研究所,60,2019-01至2021-12
2018,重大研究计划,A01,305,91851207,D010105,青藏高原冰尘微生物介导的碳代谢及环境效应,刘勇勤,中国科学院青藏高原研究所,320,2019-01至2022-12
2018,重大研究计划,A01,306,91857204,C111101,内质网应激感应分子IRE1α的代谢性激活在代谢稳态中的调控作用与机制,刘勇,武汉大学,309,2019-01至2022-12
2018,重大研究计划,A01,307,91854205,C0701,细胞器互作调控线粒体应激的分子机制及其生理病理功能,刘颖,北京大学,286,2019-01至2022-12
2018,重大研究计划,A01,308,91846201,G0210,沉浸式交互购物环境下的个性化营销决策理论,刘业政,合肥工业大学,240,2019-01至2022-12
2018,重大研究计划,A01,309,91854112,C0701,应用海森结构光超高分辨率显微镜研究靶向溶酶体的线粒体衍生囊泡的发生机制,刘彦梅,北京大学,91,2019-01至2021-12
2018,重大研究计划,A01,310,91849117,H0912,利用iPSC和大脑类器官研究线粒体在唐氏综合征大脑衰老中的作用,刘妍,南京医科大学,60,2019-01至2021-12
2018,重大研究计划,A01,311,91853115,B070201,微管正端跟踪蛋白EB1动态巴豆酰化调控细胞有丝分裂的机制解析,刘行,中国科学技术大学,60,2019-01至2021-12
2018,重大研究计划,A01,312,91853111,B0702,定点修饰的生物正交反应在基因编辑技术中的应用,刘涛,北京大学,60,2019-01至2021-12
2018,重大研究计划,A01,313,91836301,A030604,高精度时间频率传递与比对研究,刘涛,中国科学院国家授时中心,430,2019-01至2021-12
2018,重大研究计划,A01,314,91848107,F011301,面向共融机器人的三维视觉显著度计算与人机自然交互,刘琼,华中科技大学,65,2019-01至2021-12
2018,重大研究计划,A01,315,91849101,H2501,长链非编码RNA在大脑海马区衰老及相关神经退行性改变中的功能及分子,细胞机制,刘强,中国科学技术大学,60,2019-01至2021-12
2018,重大研究计划,A01,316,91845107,B020104,廉价金属催化的低碳醇类小分子的碳碳偶联反应研究,刘强,清华大学,78,2019-01至2021-12
2018,重大研究计划,A01,317,91857201,C0701,脂质储存与代谢细胞器－脂滴的进化研究,刘平生,中国科学院生物物理研究所,271,2019-01至2022-12
2018,重大研究计划,A01,318,91845110,B0202,芳烃和烷烃在金属表面的C−H键活化交叉偶联反应及其机理研究,刘培念,华东理工大学,78,2019-01至2021-12
2018,重大研究计划,A01,319,91849109,H2501,组蛋白H2A泛素化修饰作为高度保守衰老标志物的鉴定和机制研究,刘南,中国科学院上海有机化学研究所,60,2019-01至2021-12
2018,重大研究计划,A01,320,91854105,C0713,MAM蛋白FUNDC2调控线粒体自噬和动态的研究,刘垒,中国科学院动物研究所,98,2019-01至2021-12
2018,重大研究计划,A01,321,91857111,C111101,Ubr3调控的新型肝分泌因子在调节糖脂代谢网络中的作用及机制,刘军力,上海交通大学,82,2019-01至2021-12
2018,重大研究计划,A01,322,91848108,F0309,室内服务机器人多维度情景理解与行为优化方法研究,刘景泰,南开大学,65,2019-01至2021-12
2018,重大研究计划,A01,323,91853110,B0702,细胞内特异信使RNA定点m6A甲基化调控,刘建钊,浙江大学,60,2019-01至2021-12
2018,重大研究计划,A01,324,91852101,A020402,梢隙涡空化初生的流动控制方法研究,刘建华,中国船舶科学研究中心,109,2019-01至2021-12
2018,重大研究计划,A01,325,91834301,B080105,新型能量转换材料及电化学反应过程中的介尺度机制及调控,刘洪来,华东理工大学,1000,2019-01至2021-12
2018,重大研究计划,A01,326,91855206,D0204,古特提斯-新特提斯复杂演变过程中多期变质事件的性质及其对洋（陆）-陆碰撞造山的制约,刘福来,中国地质科学院地质研究所,331,2019-01至2022-12
2018,重大研究计划,A01,327,91860105,E010101,含Sc粉末高温合金的成分设计及其强化机理,刘锋,中南大学,60,2019-01至2021-12
2018,重大研究计划,A01,328,91849207,H25,血管衰老对于腹主动脉瘤发生发展的作用及其表观遗传机制,,刘德培,中国医学科学院基础医学研究所,150,2019-01至2022-12
2018,重大研究计划,A01,329,91853113,B070201,翻译后修饰调控的渐冻人症致病蛋白可逆相分离与不可逆聚集的分子机制研究,刘聪,中国科学院上海有机化学研究所,60,2019-01至2021-12
2018,重大研究计划,A01,330,91849208,H2501,血管内皮与脂肪组织调控衰老的机制研究,刘宝华,深圳大学,150,2019-01至2022-12
2018,重大研究计划,A01,331,91849127,H2501,GDF11抑制mTORC1/TFEB/自噬通路促进小鼠肝脏增龄性功能衰退的作用研究,刘安定,华中科技大学,60,2019-01至2021-12
2018,重大研究计划,A01,332,91850114,A040305,若干纳微结构在超快光场中的电子动力学理论研究,刘爱华,吉林大学,80,2019-01至2021-12
2018,重大研究计划,A01,333,91859116,H1819,多模态诊疗一体化纳米探针用于HER-2阳性乳腺癌转移灶受体定量、成像监测与克服耐药的研究,凌代舜,浙江大学,70,2019-01至2021-12
2018,重大研究计划,A01,334,91855212,D021101,古特提斯东部构造演化-以越北及邻区为例,林伟,中国科学院地质与地球物理研究所,322,2019-01至2022-12
2018,重大研究计划,A01,335,91854208,C0711,基于细胞器的AMPK的区域化调控与代谢稳态调控,林圣彩,厦门大学,303,2019-01至2022-12
2018,重大研究计划,A01,336,91850109,A040407,超快局域等离激元动力学演化的高时空分辨研究,林景全,长春理工大学,80,2019-01至2021-12
2018,重大研究计划,A01,337,91860205,E0503,高推重比涡扇发动机故障演化机理、多源信息融合与诊断,林京,北京航空航天大学,300,2019-01至2022-12
2018,重大研究计划,A01,338,91852102,A020401,由湍动导致纳米颗粒数密度增减和扩散的两相湍流研究,林建忠,浙江大学,95,2019-01至2021-12
2018,重大研究计划,A01,339,91846109,H1210,大数据驱动的婴幼儿视力智能评估系统的研发和应用,,林浩添,中山大学,20,2019-01至2019-12
2018,重大研究计划,A01,340,91846110,G0210,大数据驱动下观察性学习与网络口碑的交互与协同影响研究,廖貅武,西安交通大学,20,2019-01至2019-12
2018,重大研究计划,A01,341,91856114,B0105,手性层状铅碘钙钛矿铁电体的精准合成与功能、应用探索,廖伟强,南昌大学,75,2019-01至2021-12
2018,重大研究计划,A01,342,91836104,A050106,用于空间引力波探测的高精度皮瓦级弱光锁相控制研究,梁浴榕,中国科学院武汉物理与数学研究所,80,2019-01至2021-12
2018,重大研究计划,A01,343,91859201,H1805,肝癌超声智能诊断和分子影像监控热化疗的研究,梁萍,中国人民解放军总医院,300,2019-01至2022-12
2018,重大研究计划,A01,344,91860102,A020310,氧化铝薄膜与镍基底的高温界面强度跨尺度表征,梁立红,中国科学院力学研究所,60,2019-01至2021-12
2018,重大研究计划,A01,345,91857113,C111101,LET-767参与胰岛素信号通路调控脂代谢的分子机理研究,梁斌,中国科学院昆明动物研究所,81,2019-01至2021-12
2018,重大研究计划,A01,346,91842307,H1016,肝硬化脾-肝区域免疫中脾脏单核-巨噬细胞的表型变化及分子调控,李宗芳,西安交通大学,300,2019-01至2022-12
2018,重大研究计划,A01,347,91855208,D0408,新特提斯洋起始张开与起始俯冲的动力学数值模拟,李忠海,中国科学院大学,313,2019-01至2022-12
2018,重大研究计划,A01,348,91837209,D05,青藏高原与北部沙漠地区陆-气耦合系统关联性及其对北方干旱的影响研究,李耀辉,中国气象局兰州干旱气象研究所,303,2019-01至2022-12
2018,重大研究计划,A01,349,91849122,H0203,外泌体作为circRNA的新型载体清除衰老细胞并延缓心脏衰老的策略及机制研究,李杨欣,苏州大学,50,2019-01至2021-12
2018,重大研究计划,A01,350,91852203,A020401,可压缩湍流高精度数值研究,李新亮,中国科学院力学研究所,400,2019-01至2022-12
2018,重大研究计划,A01,351,91836302,A040307,超越标准量子极限的多参数联合测量,李小英,天津大学,410,2019-01至2021-12
2018,重大研究计划,A01,352,91841301,B030304,发动机燃烧的动力学模型和数据库系统,李象远,四川大学,800,2019-01至2022-12
2018,重大研究计划,A01,353,91859203,H1615,基于影像组学智能预测晚期非小细胞肺癌EGFR-TKI靶向治疗耐药的研究,李为民,四川大学,300,2019-01至2022-12
2018,重大研究计划,A01,354,91851118,C010502,富营养化淡水湖泊中蓝藻-附生微生物群体的碳氮循环潜力的微生物组学研究,李涛,中国科学院水生生物研究所,80,2019-01至2021-12
2018,重大研究计划,A01,355,91850204,A040407,基于超构表面设计的集成显微成像研究,李涛,南京大学,350,2019-01至2022-12
2018,重大研究计划,A01,356,91859118,C100602,血小板靶向/荧光多功能纳米药物构建及其抗乳腺癌转移作用研究,李素萍,国家纳米科学中心,70,2019-01至2021-12
2018,重大研究计划,A01,357,91849103,H0906,β,分泌酶在大脑衰老和退行性变化中的作用和机制研究,李人,首都医科大学,60,2019-01至2021-12
2018,重大研究计划,A01,358,91857102,C0711,IDH1突变体通过重塑糖脂代谢促进肿瘤发生的机理,李勤喜,厦门大学,75,2019-01至2021-12
2018,重大研究计划,A01,359,91852109,A020401,激波与湍流小尺度结构相互作用的数值研究,李启兵,清华大学,100,2019-01至2021-12
2018,重大研究计划,A01,360,91851115,D070202,地下水系统中微生物介导的关键氮循环过程及其环境效应,李平,中国地质大学（武汉）,80,2019-01至2021-12
2018,重大研究计划,A01,361,91850118,A040405,结构表面波的构建、表征及光力效应研究,李鹏,西北工业大学,80,2019-01至2021-12
2018,重大研究计划,A01,362,91849209,H2501,长链非编码RNA-DANCER调控心脏衰老过程的功能与机制研究,李培峰,青岛大学,200,2019-01至2022-12
2018,重大研究计划,A01,363,91851105,C010502,近海沉积物中阿斯加德(Asgard)古菌的碳代谢机制及其生态效应研究,李猛,深圳大学,100,2019-01至2021-12
2018,重大研究计划,A01,364,91859111,B040403,循环肿瘤细胞上皮间质转化表型的单细胞荧光/拉曼双模态可视化分析,李璐,山东师范大学,70,2019-01至2021-12
2018,重大研究计划,A01,365,91846303,H2610,面向人群健康和重大疾病的大数据集成共享平台研究及示范应用,李立明,北京大学,700,2019-01至2022-12
2018,重大研究计划,A01,366,91860203,E0206,1700℃碳/碳抗氧化涂层成分结构设计与长寿命服役稳定性研究,李贺军,西北工业大学,300,2019-01至2022-12
2018,重大研究计划,A01,367,91856116,B0106,手性超分子组装体系的动态共价合成及其应用,李昊,浙江大学,75,2019-01至2021-12
2018,重大研究计划,A01,368,91858213,D0603,卡罗琳海板块实验：初始俯冲、初始扩张与流固耦合,李春峰,浙江大学,253,2019-01至2022-12
2018,重大研究计划,A01,369,91860114,E011102,YSZ,颗粒在电弧等离子射流边界层的自组装团聚行为及其对热障涂层显微结构的影响,李成新,西安交通大学,60,2019-01至2021-12
2018,重大研究计划,A01,370,91857109,C111101,长期锻炼作用下早期生长因子Egr-1介导骨骼肌细胞糖脂代谢模式变化及分泌以调控脂肪细胞脂质积累的机制研究,李朝军,南京大学,79,2019-01至2021-12
2018,重大研究计划,A01,371,91860113,E010803,近α型高温钛合金微纳层状结构调控机制及组织稳定性研究,李伯龙,北京工业大学,60,2019-01至2021-12
2018,重大研究计划,A01,372,91856107,B010305,基于烯烃的催化不对称烯基化反应研究,李必杰,清华大学,75,2019-01至2021-12
2018,重大研究计划,A01,373,91853202,B070101,抗骨髓瘤药物靶点DYRK2激酶动态修饰蛋白酶体的特异性化学干预,雷晓光,北京大学,280,2019-01至2022-12
2018,重大研究计划,A01,374,91841000,E06,面向发动机的湍流燃烧基础研究指导专家组战略研究和学术交流,乐嘉陵,中国空气动力研究与发展中心,500,2019-01至2021-12
2018,重大研究计划,A01,375,91859119,H1801,基于影像组学的多参数磁共振精准诊断前列腺癌病理Gleason分级的研究,金征宇,中国医学科学院北京协和医院,100,2019-01至2021-12
2018,重大研究计划,A01,376,91846302,H1814,真实世界大数据驱动的全景式健康医疗管理与服务模式研究,金力,复旦大学,700,2019-01至2022-12
2018,重大研究计划,A01,377,91850106,A040407,基于局域表面等离激元的传感器物理机理和应用研究,金崇君,中山大学,86,2019-01至2021-12
2018,重大研究计划,A01,378,91853106,B0701,基于新型光诱导原位“点击”荧光的生物正交反应研究及生物大分子动态修饰标记,蒋先兴,中山大学,60,2019-01至2021-12
2018,重大研究计划,A01,379,91860117,E020703,与涡轮叶片一体化集成的AlN薄膜基于温度记忆效应测温技术研究,蒋洪川,电子科技大学,60,2019-01至2021-12
2018,重大研究计划,A01,380,91839103,H0215,硫化氢抗As血管重构的新机制：巯基化修饰NFIL3抑制MEST介导的内皮间质转化,姜志胜,南华大学,50,2019-01至2021-12
2018,重大研究计划,A01,381,91858108,D0603,夏威夷-皇帝海山链运动学过程研究,姜兆霞,中国海洋大学,50,2019-01至2021-12
2018,重大研究计划,A01,382,91858215,D0603,基于流体地球物理表征的新几内亚-所罗门弧俯冲起始动力学机制,姜效典,中国海洋大学,253,2019-01至2022-12
2018,重大研究计划,A01,383,91854201,C020101,植物细胞器动态互作网络的建立：EXPO分泌体，自噬体和液泡,姜里文,香港中文大学深圳研究院,281,2019-01至2022-12
2018,重大研究计划,A01,384,91838301,F010601,面向空间平台的多节点间同时激光高速信息传输系统,姜会林,长春理工大学,316,2019-01至2021-12
2018,重大研究计划,A01,385,91860124,E050302,航空发动机健康状态多源深度信息融合与智能预示研究,姜洪开,西北工业大学,60,2019-01至2021-12
2018,重大研究计划,A01,386,91851206,C010504,酸性矿山排水中微生物硫氧化驱动的地球元素循环过程及机制,姜成英,中国科学院微生物研究所,290,2019-01至2022-12
2018,重大研究计划,A01,387,91857115,C111101,脆弱拟杆菌-胆汁酸GUDCA-肠FXR代谢轴在二甲双胍降糖中的作用及机制研究,姜长涛,北京大学,87,2019-01至2021-12
2018,重大研究计划,A01,388,91856118,B0106,超分子聚合物手性的反S-型相关,江云宝,厦门大学,75,2019-01至2021-12
2018,重大研究计划,A01,389,91860204,E0308,航空发动机用耐高温热塑性树脂基复合材料及其服役条件下结构、缺陷及性能演变机理,蹇锡高,大连理工大学,300,2019-01至2022-12
2018,重大研究计划,A01,390,91851113,D0604,深渊环境中温和型病毒对微生物宿主碳氮源代谢的影响研究,蹇华哗,上海交通大学,80,2019-01至2021-12
2018,重大研究计划,A01,391,91854121,C0702,TBC1d23调节细胞器互作及突变引起脑桥小脑发育不全的机制研究,贾大,四川大学,89,2019-01至2021-12
2018,重大研究计划,A01,392,91854109,C0701,哺乳动物VPS13D在内质网-线粒体接触位点维持中的功能研究,季维克,华中科技大学,80,2019-01至2021-12
2018,重大研究计划,A01,393,91849131,H0609,紧密连接蛋白CLDN1在衰老细胞清除和改善骨骼系统退行性变中的作用及其机制研究,纪俊峰,浙江大学,50,2019-01至2021-12
2018,重大研究计划,A01,394,91856127,E010302,本征手性金属纳米颗粒的手性效应与不对称光催化功能,黄陟峰,香港浸会大学深圳研究院,75,2019-01至2021-12
2018,重大研究计划,A01,395,91853103,B0404,蛋白质泛素化靶向识别与动态修饰分析,黄嫣嫣,中国科学院化学研究所,60,2019-01至2021-12
2018,重大研究计划,A01,396,91852201,A020407,基于湍流结构的泵喷推进系统流动噪声关键物理机制及控制方法研究,黄迅,北京大学,400,2019-01至2022-12
2018,重大研究计划,A01,397,91860106,E010102,基于多尺度微区变形的Ti6242合金使役条件疲劳-蠕变交互行为研究,黄旭,中国航发北京航空材料研究院,60,2019-01至2021-12
2018,重大研究计划,A01,398,91859106,H3105,应用多模态影像技术监控由药靶活性改变和代谢重编程介导的肿瘤对c-Met靶向治疗耐药的研究,黄锐敏,中国科学院上海药物研究所,60,2019-01至2021-12
2018,重大研究计划,A01,399,91848205,F0309,开放式空间刚-柔智能群体机器人基础理论与关键技术研究,黄攀峰,西北工业大学,280,2019-01至2022-12
2018,重大研究计划,A01,400,91851201,C010204,雪藻驱动极地碳循环及适应低温和高辐射的机制,黄开耀,中国科学院水生生物研究所,290,2019-01至2022-12
2018,重大研究计划,A01,401,91854124,H0716,线粒体GEF蛋白WBSCR16调控线粒体之间及线粒体与其它细胞器之间互作机制及功能的研究,黄国瑞,上海交通大学,93,2019-01至2021-12
2018,重大研究计划,A01,402,91833301,E0209,大尺寸氧化锌及宽禁带半导体单晶制备与发光器件,黄丰,中山大学,1150,2019-01至2021-12
2018,重大研究计划,A01,403,91833306,E030901,面向全印刷OFET-OLED显示的核心材料体系与关键共性技术,胡文平,天津大学,1150,2019-01至2021-12
2018,重大研究计划,A01,404,91859207,H1806,基于多靶点分子标志物的前列腺癌早期精准分层诊断的可视化研究,胡硕,中南大学,290,2019-01至2022-12
2018,重大研究计划,A01,405,91858101,D0601,复杂地形作用下的印太跨海盆相互作用及其对印太淡水平衡的影响,胡石建,中国科学院海洋研究所,50,2019-01至2021-12
2018,重大研究计划,A01,406,91853128,C0502,靶向泛素连接酶UBE3A过表达相关人类自闭症的模型建立、机制研究及化学干预,胡荣贵,中国科学院上海生命科学研究院,60,2019-01至2021-12
2018,重大研究计划,A01,407,91860107,E010603,钛合金保载疲劳的成分及温度依赖性的第一原理研究,胡青苗,中国科学院金属研究所,60,2019-01至2021-12
2018,重大研究计划,A01,408,91844301,D0513,中国大气复合污染生成的关键化学过程集成研究,胡敏,北京大学,481,2019-01至2022-12
2018,重大研究计划,A01,409,91854202,C0701,内质网相关细胞器互作在细胞应激反应中的机制与功能研究,胡俊杰,中国科学院生物物理研究所,269,2019-01至2022-12
2018,重大研究计划,A01,410,91849129,H2501,成骨细胞分化过程中线粒体能量代谢调控及机制研究,胡宏岗,上海大学,60,2019-01至2021-12
2018,重大研究计划,A01,411,91847000,E0901,西南河流源区径流变化和适应性利用重大研究计划2019年战略研究项目,胡春宏,中国水利水电科学研究院,300,2019-01至2021-12
2018,重大研究计划,A01,412,91848103,E050103,异构仓储物流机器人集群自主作业研究,胡标,北京化工大学,65,2019-01至2021-12
2018,重大研究计划,A01,413,91851116,D0312,云南腾冲热泉化能自养微生物碳源和固碳速率研究,侯卫国,中国地质大学（北京）,80,2019-01至2021-12
2018,重大研究计划,A01,414,91837102,D010105,基于青藏高原冰芯记录探讨高原"全新世温度变化谜题",侯书贵,南京大学,99,2019-01至2021-12
2018,重大研究计划,A01,415,91842104,H1005,肝脏枯否细胞活化及其介导肝脏炎症的调控机制,侯晋,中国人民解放军第二军医大学,60,2019-01至2021-12
2018,重大研究计划,A01,416,91851111,D0604,河口-近海低氧区微生物不完全反硝化过程介导的N2O产生与释放机制,洪义国,广州大学,80,2019-01至2021-12
2018,重大研究计划,A01,417,91853201,B0701,原发性肝癌标志物Glypican-3细胞膜原位动态修饰的比例荧光探测、化学干预及信号转导机制研究,贺晓鹏,华东理工大学,280,2019-01至2022-12
2018,重大研究计划,A01,418,91860115,E011301,放电等离子扩散焊过程中电-热-力复合能场对构件材料及界面作用机理研究,贺建超,中国航空制造技术研究院,60,2019-01至2021-12
2018,重大研究计划,A01,419,91853105,B040403,基于金属纳米颗粒动态单分子分析的纳米颗粒蛋白冠研究,何彦,清华大学,60,2019-01至2021-12
2018,重大研究计划,A01,420,91851109,C0309,好氧甲烷氧化菌对挥发性有机硫化物的代谢特性及其在湖泊水体硫循环中的作用,何若,浙江大学,80,2019-01至2021-12
2018,重大研究计划,A01,421,91850101,A0404,电磁超表面的角度色散调控光场的原理及应用研究,何琼,复旦大学,80,2019-01至2021-12
2018,重大研究计划,A01,422,91846113,G020902,一年期滚动项目——证券管理决策大数据挖掘云服务平台研究,何清,中国科学院计算技术研究所,20,2019-01至2019-12
2018,重大研究计划,A01,423,91853117,B070201,金属蛋白酶组织抑制因子-2（TIMP-2）的精确磷酸化修饰及其对关键基质金属蛋白酶活性的调控机制研究,何春茂,华南理工大学,60,2019-01至2021-12
2018,重大研究计划,A01,424,91837101,D0507,青藏高原地表位涡强迫对季风环流的影响和反馈及其气候效应,何编,中国科学院大气物理研究所,100,2019-01至2021-12
2018,重大研究计划,A01,425,91854110,C0701,线粒体与Weible-Palade小体互作调控其生物发生的作用机制,郝振华,首都医科大学,87,2019-01至2021-12
2018,重大研究计划,A01,426,91858212,D0603,苏拉威西海与古南海对向俯冲系统的三维地震观测及板块活动机制,郝天珧,中国科学院地质与地球物理研究所,253,2019-01至2022-12
2018,重大研究计划,A01,427,91856117,B0106,基于三蝶烯手性分子笼的构筑及其应用研究,韩莹,中国科学院化学研究所,75,2019-01至2021-12
2018,重大研究计划,A01,428,91860202,E0104,高性能镍基单晶高温合金长寿命使役稳定性的组织结构优化及原子机理,韩晓东,北京工业大学,300,2019-01至2022-12
2018,重大研究计划,A01,429,91854106,C0701,应激过程细胞器应答与互作成像分析新策略,韩守法,厦门大学,92,2019-01至2021-12
2018,重大研究计划,A01,430,91849102,H0203,非编码环RNA,circSirt1与宿主基因SIRT1协同抑制血管平滑肌炎性衰老的机制,韩梅,河北医科大学,50,2019-01至2021-12
2018,重大研究计划,A01,431,91848203,E0501,多无人机以及人-多机协调合作方法研究与验证,韩建达,南开大学,280,2019-01至2022-12
2018,重大研究计划,A01,432,91853132,C050208,急性髓系白血病的RNA,5-甲基胞嘧啶修饰异常改变及调控机制研究,韩大力,中国科学院北京基因组研究所,60,2019-01至2021-12
2018,重大研究计划,A01,433,91842301,C07,人体组织器官区域免疫图谱的绘制,郭国骥,浙江大学,298,2019-01至2022-12
2018,重大研究计划,A01,434,91859204,H1808,结直肠癌癌前病变关键分子可视化及活体病理诊断,顾月清,中国药科大学,300,2019-01至2022-12
2018,重大研究计划,A01,435,91859104,H1808,开发基于核酸适配体的新型探针用于早期肿瘤的标志物识别和诊治,顾宏周,复旦大学,60,2019-01至2021-12
2018,重大研究计划,A01,436,91839102,H02,TGF-β通路对心脏弓动脉发育稳态的调控作用及机制,顾爱华,南京医科大学,50,2019-01至2021-12
2018,重大研究计划,A01,437,91854114,C0708,内质网-高尔基体膜系统互作和稳态维持,葛亮,清华大学,95,2019-01至2021-12
2018,重大研究计划,A01,438,91842303,H10,肉芽肿形成的肺部区域免疫特征及调控机制研究,戈宝学,同济大学,300,2019-01至2022-12
2018,重大研究计划,A01,439,91851209,D0602,陆海关键带（地上、地下河口）氮过程,高树基,厦门大学,290,2019-01至2022-12
2018,重大研究计划,A01,440,91859105,H1617,多模影像分析联合多组学策略解析肝癌时空异质性的研究,高强,复旦大学,70,2019-01至2021-12
2018,重大研究计划,A01,441,91846112,H2610,基于综合风险评估和人群动态预警的健康管理研究——以心血管疾病为例,高培,北京大学,20,2019-01至2019-12
2018,重大研究计划,A01,442,91853130,C050201,DNA损伤修复因子RNF168的翻译后修饰及调控机制研究,高大明,中国科学院上海生命科学研究院,60,2019-01至2021-12
2018,重大研究计划,A01,443,91857105,C110902,线粒体蛋白质稳态控制在骨骼肌-脂肪间代谢交流中的功能机制研究,甘振继,南京大学,83,2019-01至2021-12
2018,重大研究计划,A01,444,91858102,D0601,黑潮-亲潮延伸体区中尺度-锋面尺度海气相互作用过程与机理及其对副热带逆流的影响,甘波澜,中国海洋大学,50,2019-01至2021-12
2018,重大研究计划,A01,445,91837310,D0501,青藏高原云降水物理及其对能量收支和水分循环的影响,傅云飞,中国科学技术大学,399,2019-01至2022-12
2018,重大研究计划,A01,446,91854119,C0702,拟南芥Rab-H1b在细胞极性生长过程中介导高尔基体与质膜互作的机制研究,傅缨,中国农业大学,96,2019-01至2021-12
2018,重大研究计划,A01,447,91845102,B020101,双金属表界面烃类小分子化学转化的机理研究,傅钢,厦门大学,75,2019-01至2021-12
2018,重大研究计划,A01,448,91851110,D0605,海洋微生物通过“海油雪”聚集物促进泄漏石油风化的研究,付杰,复旦大学,80,2019-01至2021-12
2018,重大研究计划,A01,449,91849133,H0912,星型胶质细胞上调基因-1（AEG-1）调控应激颗粒形成在肌萎缩侧索硬化疾病中的机制研究,丰宏林,哈尔滨医科大学,50,2019-01至2021-12
2018,重大研究计划,A01,450,91852110,A020401,超/亚声速射流噪声的机理研究和数值计算,方一红,天津大学,100,2019-01至2021-12
2018,重大研究计划,A01,451,91845203,B020103,以甲基自由基表面偶联为导向的甲烷氧化偶联双功能催化剂设计开发与机理研究,范杰,浙江大学,335,2019-01至2022-12
2018,重大研究计划,A01,452,91832000,H09,情感环路调控的战略调查研究,段树民,浙江大学,270,2019-01至2019-12
2018,重大研究计划,A01,453,91856115,B0106,自组装体系中的手性多步传递、放大与圆偏振发光增强效应,段鹏飞,国家纳米科学中心,75,2019-01至2021-12
2018,重大研究计划,A01,454,91848201,A0203,柔性微纳米机器人多模态变体关键技术研究,段慧玲,北京大学,220,2019-01至2022-12
2018,重大研究计划,A01,455,91856103,B010301,新型手性氢转移试剂研究,杜海峰,中国科学院化学研究所,75,2019-01至2021-12
2018,重大研究计划,A01,456,91852111,A020401,波浪表面拟分层效应下海气边界层湍流结构和通量输运相关性的研究,董宇红,上海大学,100,2019-01至2021-12
2018,重大研究计划,A01,457,91860119,E0307,耐500℃有机无机杂化聚酰亚胺树脂基复合材料研究,董波涛,中国航空制造技术研究院,60,2019-01至2021-12
2018,重大研究计划,A01,458,91845101,B0201,单点配位界面催化剂的设计、合成及其多相烯烃氢甲酰化应用的基础研究,丁云杰,中国科学院大连化学物理研究所,78,2019-01至2021-12
2018,重大研究计划,A01,459,91849123,H0518,RNA甲基化在肾脏衰老中的作用及其分子机制研究,丁小强,复旦大学,50,2019-01至2021-12
2018,重大研究计划,A01,460,91858214,D0603,菲律宾海九州-帕劳海脊南段的深部结构、岩浆作用和形成过程——对板块俯冲起始机制的启示,丁巍伟,自然资源部第二海洋研究所,253,2019-01至2022-12
2018,重大研究计划,A01,461,91846107,G0114,智慧医疗情境下基于多模态跨界融合的全景式智能决策方法研究,丁帅,合肥工业大学,43,2019-01至2021-12
2018,重大研究计划,A01,462,91839301,H0220,调控血管微环境代谢通路从而促进纤维化肺的再生,丁楅森,四川大学,300,2019-01至2021-12
2018,重大研究计划,A01,463,91849128,H0801,E3连接酶-Trim26通过泛素化H2A介导的p16和p21调控造血干细胞衰老的研究,刁道君,暨南大学,50,2019-01至2021-12
2018,重大研究计划,A01,464,91851106,C010502,开发细胞内融合基因技术解析海底硫酸盐型甲烷厌氧氧化菌群多样性,邓晔,中国科学院生态环境研究中心,80,2019-01至2021-12
2018,重大研究计划,A01,465,91855217,D0205,西南三江昌宁—孟连缝合带复合造山演化与成矿系统时空结构,邓军,中国地质大学（北京）,325,2019-01至2022-12
2018,重大研究计划,A01,466,91836102,F050507,量子光场与高频光机械振子相互作用机理及其精密测量应用研究,邓光伟,电子科技大学,80,2019-01至2021-12
2018,重大研究计划,A01,467,91859108,H16,多功能病毒样颗粒用于恶性胶质瘤非侵入性脑内成像和靶向治疗,崔宗强,中国科学院武汉病毒研究所,70,2019-01至2021-12
2018,重大研究计划,A01,468,91856204,B050405,新型多孔共价有机框架的手性结构设计、构筑及催化性能,崔勇,上海交通大学,400,2019-01至2022-12
2018,重大研究计划,A01,469,91845109,B020107,氧化锌基催化剂上合成气转化新概念的机理研究,崔义,中国科学院苏州纳米技术与纳米仿生研究所,78,2019-01至2021-12
2018,重大研究计划,A01,470,91851101,B040302,基于单细胞拉曼-15N2稳定同位素标记解析水圈固氮微生物及其固氮活性,崔丽,中国科学院城市环境研究所,80,2019-01至2021-12
2018,重大研究计划,A01,471,91846205,F020210,面向全人群全生命历程健康管理决策的多源异构时空大数据融合方法研究,崔立真,山东大学,240,2019-01至2022-12
2018,重大研究计划,A01,472,91849134,H0902,ZIP9介导的雄激素调节海马神经元树突棘重塑及对学习记忆能力的影响,崔慧先,河北医科大学,50,2019-01至2021-12
2018,重大研究计划,A01,473,91855103,D0211,板缘碰撞的陆内响应：伊朗Alborz造山带新生代构造演化,褚杨,中国科学院地质与地球物理研究所,76,2019-01至2021-12
2018,重大研究计划,A01,474,91853124,B070303,RNA动态修饰的化学调控,程靓,中国科学院化学研究所,60,2019-01至2021-12
2018,重大研究计划,A01,475,91848111,F0605,基于记忆模型的机器人共融导航的理论方法和关键技术研究,陈宗海,中国科学技术大学,65,2019-01至2021-12
2018,重大研究计划,A01,476,91830000,A0117,指导专家组调研、组织学术交流与项目实施,陈志明,中国科学院数学与系统科学研究院,215.2,2019-01至2019-12
2018,重大研究计划,A01,477,91850208,A040412,基于光场调控深亚波长结构集成的二维材料光电耦合增强机理与探测应用,陈效双,中国科学院上海技术物理研究所,350,2019-01至2022-12
2018,重大研究计划,A01,478,91846301,G0411,大数据驱动的公共管理决策创新模式与集成示范平台,陈晓红,中南大学,700,2019-01至2022-12
2018,重大研究计划,A01,479,91850102,A040407,基于远场超分辨成像的纳米光场探测,陈向东,中国科学技术大学,80,2019-01至2021-12
2018,重大研究计划,A01,480,91858205,D0407,聚焦于地球深部水循环的深俯冲带研究,陈望平,中国地质大学（武汉）,253,2019-01至2022-12
2018,重大研究计划,A01,481,91858105,D0603,上新世以来西太平洋沉积铁同位素演化研究,陈天宇,南京大学,50,2019-01至2021-12
2018,重大研究计划,A01,482,91837103,D0501,吸收性气溶胶辐射强迫对青藏高原热源及东亚水循环的影响机制,陈思宇,兰州大学,101,2019-01至2021-12
2018,重大研究计划,A01,483,91859122,F012501,超声-电磁多模态分子影像及其在肝细胞癌诊断的应用研究,陈思平,深圳大学,100,2019-01至2021-12
2018,重大研究计划,A01,484,91856101,A040407,基于人工微结构的手性精准构筑及其应用,陈树琪,南开大学,75,2019-01至2021-12
2018,重大研究计划,A01,485,91849201,H2501,线粒体稳态异常在细胞衰老中的关键作用,陈佺,中国科学院动物研究所,150,2019-01至2022-12
2018,重大研究计划,A01,486,91857108,C111101,肝脏线粒体载体蛋白SLC25A47在产热和脂质代谢中的调控机制,陈立功,清华大学,87,2019-01至2021-12
2018,重大研究计划,A01,487,91860109,E010701,高能束熔覆再制造定向凝固镍基高温合金结构缺陷的跨尺度表征与热处理调控,陈凯,西安交通大学,60,2019-01至2021-12
2018,重大研究计划,A01,488,91843301,B06,大气细颗粒物毒性组分甄别研究,陈建民,复旦大学,1250,2019-01至2021-12
2018,重大研究计划,A01,489,91850103,A040407,超小片上激光的设计与操控,陈建军,北京大学,85,2019-01至2021-12
2018,重大研究计划,A01,490,91856119,B010703,邻亚甲基苯醌的不对称光反应研究,陈加荣,华中师范大学,75,2019-01至2021-12
2018,重大研究计划,A01,491,91846111,F060501,面向管理与决策大数据的个性化知识服务及其应用,陈欢欢,中国科学技术大学,20,2019-01至2019-12
2018,重大研究计划,A01,492,91851108,C0308,若尔盖退化泥炭地甲烷厌氧氧化潜势及其功能微生物对氮沉降响应研究,陈槐,中国科学院成都生物研究所,80,2019-01至2021-12
2018,重大研究计划,A01,493,91846204,F060505,面向商务大数据的知识图谱引擎构建方法与关键技术研究,陈华钧,浙江大学,240,2019-01至2022-12
2018,重大研究计划,A01,494,91846000,G02,大数据驱动的管理与决策研究专家组战略研讨与交流,陈国青,清华大学,200,2019-01至2019-12
2018,重大研究计划,A01,495,91853206,B070503,化学干预CBX4对低氧诱导因子1a的SUMO化修饰及其抗肿瘤效应,陈国强,上海交通大学,320,2019-01至2022-12
2018,重大研究计划,A01,496,91849113,H0902,前脑特异敲除PDK1抑制阿尔茨海默病小鼠淀粉样斑块形成的机理研究,陈贵泉,南京大学,50,2019-01至2021-12
2018,重大研究计划,A01,497,91857103,C0711,PITP缺失的肝脏细胞中脂肪酸代谢流的时空网络调控机制研究,陈丰荣,复旦大学,82,2019-01至2021-12
2018,重大研究计划,A01,498,91849203,C110102,衰老相关肥胖和代谢下降的新调控分子GSNOR的发现及机制研究,陈畅,中国科学院生物物理研究所,200,2019-01至2022-12
2018,重大研究计划,A01,499,91858107,D0602,西北太平洋钡生物地球化学及其对弱光层有机碳再矿化的指示,曹知勉,厦门大学,50,2019-01至2021-12
2018,重大研究计划,A01,500,91854120,C0702,内质网与反式高尔基体网络动态相互作用调控葡糖神经酰胺转运的分子机制,曹新旺,安徽医科大学,98,2019-01至2021-12
2018,重大研究计划,A01,501,91845111,B030101,分子筛封装亚纳米过渡金属材料催化CH4资源化利用的理论研究,曹宵鸣,华东理工大学,75,2019-01至2021-12
2018,重大研究计划,A01,502,91853102,B040303,高效、精准的糖蛋白化学标记、质谱鉴定及成像技术开发用于蛋白质糖基化时空动态检测,曹纬倩,复旦大学,60,2019-01至2021-12
2018,重大研究计划,A01,503,91846108,G0116,融合非结构化大数据分析的风险感知评估预警方法与金融监管科技研究,部慧,北京航空航天大学,43,2019-01至2021-12
2018,重大研究计划,A01,504,91856124,B050106,手性配位空间的构筑及性能研究,卜显和,南开大学,75,2019-01至2021-12
2018,重大研究计划,A01,505,91850121,A040406,光场调控二维固体材料产生高次谐波的理论研究,卞学滨,中国科学院武汉物理与数学研究所,80,2019-01至2021-12
2018,重大研究计划,A01,506,91859000,H16,肿瘤演进与诊疗的分子功能可视化研究项目战略调研,卞修武,中国人民解放军第三军医大学,200,2019-01至2019-12
2018,重大研究计划,A01,507,91837311,D0504,青藏高原对流层-平流层大气成分交换过程及其气候效应,卞建春,中国科学院大气物理研究所,413,2019-01至2022-12
2018,重大研究计划,A01,508,91845000,B02,碳基能源转化利用的催化科学战略研究,包信和,中国科学技术大学,100,2019-01至2019-12
2018,重大研究计划,A01,509,91849125,H0902,探索女性对阿尔茨海默病更为易感的机制：聚焦于阿尔茨海默病临床前阶段的内嗅皮层变化,包爱民,浙江大学,50,2019-01至2021-12
2018,重大研究计划,A01,510,91849105,H2501,Hippo/YAP信号通路在血管老化中的作用机制,艾玎,天津医科大学,50,2019-01至2021-12
2018,重大研究计划,A01,511,91851211,D0217,金属还原地杆细菌到巴氏甲烷八叠球古菌种间电子直接传导的分子机理,LIANG,SHI,中国地质大学（武汉）,290,2019-01至2022-12
2018,重大研究计划,A01,512,91854207,C0702,果蝇中ER-Golgi界面的遗传、细胞和分子表征,Jose,Pastor,清华大学,284,2019-01至2022-12
2018,重大研究计划,A01,513,91854113,C0701,内质网驻留蛋白ZDHHC11介导的ATGL棕榈酰化修饰调控脂滴代谢的机制研究,Dante,Neculai,浙江大学,85,2019-01至2021-12
